date,is_known,is_EU,country,duration_sec,analysis_period,trigger_48h,trigger_7d,trigger_1M,date_dt,Δt_hours,anomaly_score
2022-06-09 12:08:53,False,False,Non-EU,0,Baseline (Pre-Audit),False,False,False,2022-06-09 12:08:53,-27611.851944444443,3
2022-06-12 12:37:23,False,False,Non-EU,0,Baseline (Pre-Audit),False,False,False,2022-06-12 12:37:23,-27539.376944444444,3
2022-06-14 12:21:55,False,False,Non-EU,0,Baseline (Pre-Audit),False,False,False,2022-06-14 12:21:55,-27491.63472222222,3
2022-06-14 12:37:12,False,False,Non-EU,0,Baseline (Pre-Audit),False,False,False,2022-06-14 12:37:12,-27491.38,3
2022-06-16 09:51:33,False,False,Non-EU,0,Baseline (Pre-Audit),False,False,False,2022-06-16 09:51:33,-27446.140833333335,3
2022-06-19 12:28:36,False,True,DE,39,Baseline (Pre-Audit),False,False,False,2022-06-19 12:28:36,-27371.523333333334,3
2022-06-19 12:29:59,False,True,DE,11,Baseline (Pre-Audit),False,False,False,2022-06-19 12:29:59,-27371.500277777777,3
2022-06-19 12:30:45,False,True,DE,0,Baseline (Pre-Audit),False,False,False,2022-06-19 12:30:45,-27371.4875,4
2022-06-19 12:32:19,False,True,DE,0,Baseline (Pre-Audit),False,False,False,2022-06-19 12:32:19,-27371.46138888889,4
2022-06-19 12:35:57,False,True,DE,0,Baseline (Pre-Audit),False,False,False,2022-06-19 12:35:57,-27371.400833333333,4
2022-06-19 12:36:49,False,,,1595,Baseline (Pre-Audit),False,False,False,2022-06-19 12:36:49,-27371.386388888888,2
2022-06-19 16:43:07,True,False,Non-EU,0,Baseline (Pre-Audit),False,False,False,2022-06-19 16:43:07,-27367.28138888889,1
2022-06-19 18:08:08,True,False,Non-EU,79,Baseline (Pre-Audit),False,False,False,2022-06-19 18:08:08,-27365.864444444444,0
2022-06-20 13:22:54,True,False,Non-EU,130,Baseline (Pre-Audit),False,False,False,2022-06-20 13:22:54,-27346.618333333332,0
2022-06-20 14:27:40,True,False,Non-EU,0,Baseline (Pre-Audit),False,False,False,2022-06-20 14:27:40,-27345.53888888889,1
2022-06-20 14:31:13,True,False,Non-EU,27,Baseline (Pre-Audit),False,False,False,2022-06-20 14:31:13,-27345.479722222222,0
2022-06-20 14:42:11,True,False,Non-EU,38,Baseline (Pre-Audit),False,False,False,2022-06-20 14:42:11,-27345.296944444446,0
2022-06-20 14:52:33,True,False,Non-EU,63,Baseline (Pre-Audit),False,False,False,2022-06-20 14:52:33,-27345.12416666667,0
2022-06-20 14:59:48,True,False,Non-EU,28,Baseline (Pre-Audit),False,False,False,2022-06-20 14:59:48,-27345.003333333334,0
2022-06-20 15:12:43,True,False,Non-EU,6,Baseline (Pre-Audit),False,False,False,2022-06-20 15:12:43,-27344.788055555557,1
2022-06-20 15:36:45,True,False,Non-EU,86,Baseline (Pre-Audit),False,False,False,2022-06-20 15:36:45,-27344.3875,0
2022-06-20 17:59:50,True,False,Non-EU,45,Baseline (Pre-Audit),False,False,False,2022-06-20 17:59:50,-27342.00277777778,0
2022-06-21 15:30:41,True,False,Non-EU,0,Baseline (Pre-Audit),False,False,False,2022-06-21 15:30:41,-27320.488611111112,1
2022-06-21 16:07:57,True,,,20,Baseline (Pre-Audit),False,False,False,2022-06-21 16:07:57,-27319.8675,0
2022-06-21 19:11:53,True,False,Non-EU,40,Baseline (Pre-Audit),False,False,False,2022-06-21 19:11:53,-27316.801944444444,0
2022-06-21 19:13:27,True,False,Non-EU,11,Baseline (Pre-Audit),False,False,False,2022-06-21 19:13:27,-27316.775833333333,0
2022-06-21 19:13:54,True,False,Non-EU,97,Baseline (Pre-Audit),False,False,False,2022-06-21 19:13:54,-27316.768333333333,0
2022-06-21 20:27:19,True,False,Non-EU,0,Baseline (Pre-Audit),False,False,False,2022-06-21 20:27:19,-27315.54472222222,1
2022-06-23 08:45:53,True,False,Non-EU,82,Baseline (Pre-Audit),False,False,False,2022-06-23 08:45:53,-27279.235277777778,0
2022-06-23 08:53:28,True,False,Non-EU,148,Baseline (Pre-Audit),False,False,False,2022-06-23 08:53:28,-27279.108888888888,0
2022-06-23 09:10:31,True,False,Non-EU,49,Baseline (Pre-Audit),False,False,False,2022-06-23 09:10:31,-27278.824722222223,0
2022-06-23 14:08:05,True,False,Non-EU,45,Baseline (Pre-Audit),False,False,False,2022-06-23 14:08:05,-27273.86527777778,0
2022-06-23 15:19:55,False,False,Non-EU,0,Baseline (Pre-Audit),False,False,False,2022-06-23 15:19:55,-27272.668055555554,3
2022-06-23 15:20:42,True,False,Non-EU,27,Baseline (Pre-Audit),False,False,False,2022-06-23 15:20:42,-27272.655,0
2022-06-23 15:22:26,False,False,Non-EU,419,Baseline (Pre-Audit),False,False,False,2022-06-23 15:22:26,-27272.626111111113,2
2022-06-23 15:33:08,False,,,151,Baseline (Pre-Audit),False,False,False,2022-06-23 15:33:08,-27272.44777777778,2
2022-06-23 15:35:53,False,,,600,Baseline (Pre-Audit),False,False,False,2022-06-23 15:35:53,-27272.401944444446,2
2022-06-23 15:50:48,False,False,Non-EU,0,Baseline (Pre-Audit),False,False,False,2022-06-23 15:50:48,-27272.153333333332,3
2022-06-23 15:55:25,False,False,Non-EU,0,Baseline (Pre-Audit),False,False,False,2022-06-23 15:55:25,-27272.07638888889,3
2022-06-24 08:13:48,True,False,Non-EU,0,Baseline (Pre-Audit),False,False,False,2022-06-24 08:13:48,-27255.77,1
2022-06-24 08:14:31,True,False,Non-EU,143,Baseline (Pre-Audit),False,False,False,2022-06-24 08:14:31,-27255.758055555554,0
2022-06-24 08:19:00,True,False,Non-EU,33,Baseline (Pre-Audit),False,False,False,2022-06-24 08:19:00,-27255.683333333334,0
2022-06-24 09:14:31,True,False,Non-EU,34,Baseline (Pre-Audit),False,False,False,2022-06-24 09:14:31,-27254.758055555554,0
2022-06-25 12:54:10,True,False,Non-EU,0,Baseline (Pre-Audit),False,False,False,2022-06-25 12:54:10,-27227.097222222223,1
2022-06-25 13:03:06,True,False,Non-EU,44,Baseline (Pre-Audit),False,False,False,2022-06-25 13:03:06,-27226.948333333334,0
2022-06-25 18:47:09,True,False,Non-EU,0,Baseline (Pre-Audit),False,False,False,2022-06-25 18:47:09,-27221.21416666667,1
2022-06-25 20:55:20,True,False,Non-EU,16,Baseline (Pre-Audit),False,False,False,2022-06-25 20:55:20,-27219.077777777777,0
2022-06-26 08:43:55,False,,,0,Baseline (Pre-Audit),False,False,False,2022-06-26 08:43:55,-27207.268055555556,3
2022-06-26 08:56:31,False,False,Non-EU,43,Baseline (Pre-Audit),False,False,False,2022-06-26 08:56:31,-27207.058055555557,2
2022-06-26 13:03:31,False,,,236,Baseline (Pre-Audit),False,False,False,2022-06-26 13:03:31,-27202.94138888889,2
2022-06-26 13:32:42,False,,,1873,Baseline (Pre-Audit),False,False,False,2022-06-26 13:32:42,-27202.455,2
2022-06-26 14:03:25,False,,,0,Baseline (Pre-Audit),False,False,False,2022-06-26 14:03:25,-27201.943055555555,3
2022-06-26 14:03:25,False,,,0,Baseline (Pre-Audit),False,False,False,2022-06-26 14:03:25,-27201.943055555555,3
2022-06-26 14:04:51,False,False,Non-EU,0,Baseline (Pre-Audit),False,False,False,2022-06-26 14:04:51,-27201.919166666667,3
2022-06-26 14:05:22,False,False,Non-EU,0,Baseline (Pre-Audit),False,False,False,2022-06-26 14:05:22,-27201.910555555554,3
2022-06-26 14:05:42,False,,,0,Baseline (Pre-Audit),False,False,False,2022-06-26 14:05:42,-27201.905,3
2022-06-26 14:05:56,False,,,0,Baseline (Pre-Audit),False,False,False,2022-06-26 14:05:56,-27201.90111111111,3
2022-06-26 14:06:19,False,False,Non-EU,0,Baseline (Pre-Audit),False,False,False,2022-06-26 14:06:19,-27201.894722222223,3
2022-06-26 14:08:52,False,,,0,Baseline (Pre-Audit),False,False,False,2022-06-26 14:08:52,-27201.852222222224,3
2022-06-26 14:11:57,False,False,Non-EU,119,Baseline (Pre-Audit),False,False,False,2022-06-26 14:11:57,-27201.800833333335,2
2022-06-26 14:19:38,False,,,0,Baseline (Pre-Audit),False,False,False,2022-06-26 14:19:38,-27201.672777777778,3
2022-06-26 14:19:51,False,,,2159,Baseline (Pre-Audit),False,False,False,2022-06-26 14:19:51,-27201.669166666667,2
2022-06-26 14:57:12,False,,,3313,Baseline (Pre-Audit),False,False,False,2022-06-26 14:57:12,-27201.046666666665,2
2022-06-26 15:07:37,True,False,Non-EU,9,Baseline (Pre-Audit),False,False,False,2022-06-26 15:07:37,-27200.873055555556,1
2022-06-26 15:52:39,False,,,1745,Baseline (Pre-Audit),False,False,False,2022-06-26 15:52:39,-27200.1225,2
2022-06-26 16:22:01,False,True,DE,116,Baseline (Pre-Audit),False,False,False,2022-06-26 16:22:01,-27199.633055555554,3
2022-06-26 16:24:11,False,True,DE,0,Baseline (Pre-Audit),False,False,False,2022-06-26 16:24:11,-27199.596944444445,4
2022-06-26 16:25:48,False,True,DE,0,Baseline (Pre-Audit),False,False,False,2022-06-26 16:25:48,-27199.57,4
2022-06-26 16:26:01,False,,,2413,Baseline (Pre-Audit),False,False,False,2022-06-26 16:26:01,-27199.56638888889,2
2022-06-26 17:06:28,False,True,DE,0,Baseline (Pre-Audit),False,False,False,2022-06-26 17:06:28,-27198.89222222222,4
2022-06-27 08:32:45,False,,,108,Baseline (Pre-Audit),False,False,False,2022-06-27 08:32:45,-27183.454166666666,2
2022-06-27 08:34:48,False,,,75,Baseline (Pre-Audit),False,False,False,2022-06-27 08:34:48,-27183.42,2
2022-06-27 09:31:40,False,,,10,Baseline (Pre-Audit),False,False,False,2022-06-27 09:31:40,-27182.472222222223,2
2022-06-27 11:58:23,False,,,73,Baseline (Pre-Audit),False,False,False,2022-06-27 11:58:23,-27180.026944444446,2
2022-06-27 11:59:43,True,False,Non-EU,234,Baseline (Pre-Audit),False,False,False,2022-06-27 11:59:43,-27180.004722222224,0
2022-06-27 12:05:34,False,True,DE,510,Baseline (Pre-Audit),False,False,False,2022-06-27 12:05:34,-27179.907222222224,3
2022-06-27 12:31:31,False,False,Non-EU,154,Baseline (Pre-Audit),False,False,False,2022-06-27 12:31:31,-27179.47472222222,2
2022-06-28 07:40:10,False,True,DE,0,Baseline (Pre-Audit),False,False,False,2022-06-28 07:40:10,-27160.330555555556,4
2022-06-28 07:55:51,False,True,DE,0,Baseline (Pre-Audit),False,False,False,2022-06-28 07:55:51,-27160.069166666668,4
2022-06-28 08:00:16,False,True,DE,973,Baseline (Pre-Audit),False,False,False,2022-06-28 08:00:16,-27159.995555555557,3
2022-06-28 09:40:48,False,False,Non-EU,0,Baseline (Pre-Audit),False,False,False,2022-06-28 09:40:48,-27158.32,3
2022-06-28 09:46:38,False,False,Non-EU,27,Baseline (Pre-Audit),False,False,False,2022-06-28 09:46:38,-27158.222777777777,2
2022-06-28 11:01:30,False,False,Non-EU,56,Baseline (Pre-Audit),False,False,False,2022-06-28 11:01:30,-27156.975,2
2022-06-28 11:07:21,True,False,Non-EU,11,Baseline (Pre-Audit),False,False,False,2022-06-28 11:07:21,-27156.8775,0
2022-06-28 11:12:17,True,False,Non-EU,13,Baseline (Pre-Audit),False,False,False,2022-06-28 11:12:17,-27156.79527777778,0
2022-06-28 11:44:18,True,False,Non-EU,13,Baseline (Pre-Audit),False,False,False,2022-06-28 11:44:18,-27156.261666666665,0
2022-06-28 11:55:20,False,True,DE,77,Baseline (Pre-Audit),False,False,False,2022-06-28 11:55:20,-27156.077777777777,3
2022-06-28 12:03:30,False,,,119,Baseline (Pre-Audit),False,False,False,2022-06-28 12:03:30,-27155.941666666666,2
2022-06-28 12:05:41,False,,,71,Baseline (Pre-Audit),False,False,False,2022-06-28 12:05:41,-27155.905277777776,2
2022-06-28 12:43:10,False,True,DE,2903,Baseline (Pre-Audit),False,False,False,2022-06-28 12:43:10,-27155.280555555557,3
2022-06-28 13:38:39,False,False,Non-EU,28,Baseline (Pre-Audit),False,False,False,2022-06-28 13:38:39,-27154.355833333335,2
2022-06-28 15:03:28,False,False,Non-EU,77,Baseline (Pre-Audit),False,False,False,2022-06-28 15:03:28,-27152.942222222224,2
2022-06-28 15:16:42,True,False,Non-EU,0,Baseline (Pre-Audit),False,False,False,2022-06-28 15:16:42,-27152.721666666668,1
2022-06-28 15:35:40,True,False,Non-EU,106,Baseline (Pre-Audit),False,False,False,2022-06-28 15:35:40,-27152.405555555557,0
2022-06-28 16:27:32,True,False,Non-EU,276,Baseline (Pre-Audit),False,False,False,2022-06-28 16:27:32,-27151.54111111111,0
2022-06-28 16:36:42,True,False,Non-EU,194,Baseline (Pre-Audit),False,False,False,2022-06-28 16:36:42,-27151.388333333332,0
2022-06-28 17:02:33,True,,,38,Baseline (Pre-Audit),False,False,False,2022-06-28 17:02:33,-27150.9575,0
2022-06-28 17:03:05,True,False,Non-EU,10,Baseline (Pre-Audit),False,False,False,2022-06-28 17:03:05,-27150.94861111111,0
2022-06-28 17:05:41,True,False,Non-EU,83,Baseline (Pre-Audit),False,False,False,2022-06-28 17:05:41,-27150.905277777776,0
2022-06-28 17:28:23,True,False,Non-EU,16,Baseline (Pre-Audit),False,False,False,2022-06-28 17:28:23,-27150.526944444446,0
2022-06-28 17:41:05,True,False,Non-EU,0,Baseline (Pre-Audit),False,False,False,2022-06-28 17:41:05,-27150.31527777778,1
2022-06-28 17:41:19,True,False,Non-EU,64,Baseline (Pre-Audit),False,False,False,2022-06-28 17:41:19,-27150.311388888887,0
2022-06-29 10:17:46,True,False,Non-EU,30,Baseline (Pre-Audit),False,False,False,2022-06-29 10:17:46,-27133.70388888889,0
2022-06-29 10:26:01,True,False,Non-EU,205,Baseline (Pre-Audit),False,False,False,2022-06-29 10:26:01,-27133.56638888889,0
2022-06-29 11:28:46,True,False,Non-EU,44,Baseline (Pre-Audit),False,False,False,2022-06-29 11:28:46,-27132.520555555555,0
2022-06-29 11:29:46,True,False,Non-EU,70,Baseline (Pre-Audit),False,False,False,2022-06-29 11:29:46,-27132.50388888889,0
2022-06-29 11:38:49,True,False,Non-EU,0,Baseline (Pre-Audit),False,False,False,2022-06-29 11:38:49,-27132.353055555555,1
2022-06-29 11:39:44,True,False,Non-EU,43,Baseline (Pre-Audit),False,False,False,2022-06-29 11:39:44,-27132.33777777778,0
2022-06-29 15:33:53,True,False,Non-EU,0,Baseline (Pre-Audit),False,False,False,2022-06-29 15:33:53,-27128.43527777778,1
2022-06-29 18:36:35,True,False,Non-EU,0,Baseline (Pre-Audit),False,False,False,2022-06-29 18:36:35,-27125.390277777777,1
2022-06-29 20:45:40,True,False,Non-EU,0,Baseline (Pre-Audit),False,False,False,2022-06-29 20:45:40,-27123.23888888889,1
2022-06-29 21:17:25,True,False,Non-EU,0,Baseline (Pre-Audit),False,False,False,2022-06-29 21:17:25,-27122.709722222222,1
2022-06-29 21:50:15,True,False,Non-EU,0,Baseline (Pre-Audit),False,False,False,2022-06-29 21:50:15,-27122.1625,1
2022-06-29 22:05:05,True,False,Non-EU,39,Baseline (Pre-Audit),False,False,False,2022-06-29 22:05:05,-27121.915277777778,0
2022-06-29 23:27:09,True,False,Non-EU,81,Baseline (Pre-Audit),False,False,False,2022-06-29 23:27:09,-27120.5475,0
2022-06-29 23:52:00,True,False,Non-EU,25,Baseline (Pre-Audit),False,False,False,2022-06-29 23:52:00,-27120.133333333335,0
2022-06-30 03:50:36,True,,,22,Baseline (Pre-Audit),False,False,False,2022-06-30 03:50:36,-27116.156666666666,0
2022-06-30 03:59:38,True,,,32,Baseline (Pre-Audit),False,False,False,2022-06-30 03:59:38,-27116.00611111111,0
2022-06-30 04:08:12,True,False,Non-EU,0,Baseline (Pre-Audit),False,False,False,2022-06-30 04:08:12,-27115.863333333335,1
2022-06-30 04:09:40,True,,,0,Baseline (Pre-Audit),False,False,False,2022-06-30 04:09:40,-27115.838888888888,1
2022-06-30 04:38:54,True,,,61,Baseline (Pre-Audit),False,False,False,2022-06-30 04:38:54,-27115.351666666666,0
2022-06-30 05:01:29,True,,,44,Baseline (Pre-Audit),False,False,False,2022-06-30 05:01:29,-27114.97527777778,0
2022-07-11 07:49:56,False,False,Non-EU,0,Baseline (Pre-Audit),False,False,False,2022-07-11 07:49:56,-26848.167777777777,3
2022-07-13 12:52:51,False,False,Non-EU,0,Baseline (Pre-Audit),False,False,False,2022-07-13 12:52:51,-26795.119166666667,3
2022-07-18 13:29:30,False,False,Non-EU,0,Baseline (Pre-Audit),False,False,False,2022-07-18 13:29:30,-26674.508333333335,3
2022-08-04 13:04:48,False,False,Non-EU,0,Baseline (Pre-Audit),False,False,False,2022-08-04 13:04:48,-26266.92,3
2022-08-04 17:52:10,False,False,Non-EU,0,Baseline (Pre-Audit),False,False,False,2022-08-04 17:52:10,-26262.130555555555,3
2022-08-07 10:23:16,False,False,Non-EU,0,Baseline (Pre-Audit),False,False,False,2022-08-07 10:23:16,-26197.612222222222,3
2022-08-08 11:21:30,False,False,Non-EU,0,Baseline (Pre-Audit),False,False,False,2022-08-08 11:21:30,-26172.641666666666,3
2022-08-17 15:25:43,False,False,Non-EU,0,Baseline (Pre-Audit),False,False,False,2022-08-17 15:25:43,-25952.57138888889,3
2022-08-18 08:00:28,False,False,Non-EU,0,Baseline (Pre-Audit),False,False,False,2022-08-18 08:00:28,-25935.992222222223,3
2022-08-22 21:14:00,True,False,Non-EU,0,Baseline (Pre-Audit),False,False,False,2022-08-22 21:14:00,-25826.766666666666,1
2022-08-25 11:01:40,False,False,Non-EU,0,Baseline (Pre-Audit),False,False,False,2022-08-25 11:01:40,-25764.972222222223,3
2022-08-25 11:01:58,False,False,Non-EU,0,Baseline (Pre-Audit),False,False,False,2022-08-25 11:01:58,-25764.96722222222,3
2022-08-25 11:47:21,False,False,Non-EU,0,Baseline (Pre-Audit),False,False,False,2022-08-25 11:47:21,-25764.210833333334,3
2022-08-25 11:47:34,False,False,Non-EU,0,Baseline (Pre-Audit),False,False,False,2022-08-25 11:47:34,-25764.207222222223,3
2022-08-25 11:48:06,False,False,Non-EU,0,Baseline (Pre-Audit),False,False,False,2022-08-25 11:48:06,-25764.198333333334,3
2022-08-25 12:16:54,True,False,Non-EU,0,Baseline (Pre-Audit),False,False,False,2022-08-25 12:16:54,-25763.718333333334,1
2022-08-25 12:17:13,True,False,Non-EU,0,Baseline (Pre-Audit),False,False,False,2022-08-25 12:17:13,-25763.713055555556,1
2022-08-31 10:16:29,False,False,Non-EU,0,Baseline (Pre-Audit),False,False,False,2022-08-31 10:16:29,-25621.72527777778,3
2022-09-07 13:44:07,False,False,Non-EU,0,Baseline (Pre-Audit),False,False,False,2022-09-07 13:44:07,-25450.264722222222,3
2022-09-11 13:32:51,True,False,Non-EU,0,Baseline (Pre-Audit),False,False,False,2022-09-11 13:32:51,-25354.4525,1
2022-09-11 18:18:28,True,False,Non-EU,0,Baseline (Pre-Audit),False,False,False,2022-09-11 18:18:28,-25349.692222222224,1
2022-09-12 15:00:37,True,False,Non-EU,0,Baseline (Pre-Audit),False,False,False,2022-09-12 15:00:37,-25328.98972222222,1
2022-09-12 19:17:08,True,False,Non-EU,0,Baseline (Pre-Audit),False,False,False,2022-09-12 19:17:08,-25324.714444444446,1
2022-09-15 13:28:43,False,False,Non-EU,0,Baseline (Pre-Audit),False,False,False,2022-09-15 13:28:43,-25258.52138888889,3
2022-12-12 10:40:01,False,False,Non-EU,0,Baseline (Pre-Audit),False,False,False,2022-12-12 10:40:01,-23149.333055555555,3
2023-01-07 13:36:49,False,,,0,Baseline (Pre-Audit),False,False,False,2023-01-07 13:36:49,-22522.386388888888,3
2023-01-11 17:10:59,False,False,Non-EU,0,Baseline (Pre-Audit),False,False,False,2023-01-11 17:10:59,-22422.816944444443,3
2023-01-11 17:11:52,False,False,Non-EU,0,Baseline (Pre-Audit),False,False,False,2023-01-11 17:11:52,-22422.80222222222,3
2023-01-17 14:17:55,False,False,Non-EU,0,Baseline (Pre-Audit),False,False,False,2023-01-17 14:17:55,-22281.70138888889,3
2023-02-08 11:25:35,False,False,Non-EU,0,Baseline (Pre-Audit),False,False,False,2023-02-08 11:25:35,-21756.57361111111,3
2023-02-09 09:35:49,False,False,Non-EU,0,Baseline (Pre-Audit),False,False,False,2023-02-09 09:35:49,-21734.403055555555,3
2023-02-09 09:35:49,False,False,Non-EU,0,Baseline (Pre-Audit),False,False,False,2023-02-09 09:35:49,-21734.403055555555,3
2023-03-02 12:47:52,False,False,Non-EU,0,Baseline (Pre-Audit),False,False,False,2023-03-02 12:47:52,-21227.202222222222,3
2023-03-06 11:33:15,False,False,Non-EU,0,Baseline (Pre-Audit),False,False,False,2023-03-06 11:33:15,-21132.445833333335,3
2023-03-06 16:05:34,False,False,Non-EU,0,Baseline (Pre-Audit),False,False,False,2023-03-06 16:05:34,-21127.907222222224,3
2023-03-23 14:15:03,False,False,Non-EU,0,Baseline (Pre-Audit),False,False,False,2023-03-23 14:15:03,-20721.74916666667,3
2023-03-31 18:53:15,True,False,Non-EU,0,Baseline (Pre-Audit),False,False,False,2023-03-31 18:53:15,-20525.1125,1
2023-04-02 13:53:40,False,False,Non-EU,0,Baseline (Pre-Audit),False,False,False,2023-04-02 13:53:40,-20482.105555555554,3
2023-04-02 13:54:34,False,False,Non-EU,0,Baseline (Pre-Audit),False,False,False,2023-04-02 13:54:34,-20482.090555555555,3
2023-04-03 16:07:30,False,False,Non-EU,0,Baseline (Pre-Audit),False,False,False,2023-04-03 16:07:30,-20455.875,3
2023-04-05 09:09:05,False,False,Non-EU,0,Baseline (Pre-Audit),False,False,False,2023-04-05 09:09:05,-20414.848611111112,3
2023-04-07 11:10:42,False,False,Non-EU,0,Baseline (Pre-Audit),False,False,False,2023-04-07 11:10:42,-20364.821666666667,3
2023-04-19 13:49:48,False,False,Non-EU,0,Baseline (Pre-Audit),False,False,False,2023-04-19 13:49:48,-20074.17,3
2023-04-20 10:02:43,False,False,Non-EU,0,Baseline (Pre-Audit),False,False,False,2023-04-20 10:02:43,-20053.95472222222,3
2023-05-10 10:31:58,False,False,Non-EU,0,Baseline (Pre-Audit),False,False,False,2023-05-10 10:31:58,-19573.46722222222,3
2023-05-11 07:30:54,True,False,Non-EU,0,Baseline (Pre-Audit),False,False,False,2023-05-11 07:30:54,-19552.485,1
2023-05-26 16:16:36,False,True,DE,4,Baseline (Pre-Audit),False,False,False,2023-05-26 16:16:36,-19183.72333333333,4
2023-05-26 16:18:08,False,,,816,Baseline (Pre-Audit),False,False,False,2023-05-26 16:18:08,-19183.69777777778,2
2023-05-26 16:31:49,False,True,DE,415,Baseline (Pre-Audit),False,False,False,2023-05-26 16:31:49,-19183.469722222224,3
2023-10-20 20:48:27,True,True,DE,0,Baseline (Pre-Audit),False,False,False,2023-10-20 20:48:27,-15651.1925,2
2023-11-20 11:55:12,False,False,Non-EU,0,Baseline (Pre-Audit),False,False,False,2023-11-20 11:55:12,-14916.08,3
2023-12-14 12:18:47,False,True,RO,0,Baseline (Pre-Audit),False,False,False,2023-12-14 12:18:47,-14339.686944444444,6
2023-12-30 19:00:01,True,True,DE,0,Baseline (Pre-Audit),False,False,False,2023-12-30 19:00:01,-13948.999722222223,2
2024-01-01 15:26:02,False,False,Non-EU,0,Baseline (Pre-Audit),False,False,False,2024-01-01 15:26:02,-13904.566111111111,3
2024-01-04 16:01:44,False,False,Non-EU,0,Baseline (Pre-Audit),False,False,False,2024-01-04 16:01:44,-13831.971111111112,3
2024-01-14 14:00:14,False,False,Non-EU,0,Baseline (Pre-Audit),False,False,False,2024-01-14 14:00:14,-13593.996111111112,3
2024-02-19 13:42:31,False,False,Non-EU,0,Baseline (Pre-Audit),False,False,False,2024-02-19 13:42:31,-12730.291388888889,3
2024-02-20 09:42:59,False,False,Non-EU,0,Baseline (Pre-Audit),False,False,False,2024-02-20 09:42:59,-12710.283611111112,3
2024-02-21 13:53:12,False,False,Non-EU,0,Baseline (Pre-Audit),False,False,False,2024-02-21 13:53:12,-12682.113333333333,3
2024-03-01 09:56:35,False,,,93,Baseline (Pre-Audit),False,False,False,2024-03-01 09:56:35,-12470.056944444445,2
2024-03-13 14:13:12,False,False,Non-EU,0,Baseline (Pre-Audit),False,False,False,2024-03-13 14:13:12,-12177.78,3
2024-03-16 16:23:40,True,False,Non-EU,44,Baseline (Pre-Audit),False,False,False,2024-03-16 16:23:40,-12103.605555555556,0
2024-03-17 15:22:47,True,False,Non-EU,15,Baseline (Pre-Audit),False,False,False,2024-03-17 15:22:47,-12080.620277777778,0
2024-03-17 18:26:05,True,False,Non-EU,0,Baseline (Pre-Audit),False,False,False,2024-03-17 18:26:05,-12077.565277777778,1
2024-03-18 20:12:41,True,False,Non-EU,59,Baseline (Pre-Audit),False,False,False,2024-03-18 20:12:41,-12051.788611111111,0
2024-03-19 09:10:26,True,False,Non-EU,0,Baseline (Pre-Audit),False,False,False,2024-03-19 09:10:26,-12038.826111111111,1
2024-03-19 09:27:41,True,False,Non-EU,2,Baseline (Pre-Audit),False,False,False,2024-03-19 09:27:41,-12038.538611111111,1
2024-03-19 11:52:35,True,False,Non-EU,2701,Baseline (Pre-Audit),False,False,False,2024-03-19 11:52:35,-12036.12361111111,0
2024-03-19 12:39:02,True,False,Non-EU,201,Baseline (Pre-Audit),False,False,False,2024-03-19 12:39:02,-12035.349444444444,0
2024-03-19 18:04:40,True,False,Non-EU,50,Baseline (Pre-Audit),False,False,False,2024-03-19 18:04:40,-12029.922222222222,0
2024-03-20 11:35:57,True,False,Non-EU,67,Baseline (Pre-Audit),False,False,False,2024-03-20 11:35:57,-12012.400833333333,0
2024-03-20 13:41:24,True,False,Non-EU,0,Baseline (Pre-Audit),False,False,False,2024-03-20 13:41:24,-12010.31,1
2024-03-21 16:26:41,True,False,Non-EU,0,Baseline (Pre-Audit),False,False,False,2024-03-21 16:26:41,-11983.555277777778,1
2024-03-21 17:25:18,True,False,Non-EU,0,Baseline (Pre-Audit),False,False,False,2024-03-21 17:25:18,-11982.578333333333,1
2024-03-22 15:22:07,True,False,Non-EU,0,Baseline (Pre-Audit),False,False,False,2024-03-22 15:22:07,-11960.631388888889,1
2024-03-22 15:22:50,True,False,Non-EU,64,Baseline (Pre-Audit),False,False,False,2024-03-22 15:22:50,-11960.619444444445,0
2024-03-22 15:23:35,True,False,Non-EU,0,Baseline (Pre-Audit),False,False,False,2024-03-22 15:23:35,-11960.606944444444,1
2024-03-22 15:25:04,True,False,Non-EU,0,Baseline (Pre-Audit),False,False,False,2024-03-22 15:25:04,-11960.582222222221,1
2024-03-22 15:25:38,True,False,Non-EU,6,Baseline (Pre-Audit),False,False,False,2024-03-22 15:25:38,-11960.572777777777,1
2024-03-22 15:26:28,True,False,Non-EU,0,Baseline (Pre-Audit),False,False,False,2024-03-22 15:26:28,-11960.558888888889,1
2024-03-22 15:26:50,True,False,Non-EU,0,Baseline (Pre-Audit),False,False,False,2024-03-22 15:26:50,-11960.552777777777,1
2024-03-24 12:13:00,True,False,Non-EU,51,Baseline (Pre-Audit),False,False,False,2024-03-24 12:13:00,-11915.783333333333,0
2024-03-24 21:05:59,True,False,Non-EU,42,Baseline (Pre-Audit),False,False,False,2024-03-24 21:05:59,-11906.900277777779,0
2024-03-25 03:39:24,True,False,Non-EU,0,Baseline (Pre-Audit),False,False,False,2024-03-25 03:39:24,-11900.343333333334,1
2024-03-27 14:29:27,False,False,Non-EU,0,Baseline (Pre-Audit),False,False,False,2024-03-27 14:29:27,-11841.509166666667,3
2024-04-19 18:49:53,True,True,DE,15,Baseline (Pre-Audit),False,False,False,2024-04-19 18:49:53,-11285.16861111111,1
2024-04-26 16:42:16,True,True,DE,18,Baseline (Pre-Audit),False,False,False,2024-04-26 16:42:16,-11119.295555555556,1
2024-04-26 20:09:50,True,True,DE,0,Baseline (Pre-Audit),False,False,False,2024-04-26 20:09:50,-11115.836111111112,2
2024-04-26 21:05:17,True,True,DE,0,Baseline (Pre-Audit),False,False,False,2024-04-26 21:05:17,-11114.911944444444,2
2024-04-27 11:43:12,True,True,DE,0,Baseline (Pre-Audit),False,False,False,2024-04-27 11:43:12,-11100.28,2
2024-04-27 11:52:13,True,True,DE,53,Baseline (Pre-Audit),False,False,False,2024-04-27 11:52:13,-11100.129722222222,1
2024-04-27 12:54:06,True,True,DE,37,Baseline (Pre-Audit),False,False,False,2024-04-27 12:54:06,-11099.098333333333,1
2024-04-27 13:25:08,True,True,DE,44,Baseline (Pre-Audit),False,False,False,2024-04-27 13:25:08,-11098.58111111111,1
2024-04-27 14:23:19,False,True,DE,32,Baseline (Pre-Audit),False,False,False,2024-04-27 14:23:19,-11097.611388888889,3
2024-04-27 19:31:00,True,True,DE,10,Baseline (Pre-Audit),False,False,False,2024-04-27 19:31:00,-11092.483333333334,1
2024-04-28 19:11:33,True,True,DE,34,Baseline (Pre-Audit),False,False,False,2024-04-28 19:11:33,-11068.8075,1
2024-04-29 17:24:59,True,True,DE,17,Baseline (Pre-Audit),False,False,False,2024-04-29 17:24:59,-11046.583611111111,1
2024-04-30 11:51:43,False,,,0,Baseline (Pre-Audit),False,False,False,2024-04-30 11:51:43,-11028.138055555555,3
2024-04-30 13:31:38,False,,,479,Baseline (Pre-Audit),False,False,False,2024-04-30 13:31:38,-11026.472777777777,2
2024-05-02 19:38:55,True,True,DE,0,Baseline (Pre-Audit),False,False,False,2024-05-02 19:38:55,-10972.351388888888,2
2024-05-03 14:03:21,True,True,DE,0,Baseline (Pre-Audit),False,False,False,2024-05-03 14:03:21,-10953.944166666666,2
2024-05-03 14:04:51,True,True,DE,0,Baseline (Pre-Audit),False,False,False,2024-05-03 14:04:51,-10953.919166666667,2
2024-05-03 14:12:54,True,True,DE,0,Baseline (Pre-Audit),False,False,False,2024-05-03 14:12:54,-10953.785,2
2024-05-03 14:53:36,True,True,DE,0,Baseline (Pre-Audit),False,False,False,2024-05-03 14:53:36,-10953.106666666667,2
2024-05-03 14:57:00,True,True,DE,36,Baseline (Pre-Audit),False,False,False,2024-05-03 14:57:00,-10953.05,1
2024-05-04 15:28:33,True,True,DE,10,Baseline (Pre-Audit),False,False,False,2024-05-04 15:28:33,-10928.524166666666,1
2024-05-04 20:24:39,True,True,DE,13,Baseline (Pre-Audit),False,False,False,2024-05-04 20:24:39,-10923.589166666667,1
2024-05-04 21:59:22,True,True,DE,0,Baseline (Pre-Audit),False,False,False,2024-05-04 21:59:22,-10922.010555555555,2
2024-05-05 10:00:15,True,True,DE,0,Baseline (Pre-Audit),False,False,False,2024-05-05 10:00:15,-10909.995833333332,2
2024-05-12 14:55:14,True,True,DE,0,Baseline (Pre-Audit),False,False,False,2024-05-12 14:55:14,-10737.079444444444,2
2024-05-12 14:55:57,True,True,DE,10,Baseline (Pre-Audit),False,False,False,2024-05-12 14:55:57,-10737.0675,1
2024-05-12 14:56:43,True,True,DE,0,Baseline (Pre-Audit),False,False,False,2024-05-12 14:56:43,-10737.054722222223,2
2024-05-14 13:03:34,False,True,DE,0,Baseline (Pre-Audit),False,False,False,2024-05-14 13:03:34,-10690.940555555555,4
2024-05-14 13:59:07,False,True,DE,20,Baseline (Pre-Audit),False,False,False,2024-05-14 13:59:07,-10690.014722222222,3
2024-05-14 14:00:46,False,False,Non-EU,7,Baseline (Pre-Audit),False,False,False,2024-05-14 14:00:46,-10689.987222222222,3
2024-05-16 17:27:39,True,True,DE,0,Baseline (Pre-Audit),False,False,False,2024-05-16 17:27:39,-10638.539166666667,2
2024-05-16 17:31:27,True,True,DE,360,Baseline (Pre-Audit),False,False,False,2024-05-16 17:31:27,-10638.475833333334,1
2024-05-16 19:34:12,True,True,DE,8,Baseline (Pre-Audit),False,False,False,2024-05-16 19:34:12,-10636.43,2
2024-05-17 13:07:39,True,True,DE,0,Baseline (Pre-Audit),False,False,False,2024-05-17 13:07:39,-10618.8725,2
2024-05-17 13:08:33,True,True,DE,0,Baseline (Pre-Audit),False,False,False,2024-05-17 13:08:33,-10618.8575,2
2024-05-17 13:24:19,True,True,DE,131,Baseline (Pre-Audit),False,False,False,2024-05-17 13:24:19,-10618.594722222222,1
2024-05-22 10:49:54,True,True,DE,0,Baseline (Pre-Audit),False,False,False,2024-05-22 10:49:54,-10501.168333333333,2
2024-05-25 11:47:58,True,True,DE,11,Baseline (Pre-Audit),False,False,False,2024-05-25 11:47:58,-10428.200555555555,1
2024-05-27 18:35:59,True,True,DE,816,Baseline (Pre-Audit),False,False,False,2024-05-27 18:35:59,-10373.400277777779,1
2024-05-28 16:59:24,True,True,DE,52,Baseline (Pre-Audit),False,False,False,2024-05-28 16:59:24,-10351.01,1
2024-05-29 13:13:05,False,False,Non-EU,0,Baseline (Pre-Audit),False,False,False,2024-05-29 13:13:05,-10330.781944444445,3
2024-05-29 18:02:15,True,True,DE,565,Baseline (Pre-Audit),False,False,False,2024-05-29 18:02:15,-10325.9625,1
2024-05-30 12:10:17,True,True,DE,0,Baseline (Pre-Audit),False,False,False,2024-05-30 12:10:17,-10307.828611111112,2
2024-05-30 12:45:51,True,True,DE,52,Baseline (Pre-Audit),False,False,False,2024-05-30 12:45:51,-10307.235833333334,1
2024-05-31 11:12:52,False,True,DE,5,Baseline (Pre-Audit),False,False,False,2024-05-31 11:12:52,-10284.785555555556,4
2024-05-31 11:19:34,True,True,DE,68,Baseline (Pre-Audit),False,False,False,2024-05-31 11:19:34,-10284.673888888889,1
2024-05-31 12:17:11,True,True,DE,27,Baseline (Pre-Audit),False,False,False,2024-05-31 12:17:11,-10283.71361111111,1
2024-05-31 18:01:05,True,True,DE,13,Baseline (Pre-Audit),False,False,False,2024-05-31 18:01:05,-10277.981944444444,1
2024-06-02 15:46:38,False,True,DE,0,Baseline (Pre-Audit),False,False,False,2024-06-02 15:46:38,-10232.222777777777,4
2024-06-02 18:55:26,True,True,DE,51,Baseline (Pre-Audit),False,False,False,2024-06-02 18:55:26,-10229.076111111111,1
2024-06-02 19:12:26,True,True,DE,76,Baseline (Pre-Audit),False,False,False,2024-06-02 19:12:26,-10228.792777777779,1
2024-06-03 15:48:34,False,False,Non-EU,0,Baseline (Pre-Audit),False,False,False,2024-06-03 15:48:34,-10208.190555555555,3
2024-06-04 09:02:30,False,True,DE,30,Baseline (Pre-Audit),False,False,False,2024-06-04 09:02:30,-10190.958333333334,3
2024-06-06 21:15:22,True,True,DE,0,Baseline (Pre-Audit),False,False,False,2024-06-06 21:15:22,-10130.743888888888,2
2024-06-07 18:26:08,False,False,Non-EU,8,Baseline (Pre-Audit),False,False,False,2024-06-07 18:26:08,-10109.564444444444,3
2024-06-08 15:07:49,True,True,DE,7,Baseline (Pre-Audit),False,False,False,2024-06-08 15:07:49,-10088.869722222222,2
2024-06-08 21:29:29,True,True,DE,13,Baseline (Pre-Audit),False,False,False,2024-06-08 21:29:29,-10082.50861111111,1
2024-06-10 21:29:33,True,True,DE,10,Baseline (Pre-Audit),False,False,False,2024-06-10 21:29:33,-10034.5075,1
2024-06-14 08:36:33,True,True,DE,0,Baseline (Pre-Audit),False,False,False,2024-06-14 08:36:33,-9951.390833333333,2
2024-06-14 20:25:28,True,True,DE,12,Baseline (Pre-Audit),False,False,False,2024-06-14 20:25:28,-9939.575555555555,1
2024-06-14 22:08:20,True,True,DE,0,Baseline (Pre-Audit),False,False,False,2024-06-14 22:08:20,-9937.861111111111,2
2024-06-14 22:10:36,True,True,DE,297,Baseline (Pre-Audit),False,False,False,2024-06-14 22:10:36,-9937.823333333334,1
2024-06-15 09:09:02,True,True,DE,44,Baseline (Pre-Audit),False,False,False,2024-06-15 09:09:02,-9926.849444444444,1
2024-06-15 10:03:21,True,True,DE,11,Baseline (Pre-Audit),False,False,False,2024-06-15 10:03:21,-9925.944166666666,1
2024-06-15 20:44:43,True,True,DE,0,Baseline (Pre-Audit),False,False,False,2024-06-15 20:44:43,-9915.254722222222,2
2024-06-15 20:45:49,True,True,DE,6,Baseline (Pre-Audit),False,False,False,2024-06-15 20:45:49,-9915.236388888889,2
2024-06-17 10:12:13,True,True,DE,26,Baseline (Pre-Audit),False,False,False,2024-06-17 10:12:13,-9877.796388888888,1
2024-06-21 08:55:17,False,,,0,Baseline (Pre-Audit),False,False,False,2024-06-21 08:55:17,-9783.078611111112,3
2024-06-21 12:13:20,False,,,0,Baseline (Pre-Audit),False,False,False,2024-06-21 12:13:20,-9779.777777777777,3
2024-06-21 14:25:10,False,,,89,Baseline (Pre-Audit),False,False,False,2024-06-21 14:25:10,-9777.580555555556,2
2024-06-24 14:44:41,True,True,DE,66,Baseline (Pre-Audit),False,False,False,2024-06-24 14:44:41,-9705.255277777778,1
2024-06-25 00:03:17,True,True,DE,20,Baseline (Pre-Audit),False,False,False,2024-06-25 00:03:17,-9695.945277777777,1
2024-06-25 17:39:47,True,True,DE,0,Baseline (Pre-Audit),False,False,False,2024-06-25 17:39:47,-9678.336944444445,2
2024-06-25 19:18:45,True,True,DE,97,Baseline (Pre-Audit),False,False,False,2024-06-25 19:18:45,-9676.6875,1
2024-06-25 21:17:24,True,True,DE,28,Baseline (Pre-Audit),False,False,False,2024-06-25 21:17:24,-9674.71,1
2024-06-26 16:25:31,True,True,DE,33,Baseline (Pre-Audit),False,False,False,2024-06-26 16:25:31,-9655.574722222222,1
2024-06-27 19:45:34,True,True,DE,33,Baseline (Pre-Audit),False,False,False,2024-06-27 19:45:34,-9628.240555555556,1
2024-06-27 20:56:26,True,True,DE,158,Baseline (Pre-Audit),False,False,False,2024-06-27 20:56:26,-9627.059444444445,1
2024-06-27 21:00:42,True,True,DE,48,Baseline (Pre-Audit),False,False,False,2024-06-27 21:00:42,-9626.988333333333,1
2024-06-28 17:17:19,True,True,DE,7,Baseline (Pre-Audit),False,False,False,2024-06-28 17:17:19,-9606.711388888889,2
2024-06-29 07:27:10,True,True,DE,28,Baseline (Pre-Audit),False,False,False,2024-06-29 07:27:10,-9592.547222222222,1
2024-06-29 07:29:25,True,True,DE,15,Baseline (Pre-Audit),False,False,False,2024-06-29 07:29:25,-9592.509722222223,1
2024-06-29 15:55:09,True,True,DE,0,Baseline (Pre-Audit),False,False,False,2024-06-29 15:55:09,-9584.080833333333,2
2024-06-29 15:55:35,True,True,DE,0,Baseline (Pre-Audit),False,False,False,2024-06-29 15:55:35,-9584.073611111111,2
2024-06-29 15:55:43,True,True,DE,0,Baseline (Pre-Audit),False,False,False,2024-06-29 15:55:43,-9584.07138888889,2
2024-06-29 16:02:33,True,True,DE,0,Baseline (Pre-Audit),False,False,False,2024-06-29 16:02:33,-9583.9575,2
2024-06-29 16:05:11,True,True,DE,0,Baseline (Pre-Audit),False,False,False,2024-06-29 16:05:11,-9583.913611111111,2
2024-06-29 16:07:00,True,True,DE,0,Baseline (Pre-Audit),False,False,False,2024-06-29 16:07:00,-9583.883333333333,2
2024-06-29 16:20:57,True,True,DE,15,Baseline (Pre-Audit),False,False,False,2024-06-29 16:20:57,-9583.650833333333,1
2024-06-29 16:21:36,True,True,DE,7,Baseline (Pre-Audit),False,False,False,2024-06-29 16:21:36,-9583.64,2
2024-06-29 16:21:38,True,True,DE,0,Baseline (Pre-Audit),False,False,False,2024-06-29 16:21:38,-9583.639444444445,2
2024-06-29 16:21:54,True,True,DE,0,Baseline (Pre-Audit),False,False,False,2024-06-29 16:21:54,-9583.635,2
2024-06-29 16:22:22,True,True,DE,0,Baseline (Pre-Audit),False,False,False,2024-06-29 16:22:22,-9583.627222222221,2
2024-06-29 16:22:52,True,True,DE,117,Baseline (Pre-Audit),False,False,False,2024-06-29 16:22:52,-9583.618888888888,1
2024-06-29 16:53:20,True,True,DE,32,Baseline (Pre-Audit),False,False,False,2024-06-29 16:53:20,-9583.111111111111,1
2024-06-29 22:24:02,True,True,DE,17,Baseline (Pre-Audit),False,False,False,2024-06-29 22:24:02,-9577.599444444444,1
2024-06-30 20:59:59,True,True,DE,0,Baseline (Pre-Audit),False,False,False,2024-06-30 20:59:59,-9555.000277777777,2
2024-06-30 21:07:33,True,True,DE,92,Baseline (Pre-Audit),False,False,False,2024-06-30 21:07:33,-9554.874166666666,1
2024-06-30 21:30:13,True,True,DE,5,Baseline (Pre-Audit),False,False,False,2024-06-30 21:30:13,-9554.496388888889,2
2024-07-01 15:44:17,True,True,DE,27,Baseline (Pre-Audit),False,False,False,2024-07-01 15:44:17,-9536.261944444444,1
2024-07-01 16:24:40,True,True,DE,52,Baseline (Pre-Audit),False,False,False,2024-07-01 16:24:40,-9535.58888888889,1
2024-07-01 17:49:25,True,True,DE,2,Baseline (Pre-Audit),False,False,False,2024-07-01 17:49:25,-9534.176388888889,2
2024-07-01 17:50:00,True,True,DE,16,Baseline (Pre-Audit),False,False,False,2024-07-01 17:50:00,-9534.166666666666,1
2024-07-01 18:21:08,True,True,DE,0,Baseline (Pre-Audit),False,False,False,2024-07-01 18:21:08,-9533.647777777778,2
2024-07-01 19:30:48,False,False,Non-EU,0,Baseline (Pre-Audit),False,False,False,2024-07-01 19:30:48,-9532.486666666666,3
2024-07-01 19:56:41,True,True,DE,0,Baseline (Pre-Audit),False,False,False,2024-07-01 19:56:41,-9532.055277777778,2
2024-07-01 20:05:49,True,True,DE,22,Baseline (Pre-Audit),False,False,False,2024-07-01 20:05:49,-9531.903055555556,1
2024-07-03 12:29:25,False,False,Non-EU,0,Baseline (Pre-Audit),False,False,False,2024-07-03 12:29:25,-9491.509722222223,3
2024-07-03 18:29:12,True,True,DE,38,Baseline (Pre-Audit),False,False,False,2024-07-03 18:29:12,-9485.513333333334,1
2024-07-04 13:14:03,True,True,DE,2,Baseline (Pre-Audit),False,False,False,2024-07-04 13:14:03,-9466.765833333333,2
2024-07-04 14:08:02,True,True,DE,3356,Baseline (Pre-Audit),False,False,False,2024-07-04 14:08:02,-9465.86611111111,1
2024-07-04 17:11:08,True,True,DE,0,Baseline (Pre-Audit),False,False,False,2024-07-04 17:11:08,-9462.814444444444,2
2024-07-04 17:11:15,True,True,DE,24,Baseline (Pre-Audit),False,False,False,2024-07-04 17:11:15,-9462.8125,1
2024-07-05 20:14:37,True,True,DE,84,Baseline (Pre-Audit),False,False,False,2024-07-05 20:14:37,-9435.756388888889,1
2024-07-05 20:16:30,True,True,DE,69,Baseline (Pre-Audit),False,False,False,2024-07-05 20:16:30,-9435.725,1
2024-07-05 20:22:20,True,True,DE,18,Baseline (Pre-Audit),False,False,False,2024-07-05 20:22:20,-9435.627777777778,1
2024-07-06 12:54:05,True,True,DE,408,Baseline (Pre-Audit),False,False,False,2024-07-06 12:54:05,-9419.09861111111,1
2024-07-07 14:40:20,True,True,DE,28,Baseline (Pre-Audit),False,False,False,2024-07-07 14:40:20,-9393.327777777778,1
2024-07-08 17:50:23,True,True,DE,129,Baseline (Pre-Audit),False,False,False,2024-07-08 17:50:23,-9366.160277777777,1
2024-07-08 17:54:40,True,True,DE,24,Baseline (Pre-Audit),False,False,False,2024-07-08 17:54:40,-9366.08888888889,1
2024-07-11 10:59:49,True,True,DE,41,Baseline (Pre-Audit),False,False,False,2024-07-11 10:59:49,-9301.003055555555,1
2024-07-11 12:54:50,True,True,DE,8,Baseline (Pre-Audit),False,False,False,2024-07-11 12:54:50,-9299.086111111112,2
2024-07-11 14:54:19,True,True,DE,284,Baseline (Pre-Audit),False,False,False,2024-07-11 14:54:19,-9297.094722222222,1
2024-07-11 16:42:45,True,True,DE,19,Baseline (Pre-Audit),False,False,False,2024-07-11 16:42:45,-9295.2875,1
2024-07-11 16:52:37,True,True,DE,88,Baseline (Pre-Audit),False,False,False,2024-07-11 16:52:37,-9295.123055555556,1
2024-07-12 11:47:01,True,True,DE,5,Baseline (Pre-Audit),False,False,False,2024-07-12 11:47:01,-9276.216388888888,2
2024-07-12 11:50:46,True,True,DE,0,Baseline (Pre-Audit),False,False,False,2024-07-12 11:50:46,-9276.153888888888,2
2024-07-12 11:50:58,True,True,DE,11,Baseline (Pre-Audit),False,False,False,2024-07-12 11:50:58,-9276.150555555556,1
2024-07-13 14:27:54,True,True,DE,80,Baseline (Pre-Audit),False,False,False,2024-07-13 14:27:54,-9249.535,1
2024-07-13 14:34:15,True,True,DE,36,Baseline (Pre-Audit),False,False,False,2024-07-13 14:34:15,-9249.429166666667,1
2024-07-13 15:13:18,True,True,DE,22,Baseline (Pre-Audit),False,False,False,2024-07-13 15:13:18,-9248.778333333334,1
2024-07-14 11:20:37,True,True,DE,0,Baseline (Pre-Audit),False,False,False,2024-07-14 11:20:37,-9228.656388888889,2
2024-07-14 11:34:54,True,True,DE,0,Baseline (Pre-Audit),False,False,False,2024-07-14 11:34:54,-9228.418333333333,2
2024-07-14 11:35:51,True,True,DE,21,Baseline (Pre-Audit),False,False,False,2024-07-14 11:35:51,-9228.4025,1
2024-07-14 14:13:38,True,True,DE,0,Baseline (Pre-Audit),False,False,False,2024-07-14 14:13:38,-9225.772777777778,2
2024-07-14 14:19:26,True,True,DE,15,Baseline (Pre-Audit),False,False,False,2024-07-14 14:19:26,-9225.676111111112,1
2024-07-14 14:19:56,True,True,DE,241,Baseline (Pre-Audit),False,False,False,2024-07-14 14:19:56,-9225.667777777779,1
2024-07-14 15:07:50,True,True,DE,18,Baseline (Pre-Audit),False,False,False,2024-07-14 15:07:50,-9224.869444444445,1
2024-07-14 16:15:53,True,True,DE,35,Baseline (Pre-Audit),False,False,False,2024-07-14 16:15:53,-9223.735277777778,1
2024-07-14 17:16:51,True,True,DE,20,Baseline (Pre-Audit),False,False,False,2024-07-14 17:16:51,-9222.719166666666,1
2024-07-15 16:03:01,False,True,DE,36,Baseline (Pre-Audit),False,False,False,2024-07-15 16:03:01,-9199.949722222222,3
2024-07-16 17:49:28,True,True,DE,38,Baseline (Pre-Audit),False,False,False,2024-07-16 17:49:28,-9174.175555555556,1
2024-07-16 17:59:31,True,True,DE,1,Baseline (Pre-Audit),False,False,False,2024-07-16 17:59:31,-9174.008055555556,2
2024-07-17 16:46:01,True,True,DE,12,Baseline (Pre-Audit),False,False,False,2024-07-17 16:46:01,-9151.233055555556,1
2024-07-18 12:37:08,True,True,DE,26,Baseline (Pre-Audit),False,False,False,2024-07-18 12:37:08,-9131.381111111112,1
2024-07-18 13:08:52,True,True,DE,0,Baseline (Pre-Audit),False,False,False,2024-07-18 13:08:52,-9130.852222222222,2
2024-07-18 13:14:33,True,True,DE,4,Baseline (Pre-Audit),False,False,False,2024-07-18 13:14:33,-9130.7575,2
2024-07-18 13:15:04,True,True,DE,99,Baseline (Pre-Audit),False,False,False,2024-07-18 13:15:04,-9130.74888888889,1
2024-07-18 13:16:59,True,True,DE,13,Baseline (Pre-Audit),False,False,False,2024-07-18 13:16:59,-9130.716944444444,1
2024-07-18 13:18:37,True,True,DE,15,Baseline (Pre-Audit),False,False,False,2024-07-18 13:18:37,-9130.689722222221,1
2024-07-18 13:25:52,True,True,DE,0,Baseline (Pre-Audit),False,False,False,2024-07-18 13:25:52,-9130.568888888889,2
2024-07-18 13:33:51,True,True,DE,0,Baseline (Pre-Audit),False,False,False,2024-07-18 13:33:51,-9130.435833333333,2
2024-07-18 13:37:41,True,True,DE,28,Baseline (Pre-Audit),False,False,False,2024-07-18 13:37:41,-9130.371944444445,1
2024-07-18 13:48:10,True,True,DE,4,Baseline (Pre-Audit),False,False,False,2024-07-18 13:48:10,-9130.197222222223,2
2024-07-18 13:50:08,True,True,DE,2,Baseline (Pre-Audit),False,False,False,2024-07-18 13:50:08,-9130.164444444445,2
2024-07-18 13:51:19,True,True,DE,46,Baseline (Pre-Audit),False,False,False,2024-07-18 13:51:19,-9130.144722222221,1
2024-07-18 13:55:09,True,True,DE,20,Baseline (Pre-Audit),False,False,False,2024-07-18 13:55:09,-9130.080833333333,1
2024-07-18 18:11:08,True,True,DE,2,Baseline (Pre-Audit),False,False,False,2024-07-18 18:11:08,-9125.814444444444,2
2024-07-18 18:32:14,True,True,DE,16,Baseline (Pre-Audit),False,False,False,2024-07-18 18:32:14,-9125.462777777779,1
2024-07-18 20:23:54,True,True,DE,8,Baseline (Pre-Audit),False,False,False,2024-07-18 20:23:54,-9123.601666666667,2
2024-07-18 21:46:26,True,True,DE,0,Baseline (Pre-Audit),False,False,False,2024-07-18 21:46:26,-9122.226111111111,2
2024-07-20 11:19:06,True,True,DE,0,Baseline (Pre-Audit),False,False,False,2024-07-20 11:19:06,-9084.681666666667,2
2024-07-29 16:37:04,True,True,DE,14,Baseline (Pre-Audit),False,False,False,2024-07-29 16:37:04,-8863.382222222222,1
2024-07-29 18:57:34,True,True,DE,79,Baseline (Pre-Audit),False,False,False,2024-07-29 18:57:34,-8861.040555555555,1
2024-07-29 19:10:33,True,True,DE,150,Baseline (Pre-Audit),False,False,False,2024-07-29 19:10:33,-8860.824166666667,1
2024-07-31 13:21:20,False,False,Non-EU,0,Baseline (Pre-Audit),False,False,False,2024-07-31 13:21:20,-8818.644444444444,3
2024-07-31 18:52:01,True,True,DE,0,Baseline (Pre-Audit),False,False,False,2024-07-31 18:52:01,-8813.133055555556,2
2024-08-03 09:29:44,True,True,DE,0,Baseline (Pre-Audit),False,False,False,2024-08-03 09:29:44,-8750.504444444445,2
2024-08-03 09:45:55,True,True,DE,16,Baseline (Pre-Audit),False,False,False,2024-08-03 09:45:55,-8750.234722222222,1
2024-08-03 12:12:49,True,True,DE,0,Baseline (Pre-Audit),False,False,False,2024-08-03 12:12:49,-8747.78638888889,2
2024-08-12 14:55:13,True,True,DE,10,Baseline (Pre-Audit),False,False,False,2024-08-12 14:55:13,-8529.079722222223,1
2024-08-16 12:25:47,True,True,DE,25,Baseline (Pre-Audit),False,False,False,2024-08-16 12:25:47,-8435.570277777777,1
2024-08-16 20:33:47,True,True,DE,8,Baseline (Pre-Audit),False,False,False,2024-08-16 20:33:47,-8427.436944444444,2
2024-08-19 10:51:34,False,True,DE,0,Baseline (Pre-Audit),False,False,False,2024-08-19 10:51:34,-8365.140555555556,4
2024-08-19 10:52:20,False,True,DE,0,Baseline (Pre-Audit),False,False,False,2024-08-19 10:52:20,-8365.127777777778,4
2024-08-19 10:53:06,False,,,0,Baseline (Pre-Audit),False,False,False,2024-08-19 10:53:06,-8365.115,3
2024-08-19 13:30:07,False,True,DE,20,Baseline (Pre-Audit),False,False,False,2024-08-19 13:30:07,-8362.498055555556,3
2024-08-19 15:20:17,False,True,DE,2081,Baseline (Pre-Audit),False,False,False,2024-08-19 15:20:17,-8360.661944444444,3
2024-08-27 11:55:45,True,True,DE,757,Baseline (Pre-Audit),False,False,False,2024-08-27 11:55:45,-8172.070833333333,1
2024-08-28 17:23:23,True,True,DE,25,Baseline (Pre-Audit),False,False,False,2024-08-28 17:23:23,-8142.610277777778,1
2024-08-29 15:34:14,False,True,DE,0,Baseline (Pre-Audit),False,False,False,2024-08-29 15:34:14,-8120.429444444444,4
2024-08-30 13:31:34,True,True,DE,1,Baseline (Pre-Audit),False,False,False,2024-08-30 13:31:34,-8098.473888888889,2
2024-08-30 14:13:18,False,True,DE,132,Baseline (Pre-Audit),False,False,False,2024-08-30 14:13:18,-8097.778333333334,3
2024-08-30 17:21:11,True,True,DE,0,Baseline (Pre-Audit),False,False,False,2024-08-30 17:21:11,-8094.646944444445,2
2024-08-30 19:10:14,True,True,DE,3,Baseline (Pre-Audit),False,False,False,2024-08-30 19:10:14,-8092.829444444445,2
2024-08-30 19:22:55,True,True,DE,36,Baseline (Pre-Audit),False,False,False,2024-08-30 19:22:55,-8092.618055555556,1
2024-08-31 11:32:40,True,True,DE,0,Baseline (Pre-Audit),False,False,False,2024-08-31 11:32:40,-8076.455555555555,2
2024-08-31 11:36:55,True,True,DE,40,Baseline (Pre-Audit),False,False,False,2024-08-31 11:36:55,-8076.384722222222,1
2024-08-31 11:58:02,True,True,DE,16,Baseline (Pre-Audit),False,False,False,2024-08-31 11:58:02,-8076.0327777777775,1
2024-08-31 11:59:28,True,True,DE,6,Baseline (Pre-Audit),False,False,False,2024-08-31 11:59:28,-8076.008888888889,2
2024-08-31 13:44:28,True,True,DE,0,Baseline (Pre-Audit),False,False,False,2024-08-31 13:44:28,-8074.258888888889,2
2024-08-31 13:44:35,True,True,DE,98,Baseline (Pre-Audit),False,False,False,2024-08-31 13:44:35,-8074.256944444444,1
2024-08-31 13:56:30,True,False,Non-EU,0,Baseline (Pre-Audit),False,False,False,2024-08-31 13:56:30,-8074.058333333333,1
2024-08-31 13:57:22,True,True,DE,88,Baseline (Pre-Audit),False,False,False,2024-08-31 13:57:22,-8074.043888888889,1
2024-09-01 11:45:51,True,True,DE,46,Baseline (Pre-Audit),False,False,False,2024-09-01 11:45:51,-8052.235833333333,1
2024-09-02 08:59:34,False,True,DE,0,Baseline (Pre-Audit),False,False,False,2024-09-02 08:59:34,-8031.0072222222225,4
2024-09-02 11:08:58,True,True,DE,2,Baseline (Pre-Audit),False,False,False,2024-09-02 11:08:58,-8028.850555555556,2
2024-09-02 11:25:32,True,True,DE,2,Baseline (Pre-Audit),False,False,False,2024-09-02 11:25:32,-8028.574444444444,2
2024-09-03 10:26:04,False,True,DE,59,Baseline (Pre-Audit),False,False,False,2024-09-03 10:26:04,-8005.565555555556,3
2024-09-04 08:12:39,False,True,DE,1983,Baseline (Pre-Audit),False,False,False,2024-09-04 08:12:39,-7983.7891666666665,3
2024-09-04 14:38:17,False,True,DE,0,Baseline (Pre-Audit),False,False,False,2024-09-04 14:38:17,-7977.361944444445,4
2024-09-04 14:39:24,False,True,DE,0,Baseline (Pre-Audit),False,False,False,2024-09-04 14:39:24,-7977.343333333333,4
2024-09-04 15:29:45,False,True,DE,49,Baseline (Pre-Audit),False,False,False,2024-09-04 15:29:45,-7976.504166666667,3
2024-09-05 10:46:21,False,True,DE,32,Baseline (Pre-Audit),False,False,False,2024-09-05 10:46:21,-7957.2275,3
2024-09-05 10:47:04,False,True,DE,26,Baseline (Pre-Audit),False,False,False,2024-09-05 10:47:04,-7957.2155555555555,3
2024-09-05 12:28:19,False,True,DE,618,Baseline (Pre-Audit),False,False,False,2024-09-05 12:28:19,-7955.5280555555555,3
2024-09-05 12:44:15,False,True,DE,45,Baseline (Pre-Audit),False,False,False,2024-09-05 12:44:15,-7955.2625,3
2024-09-07 12:51:21,True,True,DE,22,Baseline (Pre-Audit),False,False,False,2024-09-07 12:51:21,-7907.144166666667,1
2024-09-07 12:53:31,True,True,DE,28,Baseline (Pre-Audit),False,False,False,2024-09-07 12:53:31,-7907.108055555555,1
2024-09-07 13:55:51,True,True,DE,15,Baseline (Pre-Audit),False,False,False,2024-09-07 13:55:51,-7906.069166666667,1
2024-09-07 18:10:07,True,True,DE,0,Baseline (Pre-Audit),False,False,False,2024-09-07 18:10:07,-7901.831388888889,2
2024-09-07 18:12:01,True,True,DE,4,Baseline (Pre-Audit),False,False,False,2024-09-07 18:12:01,-7901.799722222222,2
2024-09-08 11:51:02,True,True,DE,0,Baseline (Pre-Audit),False,False,False,2024-09-08 11:51:02,-7884.149444444444,2
2024-09-08 12:18:19,True,True,DE,52,Baseline (Pre-Audit),False,False,False,2024-09-08 12:18:19,-7883.6947222222225,1
2024-09-08 14:41:49,True,True,DE,11,Baseline (Pre-Audit),False,False,False,2024-09-08 14:41:49,-7881.303055555555,1
2024-09-09 13:24:17,False,True,DE,332,Baseline (Pre-Audit),False,False,False,2024-09-09 13:24:17,-7858.5952777777775,3
2024-09-09 15:34:25,False,True,DE,1351,Baseline (Pre-Audit),False,False,False,2024-09-09 15:34:25,-7856.426388888889,3
2024-09-09 15:36:33,True,True,DE,0,Baseline (Pre-Audit),False,False,False,2024-09-09 15:36:33,-7856.390833333333,2
2024-09-09 15:37:41,True,True,DE,0,Baseline (Pre-Audit),False,False,False,2024-09-09 15:37:41,-7856.371944444444,2
2024-09-09 15:57:33,True,True,DE,2,Baseline (Pre-Audit),False,False,False,2024-09-09 15:57:33,-7856.0408333333335,2
2024-09-09 16:31:37,True,True,DE,2,Baseline (Pre-Audit),False,False,False,2024-09-09 16:31:37,-7855.473055555555,2
2024-09-09 17:08:41,True,True,DE,9,Baseline (Pre-Audit),False,False,False,2024-09-09 17:08:41,-7854.855277777778,2
2024-09-10 10:13:56,False,True,DE,0,Baseline (Pre-Audit),False,False,False,2024-09-10 10:13:56,-7837.767777777778,4
2024-09-10 14:34:51,True,True,DE,34,Baseline (Pre-Audit),False,False,False,2024-09-10 14:34:51,-7833.419166666667,1
2024-09-10 16:00:10,False,True,DE,0,Baseline (Pre-Audit),False,False,False,2024-09-10 16:00:10,-7831.997222222222,4
2024-09-11 12:23:18,False,True,DE,172,Baseline (Pre-Audit),False,False,False,2024-09-11 12:23:18,-7811.611666666667,3
2024-09-11 18:05:56,True,True,DE,20,Baseline (Pre-Audit),False,False,False,2024-09-11 18:05:56,-7805.901111111111,1
2024-09-11 21:29:16,True,True,DE,77,Baseline (Pre-Audit),False,False,False,2024-09-11 21:29:16,-7802.512222222223,1
2024-09-12 12:16:30,True,True,DE,0,Baseline (Pre-Audit),False,False,False,2024-09-12 12:16:30,-7787.725,2
2024-09-12 12:20:21,True,True,DE,16,Baseline (Pre-Audit),False,False,False,2024-09-12 12:20:21,-7787.660833333333,1
2024-09-13 12:47:27,True,True,DE,2,Baseline (Pre-Audit),False,False,False,2024-09-13 12:47:27,-7763.2091666666665,2
2024-09-13 14:11:50,True,True,DE,2,Baseline (Pre-Audit),False,False,False,2024-09-13 14:11:50,-7761.802777777778,2
2024-09-13 14:39:30,False,True,DE,527,Baseline (Pre-Audit),False,False,False,2024-09-13 14:39:30,-7761.341666666666,3
2024-09-14 12:20:25,True,True,DE,3,Baseline (Pre-Audit),False,False,False,2024-09-14 12:20:25,-7739.659722222223,2
2024-09-15 14:44:44,False,False,Non-EU,0,Baseline (Pre-Audit),False,False,False,2024-09-15 14:44:44,-7713.254444444445,3
2024-09-16 15:27:37,False,True,DE,0,Baseline (Pre-Audit),False,False,False,2024-09-16 15:27:37,-7688.539722222222,4
2024-09-16 16:06:12,False,True,DE,53,Baseline (Pre-Audit),False,False,False,2024-09-16 16:06:12,-7687.8966666666665,3
2024-09-18 20:11:49,True,True,DE,6,Baseline (Pre-Audit),False,False,False,2024-09-18 20:11:49,-7635.803055555555,2
2024-09-24 08:43:51,False,True,DE,0,Baseline (Pre-Audit),False,False,False,2024-09-24 08:43:51,-7503.269166666667,4
2024-09-24 15:51:12,False,True,DE,0,Baseline (Pre-Audit),False,False,False,2024-09-24 15:51:12,-7496.1466666666665,4
2024-09-26 15:47:21,False,True,DE,0,Baseline (Pre-Audit),False,False,False,2024-09-26 15:47:21,-7448.2108333333335,4
2024-09-26 18:52:31,True,True,DE,97,Baseline (Pre-Audit),False,False,False,2024-09-26 18:52:31,-7445.124722222222,1
2024-09-27 15:41:04,True,True,DE,0,Baseline (Pre-Audit),False,False,False,2024-09-27 15:41:04,-7424.315555555556,2
2024-09-28 14:42:45,True,True,DE,3,Baseline (Pre-Audit),False,False,False,2024-09-28 14:42:45,-7401.2875,2
2024-09-28 14:43:15,True,True,DE,0,Baseline (Pre-Audit),False,False,False,2024-09-28 14:43:15,-7401.279166666666,2
2024-09-28 14:43:15,True,True,DE,0,Baseline (Pre-Audit),False,False,False,2024-09-28 14:43:15,-7401.279166666666,2
2024-09-28 14:43:19,True,True,DE,0,Baseline (Pre-Audit),False,False,False,2024-09-28 14:43:19,-7401.2780555555555,2
2024-09-28 14:43:19,True,True,DE,0,Baseline (Pre-Audit),False,False,False,2024-09-28 14:43:19,-7401.2780555555555,2
2024-09-28 14:43:30,True,True,DE,436,Baseline (Pre-Audit),False,False,False,2024-09-28 14:43:30,-7401.275,1
2024-09-28 14:44:12,True,True,DE,0,Baseline (Pre-Audit),False,False,False,2024-09-28 14:44:12,-7401.263333333333,2
2024-09-29 12:59:30,True,True,DE,0,Baseline (Pre-Audit),False,False,False,2024-09-29 12:59:30,-7379.008333333333,2
2024-09-29 13:11:16,True,True,DE,20,Baseline (Pre-Audit),False,False,False,2024-09-29 13:11:16,-7378.812222222222,1
2024-09-29 13:48:46,True,True,DE,10,Baseline (Pre-Audit),False,False,False,2024-09-29 13:48:46,-7378.187222222222,1
2024-09-30 14:53:03,False,True,DE,372,Baseline (Pre-Audit),False,False,False,2024-09-30 14:53:03,-7353.115833333333,3
2024-10-01 15:39:29,False,True,DE,0,Baseline (Pre-Audit),False,False,False,2024-10-01 15:39:29,-7328.341944444444,4
2024-10-01 22:43:58,True,True,DE,18,Baseline (Pre-Audit),False,False,False,2024-10-01 22:43:58,-7321.267222222222,1
2024-10-02 14:58:07,False,True,DE,93,Baseline (Pre-Audit),False,False,False,2024-10-02 14:58:07,-7305.031388888889,3
2024-10-02 15:01:37,False,True,DE,96,Baseline (Pre-Audit),False,False,False,2024-10-02 15:01:37,-7304.973055555555,3
2024-10-04 20:06:20,True,True,DE,9,Baseline (Pre-Audit),False,False,False,2024-10-04 20:06:20,-7251.894444444444,2
2024-10-05 14:56:22,True,True,DE,34,Baseline (Pre-Audit),False,False,False,2024-10-05 14:56:22,-7233.060555555556,1
2024-10-08 15:52:52,False,True,DE,0,Baseline (Pre-Audit),False,False,False,2024-10-08 15:52:52,-7160.118888888889,4
2024-10-08 15:53:11,False,True,DE,0,Baseline (Pre-Audit),False,False,False,2024-10-08 15:53:11,-7160.113611111111,4
2024-10-09 14:04:37,True,True,DE,7,Baseline (Pre-Audit),False,False,False,2024-10-09 14:04:37,-7137.923055555556,2
2024-10-12 23:12:19,True,True,DE,0,Baseline (Pre-Audit),False,False,False,2024-10-12 23:12:19,-7056.794722222222,2
2024-10-13 14:42:56,False,False,Non-EU,0,Baseline (Pre-Audit),False,False,False,2024-10-13 14:42:56,-7041.2844444444445,3
2024-10-15 11:40:10,False,,,0,Baseline (Pre-Audit),False,False,False,2024-10-15 11:40:10,-6996.330555555555,3
2024-10-15 12:41:51,False,True,DE,8,Baseline (Pre-Audit),False,False,False,2024-10-15 12:41:51,-6995.3025,4
2024-10-15 12:47:21,False,,,428,Baseline (Pre-Audit),False,False,False,2024-10-15 12:47:21,-6995.2108333333335,2
2024-10-20 08:54:11,True,False,Non-EU,0,Baseline (Pre-Audit),False,False,False,2024-10-20 08:54:11,-6879.0969444444445,1
2024-10-20 11:38:00,True,True,DE,0,Baseline (Pre-Audit),False,False,False,2024-10-20 11:38:00,-6876.366666666667,2
2024-10-20 13:37:57,True,True,DE,24,Baseline (Pre-Audit),False,False,False,2024-10-20 13:37:57,-6874.3675,1
2024-10-21 12:52:41,False,True,DE,0,Baseline (Pre-Audit),False,False,False,2024-10-21 12:52:41,-6851.121944444444,4
2024-10-21 15:26:39,False,True,DE,0,Baseline (Pre-Audit),False,False,False,2024-10-21 15:26:39,-6848.555833333333,4
2024-10-22 10:56:28,False,True,DE,0,Baseline (Pre-Audit),False,False,False,2024-10-22 10:56:28,-6829.058888888889,4
2024-10-22 10:57:14,False,True,DE,0,Baseline (Pre-Audit),False,False,False,2024-10-22 10:57:14,-6829.046111111111,4
2024-10-22 11:33:08,False,True,DE,4,Baseline (Pre-Audit),False,False,False,2024-10-22 11:33:08,-6828.447777777777,4
2024-10-22 11:33:39,False,True,DE,0,Baseline (Pre-Audit),False,False,False,2024-10-22 11:33:39,-6828.439166666667,4
2024-10-22 11:42:09,False,True,DE,803,Baseline (Pre-Audit),False,False,False,2024-10-22 11:42:09,-6828.2975,3
2024-10-23 15:13:06,False,True,DE,958,Baseline (Pre-Audit),False,False,False,2024-10-23 15:13:06,-6800.781666666667,3
2024-10-25 12:30:04,True,True,DE,805,Baseline (Pre-Audit),False,False,False,2024-10-25 12:30:04,-6755.498888888889,1
2024-10-25 12:30:04,True,True,DE,805,Baseline (Pre-Audit),False,False,False,2024-10-25 12:30:04,-6755.498888888889,1
2024-10-27 09:30:17,True,True,DE,106,Baseline (Pre-Audit),False,False,False,2024-10-27 09:30:17,-6710.495277777778,1
2024-10-27 11:05:49,True,True,DE,48,Baseline (Pre-Audit),False,False,False,2024-10-27 11:05:49,-6708.9030555555555,1
2024-10-31 10:51:29,True,True,DE,117,Baseline (Pre-Audit),False,False,False,2024-10-31 10:51:29,-6613.141944444445,1
2024-10-31 13:18:23,True,True,DE,56,Baseline (Pre-Audit),False,False,False,2024-10-31 13:18:23,-6610.693611111111,1
2024-10-31 13:49:47,True,True,DE,14,Baseline (Pre-Audit),False,False,False,2024-10-31 13:49:47,-6610.170277777778,1
2024-11-01 14:45:37,False,True,DE,107,Baseline (Pre-Audit),False,False,False,2024-11-01 14:45:37,-6585.239722222223,3
2024-11-04 14:17:21,False,True,NL,6,Baseline (Pre-Audit),False,False,False,2024-11-04 14:17:21,-6513.7108333333335,6
2024-11-08 11:19:47,False,True,DE,88,Baseline (Pre-Audit),False,False,False,2024-11-08 11:19:47,-6420.670277777778,3
2024-11-08 15:56:47,False,True,DE,0,Baseline (Pre-Audit),False,False,False,2024-11-08 15:56:47,-6416.053611111111,4
2024-11-08 16:04:28,False,True,DE,28,Baseline (Pre-Audit),False,False,False,2024-11-08 16:04:28,-6415.925555555556,3
2024-11-09 13:01:03,True,True,DE,85,Baseline (Pre-Audit),False,False,False,2024-11-09 13:01:03,-6394.9825,1
2024-11-09 22:22:10,True,True,DE,9,Baseline (Pre-Audit),False,False,False,2024-11-09 22:22:10,-6385.6305555555555,2
2024-11-13 14:26:24,False,True,DE,707,Baseline (Pre-Audit),False,False,False,2024-11-13 14:26:24,-6297.56,3
2024-11-14 13:11:31,True,True,DE,112,Baseline (Pre-Audit),False,False,False,2024-11-14 13:11:31,-6274.808055555555,1
2024-11-14 13:18:15,True,True,DE,0,Baseline (Pre-Audit),False,False,False,2024-11-14 13:18:15,-6274.695833333333,2
2024-11-14 13:18:45,True,True,DE,69,Baseline (Pre-Audit),False,False,False,2024-11-14 13:18:45,-6274.6875,1
2024-11-14 14:39:49,False,,,366,Baseline (Pre-Audit),False,False,False,2024-11-14 14:39:49,-6273.336388888889,2
2024-11-19 15:22:33,False,True,DE,82,Baseline (Pre-Audit),False,False,False,2024-11-19 15:22:33,-6152.6241666666665,3
2024-11-21 12:37:23,False,True,DE,1289,Baseline (Pre-Audit),False,False,False,2024-11-21 12:37:23,-6107.376944444444,3
2024-11-21 16:48:38,False,True,PT,0,Baseline (Pre-Audit),False,False,False,2024-11-21 16:48:38,-6103.189444444444,6
2024-11-21 17:08:55,False,True,PT,0,Baseline (Pre-Audit),False,False,False,2024-11-21 17:08:55,-6102.851388888889,6
2024-11-21 17:15:34,False,True,PT,0,Baseline (Pre-Audit),False,False,False,2024-11-21 17:15:34,-6102.740555555555,6
2024-11-26 16:48:31,False,True,DE,79,Baseline (Pre-Audit),False,False,False,2024-11-26 16:48:31,-5983.1913888888885,3
2024-11-27 12:48:50,False,True,DE,0,Baseline (Pre-Audit),False,False,False,2024-11-27 12:48:50,-5963.186111111111,4
2024-11-27 13:57:31,False,,,0,Baseline (Pre-Audit),False,False,False,2024-11-27 13:57:31,-5962.041388888889,3
2024-11-27 15:29:36,False,True,DE,348,Baseline (Pre-Audit),False,False,False,2024-11-27 15:29:36,-5960.506666666667,3
2024-11-27 15:35:52,False,,,168,Baseline (Pre-Audit),False,False,False,2024-11-27 15:35:52,-5960.402222222222,2
2024-11-27 18:21:23,True,True,DE,0,Baseline (Pre-Audit),False,False,False,2024-11-27 18:21:23,-5957.643611111111,2
2024-11-29 16:02:29,False,False,Non-EU,0,Baseline (Pre-Audit),False,False,False,2024-11-29 16:02:29,-5911.958611111111,3
2024-11-29 16:23:31,False,False,Non-EU,0,Baseline (Pre-Audit),False,False,False,2024-11-29 16:23:31,-5911.608055555555,3
2024-11-29 16:32:19,False,False,Non-EU,371,Baseline (Pre-Audit),False,False,False,2024-11-29 16:32:19,-5911.461388888889,2
2024-11-30 13:57:51,True,True,DE,54,Baseline (Pre-Audit),False,False,False,2024-11-30 13:57:51,-5890.035833333333,1
2024-11-30 13:59:23,True,True,DE,113,Baseline (Pre-Audit),False,False,False,2024-11-30 13:59:23,-5890.010277777777,1
2024-11-30 14:05:32,True,True,DE,9,Baseline (Pre-Audit),False,False,False,2024-11-30 14:05:32,-5889.9077777777775,2
2024-11-30 14:07:46,True,True,DE,173,Baseline (Pre-Audit),False,False,False,2024-11-30 14:07:46,-5889.870555555555,1
2024-11-30 14:11:26,True,True,DE,7,Baseline (Pre-Audit),False,False,False,2024-11-30 14:11:26,-5889.809444444444,2
2024-11-30 22:04:24,True,True,DE,19,Baseline (Pre-Audit),False,False,False,2024-11-30 22:04:24,-5881.926666666666,1
2024-12-01 11:55:49,True,True,DE,0,Baseline (Pre-Audit),False,False,False,2024-12-01 11:55:49,-5868.0697222222225,2
2024-12-01 12:00:40,True,True,DE,213,Baseline (Pre-Audit),False,False,False,2024-12-01 12:00:40,-5867.988888888889,1
2024-12-02 13:29:06,False,True,DE,0,Baseline (Pre-Audit),False,False,False,2024-12-02 13:29:06,-5842.515,4
2024-12-02 13:48:58,False,True,DE,4,Baseline (Pre-Audit),False,False,False,2024-12-02 13:48:58,-5842.183888888889,4
2024-12-02 13:55:33,False,True,DE,293,Baseline (Pre-Audit),False,False,False,2024-12-02 13:55:33,-5842.074166666666,3
2024-12-03 10:26:08,False,True,DE,0,Baseline (Pre-Audit),False,False,False,2024-12-03 10:26:08,-5821.564444444444,4
2024-12-03 10:26:35,False,True,DE,0,Baseline (Pre-Audit),False,False,False,2024-12-03 10:26:35,-5821.5569444444445,4
2024-12-03 11:22:27,False,True,DE,782,Baseline (Pre-Audit),False,False,False,2024-12-03 11:22:27,-5820.6258333333335,3
2024-12-03 16:36:11,True,True,DE,13,Baseline (Pre-Audit),False,False,False,2024-12-03 16:36:11,-5815.396944444445,1
2024-12-03 18:39:37,True,True,DE,1089,Baseline (Pre-Audit),False,False,False,2024-12-03 18:39:37,-5813.339722222222,1
2024-12-05 11:18:28,True,True,DE,0,Baseline (Pre-Audit),False,False,False,2024-12-05 11:18:28,-5772.692222222222,2
2024-12-07 21:04:06,True,True,DE,0,Baseline (Pre-Audit),False,False,False,2024-12-07 21:04:06,-5714.931666666666,2
2024-12-08 13:33:16,True,True,DE,0,Baseline (Pre-Audit),False,False,False,2024-12-08 13:33:16,-5698.445555555556,2
2024-12-09 11:39:29,True,True,DE,0,Baseline (Pre-Audit),False,False,False,2024-12-09 11:39:29,-5676.341944444444,2
2024-12-10 12:29:44,True,True,DE,18,Baseline (Pre-Audit),False,False,False,2024-12-10 12:29:44,-5651.504444444445,1
2024-12-10 13:57:53,False,True,DE,0,Baseline (Pre-Audit),False,False,False,2024-12-10 13:57:53,-5650.035277777778,4
2024-12-10 14:30:19,False,True,DE,0,Baseline (Pre-Audit),False,False,False,2024-12-10 14:30:19,-5649.494722222223,4
2024-12-10 14:51:27,False,True,DE,47,Baseline (Pre-Audit),False,False,False,2024-12-10 14:51:27,-5649.1425,3
2024-12-11 13:00:57,True,True,DE,1206,Baseline (Pre-Audit),False,False,False,2024-12-11 13:00:57,-5626.984166666667,1
2024-12-12 09:40:37,False,False,Non-EU,0,Baseline (Pre-Audit),False,False,False,2024-12-12 09:40:37,-5606.323055555556,3
2024-12-12 10:06:44,False,True,DE,0,Baseline (Pre-Audit),False,False,False,2024-12-12 10:06:44,-5605.887777777778,4
2024-12-12 10:32:22,False,False,Non-EU,4,Baseline (Pre-Audit),False,False,False,2024-12-12 10:32:22,-5605.460555555555,3
2024-12-12 10:32:37,False,True,DE,2,Baseline (Pre-Audit),False,False,False,2024-12-12 10:32:37,-5605.456388888889,4
2024-12-12 10:48:21,False,True,DE,0,Baseline (Pre-Audit),False,False,False,2024-12-12 10:48:21,-5605.194166666667,4
2024-12-12 10:50:27,False,True,DE,149,Baseline (Pre-Audit),False,False,False,2024-12-12 10:50:27,-5605.159166666666,3
2024-12-12 10:52:15,False,True,DE,0,Baseline (Pre-Audit),False,False,False,2024-12-12 10:52:15,-5605.129166666667,4
2024-12-12 10:53:08,False,True,DE,2,Baseline (Pre-Audit),False,False,False,2024-12-12 10:53:08,-5605.114444444444,4
2024-12-12 10:54:28,False,True,DE,175,Baseline (Pre-Audit),False,False,False,2024-12-12 10:54:28,-5605.0922222222225,3
2024-12-20 14:45:32,False,True,EE,0,Baseline (Pre-Audit),False,False,False,2024-12-20 14:45:32,-5409.241111111111,4
2024-12-20 16:00:18,True,True,DE,102,Baseline (Pre-Audit),False,False,False,2024-12-20 16:00:18,-5407.995,1
2024-12-20 16:41:57,True,True,DE,0,Baseline (Pre-Audit),False,False,False,2024-12-20 16:41:57,-5407.300833333334,2
2024-12-21 13:24:19,True,True,DE,0,Baseline (Pre-Audit),False,False,False,2024-12-21 13:24:19,-5386.594722222222,2
2024-12-21 13:26:38,True,True,DE,0,Baseline (Pre-Audit),False,False,False,2024-12-21 13:26:38,-5386.556111111111,2
2024-12-21 13:27:07,True,True,DE,0,Baseline (Pre-Audit),False,False,False,2024-12-21 13:27:07,-5386.548055555556,2
2024-12-21 13:28:29,True,True,DE,0,Baseline (Pre-Audit),False,False,False,2024-12-21 13:28:29,-5386.525277777778,2
2024-12-21 13:32:47,True,True,DE,0,Baseline (Pre-Audit),False,False,False,2024-12-21 13:32:47,-5386.453611111111,2
2024-12-21 13:42:34,True,True,DE,0,Baseline (Pre-Audit),False,False,False,2024-12-21 13:42:34,-5386.290555555555,2
2024-12-21 13:42:45,False,True,EE,0,Baseline (Pre-Audit),False,False,False,2024-12-21 13:42:45,-5386.2875,4
2024-12-21 13:42:58,True,True,DE,0,Baseline (Pre-Audit),False,False,False,2024-12-21 13:42:58,-5386.283888888889,2
2024-12-23 11:42:26,True,True,DE,0,Baseline (Pre-Audit),False,False,False,2024-12-23 11:42:26,-5340.292777777778,2
2024-12-23 13:27:05,True,True,DE,16,Baseline (Pre-Audit),False,False,False,2024-12-23 13:27:05,-5338.548611111111,1
2024-12-23 17:29:28,True,True,DE,15,Baseline (Pre-Audit),False,False,False,2024-12-23 17:29:28,-5334.508888888889,1
2024-12-29 14:25:19,True,True,DE,25,Baseline (Pre-Audit),False,False,False,2024-12-29 14:25:19,-5193.578055555556,1
2024-12-29 17:25:02,True,True,DE,960,Baseline (Pre-Audit),False,False,False,2024-12-29 17:25:02,-5190.582777777778,1
2025-01-07 20:56:09,True,True,DE,14,Baseline (Pre-Audit),False,False,False,2025-01-07 20:56:09,-4971.064166666667,1
2025-01-07 21:08:01,True,True,DE,75,Baseline (Pre-Audit),False,False,False,2025-01-07 21:08:01,-4970.866388888889,1
2025-01-08 15:47:29,False,True,DE,0,Baseline (Pre-Audit),False,False,False,2025-01-08 15:47:29,-4952.208611111111,4
2025-01-13 10:40:05,False,True,DE,0,Baseline (Pre-Audit),False,False,False,2025-01-13 10:40:05,-4837.331944444444,4
2025-01-13 11:07:48,False,False,Non-EU,119,Baseline (Pre-Audit),False,False,False,2025-01-13 11:07:48,-4836.87,2
2025-01-15 09:31:02,False,True,DE,87,Baseline (Pre-Audit),False,False,False,2025-01-15 09:31:02,-4790.482777777778,3
2025-01-17 17:12:01,True,True,DE,6,Baseline (Pre-Audit),False,False,False,2025-01-17 17:12:01,-4734.799722222222,2
2025-01-17 18:29:53,False,True,DE,142,Baseline (Pre-Audit),False,False,False,2025-01-17 18:29:53,-4733.501944444444,3
2025-01-20 20:32:21,True,True,DE,18,Baseline (Pre-Audit),False,False,False,2025-01-20 20:32:21,-4659.4608333333335,1
2025-01-22 06:53:06,True,True,DE,9,Baseline (Pre-Audit),False,False,False,2025-01-22 06:53:06,-4625.115,2
2025-01-22 07:08:04,True,True,DE,0,Baseline (Pre-Audit),False,False,False,2025-01-22 07:08:04,-4624.865555555555,2
2025-01-22 07:09:01,True,True,DE,0,Baseline (Pre-Audit),False,False,False,2025-01-22 07:09:01,-4624.849722222222,2
2025-01-22 07:11:27,True,True,DE,134,Baseline (Pre-Audit),False,False,False,2025-01-22 07:11:27,-4624.809166666667,1
2025-01-22 10:36:00,False,True,DE,177,Baseline (Pre-Audit),False,False,False,2025-01-22 10:36:00,-4621.4,3
2025-01-22 20:37:51,True,True,DE,653,Baseline (Pre-Audit),False,False,False,2025-01-22 20:37:51,-4611.369166666666,1
2025-01-24 09:43:33,False,True,DE,152,Baseline (Pre-Audit),False,False,False,2025-01-24 09:43:33,-4574.274166666667,3
2025-01-29 07:12:27,True,True,DE,48,Baseline (Pre-Audit),False,False,False,2025-01-29 07:12:27,-4456.7925,1
2025-01-29 19:39:47,True,True,DE,6,Baseline (Pre-Audit),False,False,False,2025-01-29 19:39:47,-4444.336944444444,2
2025-01-30 17:11:46,True,True,DE,0,Baseline (Pre-Audit),False,False,False,2025-01-30 17:11:46,-4422.803888888889,2
2025-01-31 07:50:25,True,True,DE,0,Baseline (Pre-Audit),False,False,False,2025-01-31 07:50:25,-4408.159722222223,2
2025-01-31 07:51:25,True,True,DE,33,Baseline (Pre-Audit),False,False,False,2025-01-31 07:51:25,-4408.143055555555,1
2025-01-31 08:22:40,True,True,DE,36,Baseline (Pre-Audit),False,False,False,2025-01-31 08:22:40,-4407.622222222222,1
2025-01-31 11:01:12,False,True,DE,0,Baseline (Pre-Audit),False,False,False,2025-01-31 11:01:12,-4404.98,4
2025-01-31 12:10:19,True,True,DE,55,Baseline (Pre-Audit),False,False,False,2025-01-31 12:10:19,-4403.828055555556,1
2025-02-01 18:04:32,True,True,DE,88,Baseline (Pre-Audit),False,False,False,2025-02-01 18:04:32,-4373.924444444445,1
2025-02-01 18:15:59,True,True,DE,97,Baseline (Pre-Audit),False,False,False,2025-02-01 18:15:59,-4373.733611111111,1
2025-02-01 18:25:47,True,True,DE,2,Baseline (Pre-Audit),False,False,False,2025-02-01 18:25:47,-4373.570277777778,2
2025-02-05 07:12:10,True,True,DE,0,Baseline (Pre-Audit),False,False,False,2025-02-05 07:12:10,-4288.797222222222,2
2025-02-05 07:13:26,True,True,DE,0,Baseline (Pre-Audit),False,False,False,2025-02-05 07:13:26,-4288.776111111111,2
2025-02-05 07:19:54,True,True,DE,0,Baseline (Pre-Audit),False,False,False,2025-02-05 07:19:54,-4288.668333333333,2
2025-02-05 07:21:01,True,True,DE,0,Baseline (Pre-Audit),False,False,False,2025-02-05 07:21:01,-4288.649722222222,2
2025-02-05 07:28:34,True,True,DE,0,Baseline (Pre-Audit),False,False,False,2025-02-05 07:28:34,-4288.523888888889,2
2025-02-05 07:28:44,True,True,DE,27,Baseline (Pre-Audit),False,False,False,2025-02-05 07:28:44,-4288.521111111111,1
2025-02-06 19:00:01,True,True,DE,14,Baseline (Pre-Audit),False,False,False,2025-02-06 19:00:01,-4252.999722222222,1
2025-02-07 15:20:25,True,True,DE,220,Baseline (Pre-Audit),False,False,False,2025-02-07 15:20:25,-4232.659722222223,1
2025-02-07 19:55:28,True,True,DE,123,Baseline (Pre-Audit),False,False,False,2025-02-07 19:55:28,-4228.075555555555,1
2025-02-09 18:54:02,True,True,DE,0,Baseline (Pre-Audit),False,False,False,2025-02-09 18:54:02,-4181.099444444444,2
2025-02-09 18:55:04,True,True,DE,1441,Baseline (Pre-Audit),False,False,False,2025-02-09 18:55:04,-4181.082222222222,1
2025-02-10 11:13:11,False,True,EE,0,Baseline (Pre-Audit),False,False,False,2025-02-10 11:13:11,-4164.780277777778,4
2025-02-10 11:13:21,False,True,EE,0,Baseline (Pre-Audit),False,False,False,2025-02-10 11:13:21,-4164.7775,4
2025-02-10 11:13:31,False,True,EE,0,Baseline (Pre-Audit),False,False,False,2025-02-10 11:13:31,-4164.774722222222,4
2025-02-10 11:19:27,False,True,DE,0,Baseline (Pre-Audit),False,False,False,2025-02-10 11:19:27,-4164.675833333334,4
2025-02-11 13:39:12,True,True,DE,2,Baseline (Pre-Audit),False,False,False,2025-02-11 13:39:12,-4138.346666666666,2
2025-02-12 07:46:50,True,True,DE,0,Baseline (Pre-Audit),False,False,False,2025-02-12 07:46:50,-4120.219444444445,2
2025-02-12 08:00:59,True,True,DE,0,Baseline (Pre-Audit),False,False,False,2025-02-12 08:00:59,-4119.983611111111,2
2025-02-15 11:04:00,True,True,DE,3,Baseline (Pre-Audit),False,False,False,2025-02-15 11:04:00,-4044.9333333333334,2
2025-02-15 11:04:59,True,True,DE,52,Baseline (Pre-Audit),False,False,False,2025-02-15 11:04:59,-4044.9169444444447,1
2025-02-15 11:52:32,True,True,DE,10,Baseline (Pre-Audit),False,False,False,2025-02-15 11:52:32,-4044.1244444444446,1
2025-02-15 13:48:08,True,True,DE,0,Baseline (Pre-Audit),False,False,False,2025-02-15 13:48:08,-4042.197777777778,2
2025-02-15 13:48:08,True,True,DE,0,Baseline (Pre-Audit),False,False,False,2025-02-15 13:48:08,-4042.197777777778,2
2025-02-15 13:48:11,True,True,DE,26,Baseline (Pre-Audit),False,False,False,2025-02-15 13:48:11,-4042.1969444444444,1
2025-02-15 13:48:55,True,True,DE,0,Baseline (Pre-Audit),False,False,False,2025-02-15 13:48:55,-4042.1847222222223,2
2025-02-15 13:49:01,True,True,DE,47,Baseline (Pre-Audit),False,False,False,2025-02-15 13:49:01,-4042.1830555555557,1
2025-02-15 13:49:03,True,True,DE,0,Baseline (Pre-Audit),False,False,False,2025-02-15 13:49:03,-4042.1825,2
2025-02-15 13:57:56,True,True,DE,78,Baseline (Pre-Audit),False,False,False,2025-02-15 13:57:56,-4042.0344444444445,1
2025-02-16 12:14:24,True,True,DE,11,Baseline (Pre-Audit),False,False,False,2025-02-16 12:14:24,-4019.76,1
2025-02-16 12:14:53,True,True,DE,32,Baseline (Pre-Audit),False,False,False,2025-02-16 12:14:53,-4019.7519444444442,1
2025-02-21 14:44:37,False,True,DE,0,Baseline (Pre-Audit),False,False,False,2025-02-21 14:44:37,-3897.256388888889,4
2025-02-21 20:09:43,False,True,DE,0,Baseline (Pre-Audit),False,False,False,2025-02-21 20:09:43,-3891.8380555555555,4
2025-02-21 20:09:55,True,True,DE,0,Baseline (Pre-Audit),False,False,False,2025-02-21 20:09:55,-3891.8347222222224,2
2025-02-21 20:11:23,True,True,DE,0,Baseline (Pre-Audit),False,False,False,2025-02-21 20:11:23,-3891.8102777777776,2
2025-02-23 18:58:00,True,True,DE,11,Baseline (Pre-Audit),False,False,False,2025-02-23 18:58:00,-3845.0333333333333,1
2025-02-25 08:03:48,False,True,DE,0,Baseline (Pre-Audit),False,False,False,2025-02-25 08:03:48,-3807.9366666666665,4
2025-02-25 08:04:58,False,True,DE,0,Baseline (Pre-Audit),False,False,False,2025-02-25 08:04:58,-3807.9172222222223,4
2025-02-25 12:36:35,False,True,DE,58,Baseline (Pre-Audit),False,False,False,2025-02-25 12:36:35,-3803.3902777777776,3
2025-02-25 12:42:13,False,True,DE,0,Baseline (Pre-Audit),False,False,False,2025-02-25 12:42:13,-3803.296388888889,4
2025-02-25 12:42:33,False,True,DE,109,Baseline (Pre-Audit),False,False,False,2025-02-25 12:42:33,-3803.2908333333335,3
2025-02-25 17:27:42,True,True,DE,26,Baseline (Pre-Audit),False,False,False,2025-02-25 17:27:42,-3798.5383333333334,1
2025-02-26 18:46:30,True,True,DE,32,Baseline (Pre-Audit),False,False,False,2025-02-26 18:46:30,-3773.225,1
2025-03-01 11:08:46,True,True,DE,176,Baseline (Pre-Audit),False,False,False,2025-03-01 11:08:46,-3708.853888888889,1
2025-03-01 15:00:21,False,True,DE,14,Baseline (Pre-Audit),False,False,False,2025-03-01 15:00:21,-3704.994166666667,3
2025-03-02 16:32:02,True,True,DE,8,Baseline (Pre-Audit),False,False,False,2025-03-02 16:32:02,-3679.4661111111113,2
2025-03-02 21:35:06,True,True,DE,0,Baseline (Pre-Audit),False,False,False,2025-03-02 21:35:06,-3674.415,2
2025-03-05 15:50:55,True,True,DE,0,Baseline (Pre-Audit),False,False,False,2025-03-05 15:50:55,-3608.151388888889,2
2025-03-06 11:26:11,False,True,DE,0,Baseline (Pre-Audit),False,False,False,2025-03-06 11:26:11,-3588.563611111111,4
2025-03-06 12:24:12,False,False,Non-EU,696,Baseline (Pre-Audit),False,False,False,2025-03-06 12:24:12,-3587.596666666667,2
2025-03-06 15:48:40,False,True,DE,49,Baseline (Pre-Audit),False,False,False,2025-03-06 15:48:40,-3584.188888888889,3
2025-03-07 11:24:37,False,False,Non-EU,141,Baseline (Pre-Audit),False,False,False,2025-03-07 11:24:37,-3564.589722222222,2
2025-03-07 16:12:59,False,True,DE,44,Baseline (Pre-Audit),False,False,False,2025-03-07 16:12:59,-3559.783611111111,3
2025-03-09 00:10:46,True,True,DE,3,Baseline (Pre-Audit),False,False,False,2025-03-09 00:10:46,-3527.8205555555555,2
2025-03-11 12:21:08,True,True,DE,0,Baseline (Pre-Audit),False,False,False,2025-03-11 12:21:08,-3467.6477777777777,2
2025-03-11 12:55:33,False,False,Non-EU,418,Baseline (Pre-Audit),False,False,False,2025-03-11 12:55:33,-3467.0741666666668,2
2025-03-12 21:38:10,True,True,DE,0,Baseline (Pre-Audit),False,False,False,2025-03-12 21:38:10,-3434.363888888889,2
2025-03-12 22:14:27,True,True,DE,3,Baseline (Pre-Audit),False,False,False,2025-03-12 22:14:27,-3433.7591666666667,2
2025-03-14 13:45:50,True,True,DE,60,Baseline (Pre-Audit),False,False,False,2025-03-14 13:45:50,-3394.2361111111113,1
2025-03-14 20:07:40,True,True,DE,78,Baseline (Pre-Audit),False,False,False,2025-03-14 20:07:40,-3387.8722222222223,1
2025-03-16 14:03:29,True,True,DE,24,Baseline (Pre-Audit),False,False,False,2025-03-16 14:03:29,-3345.9419444444443,1
2025-03-17 19:35:46,False,True,DE,65,Baseline (Pre-Audit),False,False,False,2025-03-17 19:35:46,-3316.403888888889,3
2025-03-18 09:22:52,True,True,DE,85,Baseline (Pre-Audit),False,False,False,2025-03-18 09:22:52,-3302.6188888888887,1
2025-03-18 11:09:54,False,True,DE,0,Baseline (Pre-Audit),False,False,False,2025-03-18 11:09:54,-3300.835,4
2025-03-18 11:10:40,False,True,DE,0,Baseline (Pre-Audit),False,False,False,2025-03-18 11:10:40,-3300.822222222222,4
2025-03-20 22:48:07,True,True,DE,0,Baseline (Pre-Audit),False,False,False,2025-03-20 22:48:07,-3241.1980555555556,2
2025-03-22 10:16:41,True,True,DE,13,Baseline (Pre-Audit),False,False,False,2025-03-22 10:16:41,-3205.7219444444445,1
2025-03-24 20:06:00,True,True,DE,67,Baseline (Pre-Audit),False,False,False,2025-03-24 20:06:00,-3147.9,1
2025-03-25 16:40:52,True,True,DE,42,Baseline (Pre-Audit),False,False,False,2025-03-25 16:40:52,-3127.318888888889,1
2025-03-28 13:37:16,True,True,DE,44,Baseline (Pre-Audit),False,False,False,2025-03-28 13:37:16,-3058.378888888889,1
2025-03-28 22:30:55,True,True,DE,15,Baseline (Pre-Audit),False,False,False,2025-03-28 22:30:55,-3049.4847222222224,1
2025-03-29 11:14:25,True,True,DE,0,Baseline (Pre-Audit),False,False,False,2025-03-29 11:14:25,-3036.759722222222,2
2025-03-29 11:23:39,True,True,DE,321,Baseline (Pre-Audit),False,False,False,2025-03-29 11:23:39,-3036.6058333333335,1
2025-03-30 20:40:49,True,True,DE,0,Baseline (Pre-Audit),False,False,False,2025-03-30 20:40:49,-3003.319722222222,2
2025-04-03 18:06:38,True,True,DE,0,Baseline (Pre-Audit),False,False,False,2025-04-03 18:06:38,-2909.8894444444445,2
2025-04-03 18:11:31,True,True,DE,39,Baseline (Pre-Audit),False,False,False,2025-04-03 18:11:31,-2909.8080555555557,1
2025-04-03 18:32:52,True,True,DE,14,Baseline (Pre-Audit),False,False,False,2025-04-03 18:32:52,-2909.452222222222,1
2025-04-05 00:25:02,True,True,DE,135,Baseline (Pre-Audit),False,False,False,2025-04-05 00:25:02,-2879.5827777777777,1
2025-04-05 09:50:09,True,True,DE,34,Baseline (Pre-Audit),False,False,False,2025-04-05 09:50:09,-2870.1641666666665,1
2025-04-05 21:21:14,True,True,DE,8,Baseline (Pre-Audit),False,False,False,2025-04-05 21:21:14,-2858.646111111111,2
2025-04-06 15:22:04,False,True,DE,210,Baseline (Pre-Audit),False,False,False,2025-04-06 15:22:04,-2840.632222222222,3
2025-04-06 18:08:34,True,True,DE,0,Baseline (Pre-Audit),False,False,False,2025-04-06 18:08:34,-2837.8572222222224,2
2025-04-07 14:27:34,False,True,DE,115,Baseline (Pre-Audit),False,False,False,2025-04-07 14:27:34,-2817.5405555555553,3
2025-04-09 17:59:12,True,True,DE,51,Baseline (Pre-Audit),False,False,False,2025-04-09 17:59:12,-2766.0133333333333,1
2025-04-10 21:47:14,True,True,DE,5,Baseline (Pre-Audit),False,False,False,2025-04-10 21:47:14,-2738.212777777778,2
2025-04-11 18:58:01,True,True,DE,0,Baseline (Pre-Audit),False,False,False,2025-04-11 18:58:01,-2717.0330555555556,2
2025-04-11 19:06:29,True,True,DE,23,Baseline (Pre-Audit),False,False,False,2025-04-11 19:06:29,-2716.8919444444446,1
2025-04-11 19:14:05,True,True,DE,277,Baseline (Pre-Audit),False,False,False,2025-04-11 19:14:05,-2716.7652777777776,1
2025-04-12 12:31:21,True,True,DE,41,Baseline (Pre-Audit),False,False,False,2025-04-12 12:31:21,-2699.4775,1
2025-04-12 13:00:34,True,True,DE,37,Baseline (Pre-Audit),False,False,False,2025-04-12 13:00:34,-2698.9905555555556,1
2025-04-13 12:37:51,True,True,DE,786,Baseline (Pre-Audit),False,False,False,2025-04-13 12:37:51,-2675.369166666667,1
2025-04-13 14:07:46,True,True,DE,0,Baseline (Pre-Audit),False,False,False,2025-04-13 14:07:46,-2673.8705555555557,2
2025-04-13 14:08:19,True,True,DE,113,Baseline (Pre-Audit),False,False,False,2025-04-13 14:08:19,-2673.861388888889,1
2025-04-17 13:04:13,False,True,DE,60,Baseline (Pre-Audit),False,False,False,2025-04-17 13:04:13,-2578.929722222222,3
2025-04-17 13:05:29,False,True,DE,41,Baseline (Pre-Audit),False,False,False,2025-04-17 13:05:29,-2578.908611111111,3
2025-04-17 13:58:41,True,True,DE,200,Baseline (Pre-Audit),False,False,False,2025-04-17 13:58:41,-2578.0219444444447,1
2025-04-17 15:01:07,True,True,DE,0,Baseline (Pre-Audit),False,False,False,2025-04-17 15:01:07,-2576.981388888889,2
2025-04-17 15:10:25,True,True,DE,796,Baseline (Pre-Audit),False,False,False,2025-04-17 15:10:25,-2576.8263888888887,1
2025-04-17 15:24:02,True,True,DE,14,Baseline (Pre-Audit),False,False,False,2025-04-17 15:24:02,-2576.5994444444445,1
2025-04-17 15:48:08,True,True,DE,194,Baseline (Pre-Audit),False,False,False,2025-04-17 15:48:08,-2576.197777777778,1
2025-04-17 17:48:10,True,True,DE,0,Baseline (Pre-Audit),False,False,False,2025-04-17 17:48:10,-2574.197222222222,2
2025-04-17 18:00:55,True,True,DE,419,Baseline (Pre-Audit),False,False,False,2025-04-17 18:00:55,-2573.9847222222224,1
2025-04-17 20:24:54,True,True,DE,0,Baseline (Pre-Audit),False,False,False,2025-04-17 20:24:54,-2571.585,2
2025-04-18 18:31:10,True,True,DE,0,Baseline (Pre-Audit),False,False,False,2025-04-18 18:31:10,-2549.4805555555554,2
2025-04-18 18:31:11,True,True,DE,0,Baseline (Pre-Audit),False,False,False,2025-04-18 18:31:11,-2549.4802777777777,2
2025-04-18 18:35:34,True,True,DE,21,Baseline (Pre-Audit),False,False,False,2025-04-18 18:35:34,-2549.407222222222,1
2025-04-18 18:48:20,True,True,DE,10,Baseline (Pre-Audit),False,False,False,2025-04-18 18:48:20,-2549.1944444444443,1
2025-04-19 13:57:08,True,True,DE,13,Baseline (Pre-Audit),False,False,False,2025-04-19 13:57:08,-2530.047777777778,1
2025-04-19 14:59:04,True,True,DE,44,Baseline (Pre-Audit),False,False,False,2025-04-19 14:59:04,-2529.0155555555557,1
2025-04-19 15:15:14,True,True,DE,170,Baseline (Pre-Audit),False,False,False,2025-04-19 15:15:14,-2528.746111111111,1
2025-04-20 10:37:10,True,True,DE,0,Baseline (Pre-Audit),False,False,False,2025-04-20 10:37:10,-2509.3805555555555,2
2025-04-20 10:38:08,True,True,DE,0,Baseline (Pre-Audit),False,False,False,2025-04-20 10:38:08,-2509.3644444444444,2
2025-04-20 10:38:46,True,True,DE,7,Baseline (Pre-Audit),False,False,False,2025-04-20 10:38:46,-2509.353888888889,2
2025-04-20 10:39:17,True,True,DE,9,Baseline (Pre-Audit),False,False,False,2025-04-20 10:39:17,-2509.345277777778,2
2025-04-20 15:56:13,True,True,DE,11,Baseline (Pre-Audit),False,False,False,2025-04-20 15:56:13,-2504.0630555555554,1
2025-04-21 19:09:05,True,True,DE,33,Baseline (Pre-Audit),False,False,False,2025-04-21 19:09:05,-2476.848611111111,1
2025-04-22 19:36:31,False,True,DE,0,Baseline (Pre-Audit),False,False,False,2025-04-22 19:36:31,-2452.3913888888887,4
2025-04-23 11:14:39,False,True,DE,0,Baseline (Pre-Audit),False,False,False,2025-04-23 11:14:39,-2436.755833333333,4
2025-04-23 12:09:17,True,True,DE,0,Baseline (Pre-Audit),False,False,False,2025-04-23 12:09:17,-2435.845277777778,2
2025-04-23 12:09:41,True,True,DE,0,Baseline (Pre-Audit),False,False,False,2025-04-23 12:09:41,-2435.8386111111113,2
2025-04-23 12:10:49,False,True,DE,0,Baseline (Pre-Audit),False,False,False,2025-04-23 12:10:49,-2435.819722222222,4
2025-04-23 12:11:35,False,True,DE,0,Baseline (Pre-Audit),False,False,False,2025-04-23 12:11:35,-2435.8069444444445,4
2025-04-23 19:17:25,True,True,DE,154,Baseline (Pre-Audit),False,False,False,2025-04-23 19:17:25,-2428.7097222222224,1
2025-04-25 19:30:20,True,True,DE,0,Baseline (Pre-Audit),False,False,False,2025-04-25 19:30:20,-2380.4944444444445,2
2025-04-25 19:30:20,True,True,DE,52,Baseline (Pre-Audit),False,False,False,2025-04-25 19:30:20,-2380.4944444444445,1
2025-04-25 19:40:28,True,True,DE,85,Baseline (Pre-Audit),False,False,False,2025-04-25 19:40:28,-2380.3255555555556,1
2025-04-25 19:50:48,True,True,DE,0,Baseline (Pre-Audit),False,False,False,2025-04-25 19:50:48,-2380.153333333333,2
2025-04-25 19:51:12,True,True,DE,0,Baseline (Pre-Audit),False,False,False,2025-04-25 19:51:12,-2380.1466666666665,2
2025-04-25 19:54:20,True,True,DE,21,Baseline (Pre-Audit),False,False,False,2025-04-25 19:54:20,-2380.0944444444444,1
2025-04-26 11:34:44,True,True,DE,52,Baseline (Pre-Audit),False,False,False,2025-04-26 11:34:44,-2364.4211111111113,1
2025-04-26 13:20:08,True,True,DE,290,Baseline (Pre-Audit),False,False,False,2025-04-26 13:20:08,-2362.6644444444446,1
2025-04-26 17:32:08,True,True,DE,34,Baseline (Pre-Audit),False,False,False,2025-04-26 17:32:08,-2358.4644444444443,1
2025-04-26 17:32:55,True,True,DE,0,Baseline (Pre-Audit),False,False,False,2025-04-26 17:32:55,-2358.4513888888887,2
2025-04-26 17:33:14,True,True,DE,0,Baseline (Pre-Audit),False,False,False,2025-04-26 17:33:14,-2358.446111111111,2
2025-04-26 17:33:33,True,True,DE,0,Baseline (Pre-Audit),False,False,False,2025-04-26 17:33:33,-2358.4408333333336,2
2025-04-26 17:33:53,True,True,DE,57,Baseline (Pre-Audit),False,False,False,2025-04-26 17:33:53,-2358.4352777777776,1
2025-04-27 15:08:37,True,True,DE,182,Baseline (Pre-Audit),False,False,False,2025-04-27 15:08:37,-2336.856388888889,1
2025-04-28 11:46:14,True,True,DE,0,Baseline (Pre-Audit),False,False,False,2025-04-28 11:46:14,-2316.2294444444447,2
2025-04-28 12:00:20,True,True,DE,174,Baseline (Pre-Audit),False,False,False,2025-04-28 12:00:20,-2315.9944444444445,1
2025-04-28 12:02:11,False,True,DE,0,Baseline (Pre-Audit),False,False,False,2025-04-28 12:02:11,-2315.9636111111113,4
2025-04-28 13:52:17,False,True,DK,1384,Baseline (Pre-Audit),False,False,False,2025-04-28 13:52:17,-2314.1286111111112,3
2025-04-29 16:55:25,True,True,DE,13,Baseline (Pre-Audit),False,False,False,2025-04-29 16:55:25,-2287.0763888888887,1
2025-04-29 17:01:12,True,True,DE,6,Baseline (Pre-Audit),False,False,False,2025-04-29 17:01:12,-2286.98,2
2025-04-29 20:09:53,True,True,DE,12,Baseline (Pre-Audit),False,False,False,2025-04-29 20:09:53,-2283.8352777777777,1
2025-04-30 09:06:50,False,True,DK,0,Baseline (Pre-Audit),False,False,False,2025-04-30 09:06:50,-2270.886111111111,4
2025-04-30 09:44:35,False,True,DK,13,Baseline (Pre-Audit),False,False,False,2025-04-30 09:44:35,-2270.2569444444443,3
2025-04-30 09:48:30,False,True,DK,24,Baseline (Pre-Audit),False,False,False,2025-04-30 09:48:30,-2270.1916666666666,3
2025-04-30 09:51:14,False,True,DK,16,Baseline (Pre-Audit),False,False,False,2025-04-30 09:51:14,-2270.146111111111,3
2025-04-30 09:53:25,False,True,DK,0,Baseline (Pre-Audit),False,False,False,2025-04-30 09:53:25,-2270.1097222222224,4
2025-04-30 10:31:55,False,True,DK,139,Baseline (Pre-Audit),False,False,False,2025-04-30 10:31:55,-2269.4680555555556,3
2025-04-30 19:12:25,True,True,DE,0,Baseline (Pre-Audit),False,False,False,2025-04-30 19:12:25,-2260.7930555555554,2
2025-05-01 11:43:24,False,True,DE,0,Baseline (Pre-Audit),False,False,False,2025-05-01 11:43:24,-2244.2766666666666,4
2025-05-02 10:33:21,False,True,DE,0,Baseline (Pre-Audit),False,False,False,2025-05-02 10:33:21,-2221.4441666666667,4
2025-05-02 10:46:09,False,True,DE,0,Baseline (Pre-Audit),False,False,False,2025-05-02 10:46:09,-2221.2308333333335,4
2025-05-02 22:38:25,True,True,DE,0,Baseline (Pre-Audit),False,False,False,2025-05-02 22:38:25,-2209.3597222222224,2
2025-05-03 12:25:29,False,,,0,Baseline (Pre-Audit),False,False,False,2025-05-03 12:25:29,-2195.575277777778,3
2025-05-03 17:11:22,False,True,DE,124,Baseline (Pre-Audit),False,False,False,2025-05-03 17:11:22,-2190.8105555555558,3
2025-05-05 12:01:54,False,True,DE,0,Baseline (Pre-Audit),False,False,False,2025-05-05 12:01:54,-2147.9683333333332,4
2025-05-07 09:21:07,True,True,DE,77,Baseline (Pre-Audit),False,False,False,2025-05-07 09:21:07,-2102.6480555555554,1
2025-05-07 18:07:48,True,True,DE,173,Baseline (Pre-Audit),False,False,False,2025-05-07 18:07:48,-2093.87,1
2025-05-07 18:07:48,True,True,DE,173,Baseline (Pre-Audit),False,False,False,2025-05-07 18:07:48,-2093.87,1
2025-05-09 15:10:29,True,True,DE,20,Baseline (Pre-Audit),False,False,False,2025-05-09 15:10:29,-2048.825277777778,1
2025-05-09 18:39:18,True,True,DE,0,Baseline (Pre-Audit),False,False,False,2025-05-09 18:39:18,-2045.345,2
2025-05-11 15:54:50,True,True,DE,76,Baseline (Pre-Audit),False,False,False,2025-05-11 15:54:50,-2000.0861111111112,1
2025-05-12 12:06:55,False,True,DE,0,Baseline (Pre-Audit),False,False,False,2025-05-12 12:06:55,-1979.8847222222223,4
2025-05-21 18:40:17,True,True,DE,0,Baseline (Pre-Audit),False,False,False,2025-05-21 18:40:17,-1757.328611111111,2
2025-05-21 18:40:18,True,True,DE,0,Baseline (Pre-Audit),False,False,False,2025-05-21 18:40:18,-1757.3283333333334,2
2025-05-21 18:40:28,True,True,DE,0,Baseline (Pre-Audit),False,False,False,2025-05-21 18:40:28,-1757.3255555555556,2
2025-05-21 19:10:18,True,True,DE,70,Baseline (Pre-Audit),False,False,False,2025-05-21 19:10:18,-1756.8283333333334,1
2025-05-22 19:48:11,True,True,DE,15,Baseline (Pre-Audit),False,False,False,2025-05-22 19:48:11,-1732.1969444444444,1
2025-05-22 19:52:50,True,True,DE,0,Baseline (Pre-Audit),False,False,False,2025-05-22 19:52:50,-1732.1194444444445,2
2025-05-24 14:50:21,True,True,DE,5,Baseline (Pre-Audit),False,False,False,2025-05-24 14:50:21,-1689.1608333333334,2
2025-05-28 16:37:15,True,True,DE,0,Baseline (Pre-Audit),False,False,False,2025-05-28 16:37:15,-1591.3791666666666,2
2025-05-28 16:38:02,True,True,DE,0,Baseline (Pre-Audit),False,False,False,2025-05-28 16:38:02,-1591.3661111111112,2
2025-05-28 16:38:43,True,True,DE,0,Baseline (Pre-Audit),False,False,False,2025-05-28 16:38:43,-1591.3547222222223,2
2025-05-28 16:39:04,True,True,DE,0,Baseline (Pre-Audit),False,False,False,2025-05-28 16:39:04,-1591.348888888889,2
2025-05-28 16:51:47,True,True,DE,0,Baseline (Pre-Audit),False,False,False,2025-05-28 16:51:47,-1591.1369444444445,2
2025-05-28 16:52:58,True,True,DE,0,Baseline (Pre-Audit),False,False,False,2025-05-28 16:52:58,-1591.1172222222222,2
2025-05-28 16:57:15,True,True,DE,0,Baseline (Pre-Audit),False,False,False,2025-05-28 16:57:15,-1591.0458333333333,2
2025-05-28 17:02:12,True,True,DE,0,Baseline (Pre-Audit),False,False,False,2025-05-28 17:02:12,-1590.9633333333334,2
2025-05-28 17:02:55,True,True,DE,31,Baseline (Pre-Audit),False,False,False,2025-05-28 17:02:55,-1590.951388888889,1
2025-05-29 13:33:03,True,True,DE,159,Baseline (Pre-Audit),False,False,False,2025-05-29 13:33:03,-1570.4491666666668,1
2025-05-31 11:11:34,True,True,DE,83,Baseline (Pre-Audit),False,False,False,2025-05-31 11:11:34,-1524.8072222222222,1
2025-05-31 17:27:13,True,True,DE,20,Baseline (Pre-Audit),False,False,False,2025-05-31 17:27:13,-1518.546388888889,1
2025-05-31 17:28:24,True,True,DE,97,Baseline (Pre-Audit),False,False,False,2025-05-31 17:28:24,-1518.5266666666666,1
2025-05-31 18:03:01,True,True,DE,0,Baseline (Pre-Audit),False,False,False,2025-05-31 18:03:01,-1517.9497222222221,2
2025-06-01 19:37:42,True,True,DE,0,Baseline (Pre-Audit),False,False,False,2025-06-01 19:37:42,-1492.3716666666667,2
2025-06-07 11:01:02,True,True,DE,25,Baseline (Pre-Audit),False,False,False,2025-06-07 11:01:02,-1356.9827777777778,1
2025-06-07 13:44:06,True,True,DE,0,Baseline (Pre-Audit),False,False,False,2025-06-07 13:44:06,-1354.265,2
2025-06-07 13:44:07,True,True,DE,12,Baseline (Pre-Audit),False,False,False,2025-06-07 13:44:07,-1354.2647222222222,1
2025-06-17 12:32:51,True,True,DE,0,Baseline (Pre-Audit),False,False,False,2025-06-17 12:32:51,-1115.4525,2
2025-06-17 12:52:18,True,True,DE,736,Baseline (Pre-Audit),False,False,False,2025-06-17 12:52:18,-1115.1283333333333,1
2025-06-19 18:17:36,True,True,DE,1,Baseline (Pre-Audit),False,False,False,2025-06-19 18:17:36,-1061.7066666666667,2
2025-06-19 20:42:33,True,True,DE,466,Baseline (Pre-Audit),False,False,False,2025-06-19 20:42:33,-1059.2908333333332,1
2025-06-20 20:09:19,True,True,DE,261,Baseline (Pre-Audit),False,False,False,2025-06-20 20:09:19,-1035.8447222222221,1
2025-06-23 13:35:21,False,True,DE,108,Baseline (Pre-Audit),False,False,False,2025-06-23 13:35:21,-970.4108333333334,3
2025-06-23 17:00:43,False,True,DE,967,Baseline (Pre-Audit),False,False,False,2025-06-23 17:00:43,-966.9880555555555,3
2025-06-24 18:33:46,True,True,DE,31,Baseline (Pre-Audit),False,False,False,2025-06-24 18:33:46,-941.4372222222222,1
2025-06-27 19:49:22,True,True,DE,9,Baseline (Pre-Audit),False,False,False,2025-06-27 19:49:22,-868.1772222222222,2
2025-06-27 19:49:50,True,True,DE,0,Baseline (Pre-Audit),False,False,False,2025-06-27 19:49:50,-868.1694444444445,2
2025-06-28 13:04:04,True,True,DE,34,Baseline (Pre-Audit),False,False,False,2025-06-28 13:04:04,-850.9322222222222,1
2025-06-28 13:25:00,True,True,DE,10,Baseline (Pre-Audit),False,False,False,2025-06-28 13:25:00,-850.5833333333334,1
2025-06-28 13:39:43,True,True,DE,55,Baseline (Pre-Audit),False,False,False,2025-06-28 13:39:43,-850.3380555555556,1
2025-07-03 10:20:02,True,True,DE,12,Baseline (Pre-Audit),False,False,False,2025-07-03 10:20:02,-733.6661111111111,1
2025-07-03 10:29:47,True,True,DE,20,Baseline (Pre-Audit),False,False,False,2025-07-03 10:29:47,-733.5036111111111,1
2025-07-06 14:56:39,True,True,DE,342,Baseline (Pre-Audit),False,False,False,2025-07-06 14:56:39,-657.0558333333333,1
2025-07-08 10:20:36,True,True,DE,133,Baseline (Pre-Audit),False,False,False,2025-07-08 10:20:36,-613.6566666666666,1
2025-07-08 10:25:16,True,True,DE,82,Baseline (Pre-Audit),False,False,False,2025-07-08 10:25:16,-613.5788888888889,1
2025-07-09 18:41:05,True,True,DE,0,Baseline (Pre-Audit),False,False,False,2025-07-09 18:41:05,-581.3152777777777,2
2025-07-09 18:46:40,True,True,DE,0,Baseline (Pre-Audit),False,False,False,2025-07-09 18:46:40,-581.2222222222222,2
2025-07-11 16:07:25,True,True,DE,122,Baseline (Pre-Audit),False,False,False,2025-07-11 16:07:25,-535.8763888888889,1
2025-07-15 11:52:03,False,True,DE,0,Baseline (Pre-Audit),False,False,False,2025-07-15 11:52:03,-444.1325,4
2025-07-15 16:06:14,False,True,DE,11,Baseline (Pre-Audit),False,False,False,2025-07-15 16:06:14,-439.8961111111111,3
2025-07-16 15:34:22,False,True,DE,203,Baseline (Pre-Audit),False,False,False,2025-07-16 15:34:22,-416.4272222222222,3
2025-07-16 18:42:30,True,True,DE,0,Baseline (Pre-Audit),False,False,False,2025-07-16 18:42:30,-413.2916666666667,2
2025-07-16 19:05:35,True,True,DE,110,Baseline (Pre-Audit),False,False,False,2025-07-16 19:05:35,-412.90694444444443,1
2025-07-18 12:52:54,False,True,DE,62,Baseline (Pre-Audit),False,False,False,2025-07-18 12:52:54,-371.11833333333334,3
2025-07-18 13:27:52,False,True,DE,175,Baseline (Pre-Audit),False,False,False,2025-07-18 13:27:52,-370.53555555555556,3
2025-07-18 15:20:22,True,True,DE,34,Baseline (Pre-Audit),False,False,False,2025-07-18 15:20:22,-368.66055555555556,1
2025-07-19 09:10:01,True,True,DE,26,Baseline (Pre-Audit),False,False,True,2025-07-19 09:10:01,-350.8330555555556,1
2025-07-19 20:44:13,True,True,DE,306,Baseline (Pre-Audit),False,False,True,2025-07-19 20:44:13,-339.2630555555556,1
2025-07-20 20:50:44,True,True,DE,108,Baseline (Pre-Audit),False,False,True,2025-07-20 20:50:44,-315.15444444444444,1
2025-07-21 09:48:58,False,,,0,Baseline (Pre-Audit),False,False,True,2025-07-21 09:48:58,-302.1838888888889,3
2025-07-21 09:50:02,False,,,659,Baseline (Pre-Audit),False,False,True,2025-07-21 09:50:02,-302.1661111111111,2
2025-07-22 16:14:16,True,True,DE,0,Baseline (Pre-Audit),False,False,True,2025-07-22 16:14:16,-271.76222222222225,2
2025-07-24 15:42:02,True,True,DE,99,Baseline (Pre-Audit),False,False,True,2025-07-24 15:42:02,-224.29944444444445,1
2025-07-28 11:12:57,True,True,DE,26,Baseline (Pre-Audit),False,False,True,2025-07-28 11:12:57,-132.78416666666666,1
2025-07-28 16:08:46,True,True,DE,15,Baseline (Pre-Audit),False,False,True,2025-07-28 16:08:46,-127.85388888888889,1
2025-07-28 19:16:33,True,True,DE,0,Baseline (Pre-Audit),False,False,True,2025-07-28 19:16:33,-124.72416666666666,2
2025-07-28 19:18:48,True,True,DE,103,Baseline (Pre-Audit),False,False,True,2025-07-28 19:18:48,-124.68666666666667,1
2025-07-30 12:39:39,True,True,DK,0,Baseline (Pre-Audit),False,False,True,2025-07-30 12:39:39,-83.33916666666667,2
2025-07-30 21:40:15,False,True,DK,13,Baseline (Pre-Audit),False,False,True,2025-07-30 21:40:15,-74.32916666666667,3
2025-07-30 21:40:30,True,True,DK,0,Baseline (Pre-Audit),False,False,True,2025-07-30 21:40:30,-74.325,2
2025-07-31 19:37:13,True,True,DE,0,Baseline (Pre-Audit),False,True,True,2025-07-31 19:37:13,-52.37972222222222,2
2025-07-31 19:37:59,True,True,DE,5,Baseline (Pre-Audit),False,True,True,2025-07-31 19:37:59,-52.36694444444444,2
2025-07-31 19:38:34,True,True,DE,0,Baseline (Pre-Audit),False,True,True,2025-07-31 19:38:34,-52.35722222222222,2
2025-08-03 19:37:56,True,True,DE,29,Phase 1: Invisible (RU/BY),True,True,True,2025-08-03 19:37:56,19.63222222222222,6
2025-08-03 20:18:43,True,True,DE,0,Phase 1: Invisible (RU/BY),True,True,True,2025-08-03 20:18:43,20.311944444444446,7
2025-08-03 21:14:45,True,True,DE,0,Phase 1: Invisible (RU/BY),True,True,True,2025-08-03 21:14:45,21.245833333333334,7
2025-08-04 11:27:32,False,True,DE,0,Phase 1: Invisible (RU/BY),True,True,True,2025-08-04 11:27:32,35.458888888888886,9
2025-08-04 14:02:21,False,True,PL,0,Phase 1: Invisible (RU/BY),True,True,True,2025-08-04 14:02:21,38.03916666666667,11
2025-08-04 21:19:41,True,True,DE,154,Phase 1: Invisible (RU/BY),True,True,True,2025-08-04 21:19:41,45.32805555555556,6
2025-08-05 15:27:39,False,True,DE,26,Phase 1: Invisible (RU/BY),True,True,True,2025-08-05 15:27:39,63.46083333333333,8
2025-08-05 18:23:04,True,True,DE,132,Phase 1: Invisible (RU/BY),True,True,True,2025-08-05 18:23:04,66.38444444444444,6
2025-08-05 22:14:37,True,True,DE,0,Phase 1: Invisible (RU/BY),True,True,True,2025-08-05 22:14:37,70.24361111111111,7
2025-08-06 10:08:29,True,True,DE,0,Phase 1: Invisible (RU/BY),False,True,True,2025-08-06 10:08:29,82.14138888888888,4
2025-08-06 10:56:07,True,True,DE,0,Phase 1: Invisible (RU/BY),False,True,True,2025-08-06 10:56:07,82.93527777777778,4
2025-08-06 21:33:12,True,True,DE,8,Phase 1: Invisible (RU/BY),False,True,True,2025-08-06 21:33:12,93.55333333333333,4
2025-08-06 21:34:42,True,True,DE,7,Phase 1: Invisible (RU/BY),False,True,True,2025-08-06 21:34:42,93.57833333333333,4
2025-08-07 14:30:31,True,True,DE,133,Phase 1: Invisible (RU/BY),False,False,True,2025-08-07 14:30:31,110.50861111111111,3
2025-08-07 15:14:00,True,True,DE,53,Phase 1: Invisible (RU/BY),False,False,True,2025-08-07 15:14:00,111.23333333333333,3
2025-08-07 16:54:56,True,True,DE,121,Phase 1: Invisible (RU/BY),False,False,True,2025-08-07 16:54:56,112.91555555555556,3
2025-08-08 16:33:31,True,True,DE,30,Phase 1: Invisible (RU/BY),False,False,True,2025-08-08 16:33:31,136.5586111111111,3
2025-08-09 13:17:48,True,True,DE,117,Phase 1: Invisible (RU/BY),False,False,True,2025-08-09 13:17:48,157.29666666666665,3
2025-08-09 16:35:28,True,True,DE,0,Phase 1: Invisible (RU/BY),False,False,True,2025-08-09 16:35:28,160.5911111111111,4
2025-08-09 17:09:20,True,True,DE,78,Phase 1: Invisible (RU/BY),False,False,True,2025-08-09 17:09:20,161.15555555555557,3
2025-08-09 18:26:58,True,True,DE,0,Phase 1: Invisible (RU/BY),False,False,True,2025-08-09 18:26:58,162.44944444444445,4
2025-08-09 18:29:55,True,True,DE,17,Phase 1: Invisible (RU/BY),False,False,True,2025-08-09 18:29:55,162.4986111111111,3
2025-08-13 11:38:46,True,True,DE,16,Phase 1: Invisible (RU/BY),False,False,True,2025-08-13 11:38:46,251.6461111111111,3
2025-08-13 11:39:16,True,True,DE,0,Phase 1: Invisible (RU/BY),False,False,True,2025-08-13 11:39:16,251.65444444444444,4
2025-08-13 11:39:28,True,True,DE,0,Phase 1: Invisible (RU/BY),False,False,True,2025-08-13 11:39:28,251.65777777777777,4
2025-08-13 11:39:29,True,True,DE,80,Phase 1: Invisible (RU/BY),False,False,True,2025-08-13 11:39:29,251.65805555555556,3
2025-08-13 11:45:05,True,True,DE,14,Phase 1: Invisible (RU/BY),False,False,True,2025-08-13 11:45:05,251.7513888888889,3
2025-08-13 11:56:04,True,True,DE,19,Phase 1: Invisible (RU/BY),False,False,True,2025-08-13 11:56:04,251.93444444444444,3
2025-08-13 11:57:02,True,True,DE,37,Phase 1: Invisible (RU/BY),False,False,True,2025-08-13 11:57:02,251.95055555555555,3
2025-08-13 15:36:42,True,True,DE,27,Phase 1: Invisible (RU/BY),False,False,True,2025-08-13 15:36:42,255.61166666666668,3
2025-08-13 19:39:20,True,True,DE,214,Phase 1: Invisible (RU/BY),False,False,True,2025-08-13 19:39:20,259.65555555555557,3
2025-08-13 19:39:23,True,True,DE,0,Phase 1: Invisible (RU/BY),False,False,True,2025-08-13 19:39:23,259.6563888888889,4
2025-08-13 20:21:06,True,True,DE,180,Phase 1: Invisible (RU/BY),False,False,True,2025-08-13 20:21:06,260.3516666666667,3
2025-08-14 14:58:08,False,,,0,Phase 1: Invisible (RU/BY),False,False,True,2025-08-14 14:58:08,278.9688888888889,5
2025-08-15 13:41:12,False,,,0,Phase 1: Invisible (RU/BY),False,False,True,2025-08-15 13:41:12,301.68666666666667,5
2025-08-15 13:41:12,False,,,0,Phase 1: Invisible (RU/BY),False,False,True,2025-08-15 13:41:12,301.68666666666667,5
2025-08-15 13:41:15,True,True,DE,0,Phase 1: Invisible (RU/BY),False,False,True,2025-08-15 13:41:15,301.6875,4
2025-08-16 14:17:43,True,True,DE,0,Phase 1: Invisible (RU/BY),False,False,True,2025-08-16 14:17:43,326.29527777777776,4
2025-08-17 14:07:10,True,True,DE,12,Phase 1: Invisible (RU/BY),False,False,True,2025-08-17 14:07:10,350.11944444444447,3
2025-08-17 14:07:37,True,True,DE,12,Phase 1: Invisible (RU/BY),False,False,True,2025-08-17 14:07:37,350.12694444444446,3
2025-08-19 14:27:29,False,,,0,Phase 1: Invisible (RU/BY),False,False,False,2025-08-19 14:27:29,398.4580555555556,5
2025-08-19 14:27:45,False,,,7,Phase 1: Invisible (RU/BY),False,False,False,2025-08-19 14:27:45,398.4625,5
2025-08-20 11:15:34,False,True,PL,8,Phase 1: Invisible (RU/BY),False,False,False,2025-08-20 11:15:34,419.25944444444445,8
2025-08-20 13:20:40,False,True,DE,57,Phase 1: Invisible (RU/BY),False,False,False,2025-08-20 13:20:40,421.34444444444443,5
2025-08-20 13:23:04,False,True,DE,9,Phase 1: Invisible (RU/BY),False,False,False,2025-08-20 13:23:04,421.38444444444445,6
2025-08-20 16:41:14,True,True,DE,293,Phase 1: Invisible (RU/BY),False,False,False,2025-08-20 16:41:14,424.6872222222222,3
2025-08-20 20:06:16,True,True,DE,0,Phase 1: Invisible (RU/BY),False,False,False,2025-08-20 20:06:16,428.1044444444444,4
2025-08-21 11:26:58,False,True,DE,75,Phase 1: Invisible (RU/BY),False,False,False,2025-08-21 11:26:58,443.44944444444445,5
2025-08-21 11:29:06,False,True,DE,323,Phase 1: Invisible (RU/BY),False,False,False,2025-08-21 11:29:06,443.485,5
2025-08-21 12:33:58,False,True,DE,209,Phase 1: Invisible (RU/BY),False,False,False,2025-08-21 12:33:58,444.5661111111111,5
2025-08-26 19:35:07,True,True,DE,0,Phase 1: Invisible (RU/BY),False,False,False,2025-08-26 19:35:07,-484.4147222222222,4
2025-08-27 14:36:35,True,True,DE,42,Phase 1: Invisible (RU/BY),False,False,False,2025-08-27 14:36:35,-465.3902777777778,3
2025-08-29 11:00:52,False,True,DE,19,Phase 1: Invisible (RU/BY),False,False,False,2025-08-29 11:00:52,-420.98555555555555,5
2025-08-29 12:45:33,False,True,DE,67,Phase 1: Invisible (RU/BY),False,False,False,2025-08-29 12:45:33,-419.24083333333334,5
2025-08-29 18:28:48,True,True,DE,82,Phase 1: Invisible (RU/BY),False,False,False,2025-08-29 18:28:48,-413.52,3
2025-08-29 19:27:21,True,True,DE,0,Phase 1: Invisible (RU/BY),False,False,False,2025-08-29 19:27:21,-412.5441666666667,4
2025-08-30 13:31:51,True,True,DE,0,Phase 1: Invisible (RU/BY),False,False,False,2025-08-30 13:31:51,-394.4691666666667,4
2025-08-30 13:40:44,True,True,DE,46,Phase 1: Invisible (RU/BY),False,False,False,2025-08-30 13:40:44,-394.3211111111111,3
2025-09-02 15:41:00,True,True,DE,20,Phase 1: Invisible (RU/BY),False,False,True,2025-09-02 15:41:00,-320.31666666666666,3
2025-09-04 10:30:04,True,True,DE,0,Phase 1: Invisible (RU/BY),False,False,True,2025-09-04 10:30:04,-277.49888888888887,4
2025-09-04 10:34:34,True,True,DE,22,Phase 1: Invisible (RU/BY),False,False,True,2025-09-04 10:34:34,-277.4238888888889,3
2025-09-04 17:59:02,True,True,DE,22,Phase 1: Invisible (RU/BY),False,False,True,2025-09-04 17:59:02,-270.0161111111111,3
2025-09-04 18:00:28,True,True,DE,61,Phase 1: Invisible (RU/BY),False,False,True,2025-09-04 18:00:28,-269.9922222222222,3
2025-09-05 12:39:40,True,True,DE,104,Phase 1: Invisible (RU/BY),False,False,True,2025-09-05 12:39:40,-251.3388888888889,3
2025-09-05 15:52:20,True,True,DE,0,Phase 1: Invisible (RU/BY),False,False,True,2025-09-05 15:52:20,-248.12777777777777,4
2025-09-07 19:07:01,True,True,DE,0,Phase 1: Invisible (RU/BY),False,False,True,2025-09-07 19:07:01,-196.88305555555556,4
2025-09-07 19:08:11,True,True,DE,0,Phase 1: Invisible (RU/BY),False,False,True,2025-09-07 19:08:11,-196.8636111111111,4
2025-09-08 10:45:03,True,False,Non-EU,14,Phase 1: Invisible (RU/BY),False,False,True,2025-09-08 10:45:03,-181.24916666666667,2
2025-09-08 13:03:19,True,True,DE,0,Phase 1: Invisible (RU/BY),False,False,True,2025-09-08 13:03:19,-178.94472222222223,4
2025-09-08 13:05:08,True,True,DE,90,Phase 1: Invisible (RU/BY),False,False,True,2025-09-08 13:05:08,-178.91444444444446,3
2025-09-08 15:52:45,True,True,DE,0,Phase 1: Invisible (RU/BY),False,False,True,2025-09-08 15:52:45,-176.12083333333334,4
2025-09-08 15:52:46,True,True,DE,0,Phase 1: Invisible (RU/BY),False,False,True,2025-09-08 15:52:46,-176.12055555555557,4
2025-09-08 16:30:44,True,True,DE,0,Phase 1: Invisible (RU/BY),False,False,True,2025-09-08 16:30:44,-175.48777777777778,4
2025-09-08 16:31:45,True,True,DE,0,Phase 1: Invisible (RU/BY),False,False,True,2025-09-08 16:31:45,-175.47083333333333,4
2025-09-08 16:37:24,True,True,DE,0,Phase 1: Invisible (RU/BY),False,False,True,2025-09-08 16:37:24,-175.37666666666667,4
2025-09-09 00:33:18,False,True,DE,0,Phase 1: Invisible (RU/BY),False,False,True,2025-09-09 00:33:18,-167.445,6
2025-09-09 17:13:56,True,,,52,Phase 1: Invisible (RU/BY),False,False,True,2025-09-09 17:13:56,-150.76777777777778,2
2025-09-09 17:15:02,True,,,401,Phase 1: Invisible (RU/BY),False,False,True,2025-09-09 17:15:02,-150.74944444444444,2
2025-09-10 00:55:21,False,True,DE,0,Phase 1: Invisible (RU/BY),False,False,True,2025-09-10 00:55:21,-143.0775,6
2025-09-10 17:25:51,False,True,DE,0,Phase 1: Invisible (RU/BY),False,False,True,2025-09-10 17:25:51,-126.56916666666666,6
2025-09-11 12:00:24,False,True,DE,0,Phase 1: Invisible (RU/BY),False,False,True,2025-09-11 12:00:24,-107.99333333333334,6
2025-09-11 12:01:05,False,True,DE,0,Phase 1: Invisible (RU/BY),False,False,True,2025-09-11 12:01:05,-107.98194444444445,6
2025-09-11 12:06:17,False,True,DE,0,Phase 1: Invisible (RU/BY),False,False,True,2025-09-11 12:06:17,-107.89527777777778,6
2025-09-11 14:42:43,False,True,DE,0,Phase 1: Invisible (RU/BY),False,False,True,2025-09-11 14:42:43,-105.28805555555556,6
2025-09-12 12:53:07,True,True,DE,35,Phase 1: Invisible (RU/BY),False,False,True,2025-09-12 12:53:07,-83.11472222222223,3
2025-09-12 13:15:48,True,True,DE,0,Phase 1: Invisible (RU/BY),False,False,True,2025-09-12 13:15:48,-82.73666666666666,4
2025-09-12 13:22:01,True,True,DE,0,Phase 1: Invisible (RU/BY),False,False,True,2025-09-12 13:22:01,-82.63305555555556,4
2025-09-13 12:45:04,True,True,DE,47,Phase 1: Invisible (RU/BY),False,True,True,2025-09-13 12:45:04,-59.24888888888889,3
2025-09-16 12:47:51,True,True,DE,29,Phase 2: Visible (DE/UA/Public),True,True,True,2025-09-16 12:47:51,12.7975,6
2025-09-16 13:22:53,True,True,DE,0,Phase 2: Visible (DE/UA/Public),True,True,True,2025-09-16 13:22:53,13.381388888888889,7
2025-09-16 20:53:14,True,True,DE,620,Phase 2: Visible (DE/UA/Public),True,True,True,2025-09-16 20:53:14,20.88722222222222,6
2025-09-18 00:00:42,True,True,DE,56,Phase 2: Visible (DE/UA/Public),True,True,True,2025-09-18 00:00:42,-23.988333333333333,6
2025-09-20 12:21:46,True,True,DE,15,Phase 2: Visible (DE/UA/Public),True,True,True,2025-09-20 12:21:46,36.36277777777778,6
2025-09-21 20:55:16,False,True,DE,0,Phase 2: Visible (DE/UA/Public),True,True,True,2025-09-21 20:55:16,68.92111111111112,9
2025-09-21 20:55:23,False,True,DE,273,Phase 2: Visible (DE/UA/Public),True,True,True,2025-09-21 20:55:23,68.92305555555555,8
2025-09-21 21:00:07,False,True,DE,256,Phase 2: Visible (DE/UA/Public),True,True,True,2025-09-21 21:00:07,69.00194444444445,8
2025-09-21 21:04:34,False,True,DE,492,Phase 2: Visible (DE/UA/Public),True,True,True,2025-09-21 21:04:34,69.07611111111112,8
2025-09-21 21:13:07,False,True,DE,174,Phase 2: Visible (DE/UA/Public),True,True,True,2025-09-21 21:13:07,69.21861111111112,8
2025-09-23 17:57:04,True,True,DE,0,Phase 2: Visible (DE/UA/Public),False,False,True,2025-09-23 17:57:04,113.95111111111112,4
2025-09-23 17:57:51,True,True,DE,245,Phase 2: Visible (DE/UA/Public),False,False,True,2025-09-23 17:57:51,113.96416666666667,3
2025-09-24 12:00:55,True,True,DE,0,Phase 2: Visible (DE/UA/Public),False,False,True,2025-09-24 12:00:55,132.01527777777778,4
2025-09-26 11:51:15,True,True,DE,23,Phase 2: Visible (DE/UA/Public),False,False,True,2025-09-26 11:51:15,179.85416666666666,3
2025-09-26 12:35:26,True,True,DE,549,Phase 2: Visible (DE/UA/Public),False,False,True,2025-09-26 12:35:26,180.59055555555557,3
2025-09-27 12:22:46,True,True,DE,0,Phase 2: Visible (DE/UA/Public),False,False,True,2025-09-27 12:22:46,204.37944444444443,4
2025-09-27 12:43:01,True,True,DE,0,Phase 2: Visible (DE/UA/Public),False,False,True,2025-09-27 12:43:01,204.71694444444444,4
2025-09-27 13:35:45,True,True,DE,50,Phase 2: Visible (DE/UA/Public),False,False,True,2025-09-27 13:35:45,205.59583333333333,3
2025-09-27 17:23:35,True,True,DE,15,Phase 2: Visible (DE/UA/Public),False,False,True,2025-09-27 17:23:35,209.39305555555555,3
2025-09-30 11:25:47,True,True,DE,0,Phase 2: Visible (DE/UA/Public),False,False,True,2025-09-30 11:25:47,275.4297222222222,4
2025-09-30 11:28:50,True,True,DE,0,Phase 2: Visible (DE/UA/Public),False,False,True,2025-09-30 11:28:50,275.48055555555555,4
2025-09-30 11:31:18,True,True,DE,0,Phase 2: Visible (DE/UA/Public),False,False,True,2025-09-30 11:31:18,275.52166666666665,4
2025-10-01 15:20:47,True,True,DE,120,Phase 2: Visible (DE/UA/Public),False,False,True,2025-10-01 15:20:47,303.3463888888889,3
2025-10-01 19:37:19,True,True,DE,22,Phase 2: Visible (DE/UA/Public),False,False,True,2025-10-01 19:37:19,307.62194444444447,3
2025-10-01 19:44:13,True,True,DE,19,Phase 2: Visible (DE/UA/Public),False,False,True,2025-10-01 19:44:13,307.7369444444444,3
2025-10-02 14:56:46,True,True,DE,0,Phase 2: Visible (DE/UA/Public),False,False,True,2025-10-02 14:56:46,326.9461111111111,4
2025-10-04 16:41:00,True,True,DE,98,Phase 2: Visible (DE/UA/Public),False,False,True,2025-10-04 16:41:00,376.68333333333334,3
2025-10-04 18:14:11,True,True,DE,73,Phase 2: Visible (DE/UA/Public),False,False,True,2025-10-04 18:14:11,378.2363888888889,3
2025-10-06 09:43:47,False,True,DE,138,Phase 2: Visible (DE/UA/Public),False,False,False,2025-10-06 09:43:47,417.7297222222222,5
2025-10-07 07:59:14,True,True,DE,32,Phase 2: Visible (DE/UA/Public),False,False,False,2025-10-07 07:59:14,439.9872222222222,3
2025-10-07 08:00:40,True,True,DE,41,Phase 2: Visible (DE/UA/Public),False,False,False,2025-10-07 08:00:40,440.0111111111111,3
2025-10-07 10:10:31,True,True,DE,32,Phase 2: Visible (DE/UA/Public),False,False,False,2025-10-07 10:10:31,442.17527777777775,3
2025-10-07 19:42:41,True,True,DE,83,Phase 2: Visible (DE/UA/Public),False,False,False,2025-10-07 19:42:41,451.7113888888889,3
2025-10-08 09:17:54,True,True,DE,39,Phase 2: Visible (DE/UA/Public),False,False,False,2025-10-08 09:17:54,465.29833333333335,3
2025-10-08 09:20:23,True,True,DE,12,Phase 2: Visible (DE/UA/Public),False,False,False,2025-10-08 09:20:23,465.33972222222224,3
2025-10-08 10:02:35,True,True,DE,19,Phase 2: Visible (DE/UA/Public),False,False,False,2025-10-08 10:02:35,466.04305555555555,3
2025-10-11 16:31:23,True,True,DE,0,Phase 2: Visible (DE/UA/Public),False,False,False,2025-10-11 16:31:23,544.5230555555555,4
2025-10-12 02:22:13,True,True,DE,0,Phase 2: Visible (DE/UA/Public),False,False,False,2025-10-12 02:22:13,554.3702777777778,4
2025-10-12 12:05:58,True,True,DE,0,Phase 2: Visible (DE/UA/Public),False,False,False,2025-10-12 12:05:58,564.0994444444444,4
2025-10-12 14:16:29,True,True,DE,0,Phase 2: Visible (DE/UA/Public),False,False,False,2025-10-12 14:16:29,566.2747222222222,4
2025-10-12 14:22:20,True,True,DE,145,Phase 2: Visible (DE/UA/Public),False,False,False,2025-10-12 14:22:20,566.3722222222223,3
2025-10-14 15:42:03,True,True,DE,105,Phase 2: Visible (DE/UA/Public),False,False,False,2025-10-14 15:42:03,615.7008333333333,3
2025-10-14 20:20:06,True,True,DE,10,Phase 2: Visible (DE/UA/Public),False,False,False,2025-10-14 20:20:06,620.335,3
2025-10-17 10:49:30,False,True,DE,0,Phase 2: Visible (DE/UA/Public),False,False,False,2025-10-17 10:49:30,682.825,6
2025-10-18 18:04:06,True,True,DE,60,Phase 2: Visible (DE/UA/Public),False,False,False,2025-10-18 18:04:06,714.0683333333334,3
2025-10-18 18:29:55,True,True,DE,166,Phase 2: Visible (DE/UA/Public),False,False,False,2025-10-18 18:29:55,714.4986111111111,3
2025-10-19 14:27:05,True,True,DE,168,Phase 2: Visible (DE/UA/Public),False,False,False,2025-10-19 14:27:05,-729.5486111111111,3
2025-10-20 15:14:20,True,True,DE,69,Phase 2: Visible (DE/UA/Public),False,False,False,2025-10-20 15:14:20,-704.7611111111111,3
2025-10-20 18:18:02,True,True,DE,24,Phase 2: Visible (DE/UA/Public),False,False,False,2025-10-20 18:18:02,-701.6994444444445,3
2025-10-20 18:48:18,True,True,DE,34,Phase 2: Visible (DE/UA/Public),False,False,False,2025-10-20 18:48:18,-701.195,3
2025-10-23 14:13:47,True,True,DE,0,Phase 2: Visible (DE/UA/Public),False,False,False,2025-10-23 14:13:47,-633.7702777777778,4
2025-10-29 11:49:27,False,True,DE,0,Phase 2: Visible (DE/UA/Public),False,False,False,2025-10-29 11:49:27,-492.17583333333334,6
2025-10-29 11:49:27,False,True,DE,0,Phase 2: Visible (DE/UA/Public),False,False,False,2025-10-29 11:49:27,-492.17583333333334,6
2025-10-29 11:50:18,False,True,DE,38,Phase 2: Visible (DE/UA/Public),False,False,False,2025-10-29 11:50:18,-492.1616666666667,5
2025-10-29 12:04:47,False,False,Non-EU,531,Phase 2: Visible (DE/UA/Public),False,False,False,2025-10-29 12:04:47,-491.92027777777776,4
2025-10-29 13:36:52,True,True,DE,68,Phase 2: Visible (DE/UA/Public),False,False,False,2025-10-29 13:36:52,-490.3855555555556,3
2025-10-31 11:20:26,True,True,DE,95,Phase 2: Visible (DE/UA/Public),False,False,False,2025-10-31 11:20:26,-444.65944444444443,3
2025-10-31 11:30:14,True,True,DE,69,Phase 2: Visible (DE/UA/Public),False,False,False,2025-10-31 11:30:14,-444.49611111111113,3
2025-11-01 11:21:55,True,True,DE,0,Phase 2: Visible (DE/UA/Public),False,False,False,2025-11-01 11:21:55,-420.6347222222222,4
2025-11-01 11:27:22,True,True,DE,0,Phase 2: Visible (DE/UA/Public),False,False,False,2025-11-01 11:27:22,-420.5438888888889,4
2025-11-01 11:31:38,True,True,DE,22,Phase 2: Visible (DE/UA/Public),False,False,False,2025-11-01 11:31:38,-420.47277777777776,3
2025-11-02 12:38:10,False,True,PL,0,Phase 2: Visible (DE/UA/Public),False,False,False,2025-11-02 12:38:10,-395.3638888888889,8
2025-11-04 16:12:24,False,True,DE,0,Phase 2: Visible (DE/UA/Public),False,False,True,2025-11-04 16:12:24,-343.79333333333335,6
2025-11-04 17:42:27,True,True,DE,0,Phase 2: Visible (DE/UA/Public),False,False,True,2025-11-04 17:42:27,-342.2925,4
2025-11-04 17:58:38,True,True,DE,6,Phase 2: Visible (DE/UA/Public),False,False,True,2025-11-04 17:58:38,-342.0227777777778,4
2025-11-05 10:37:48,False,True,DE,0,Phase 2: Visible (DE/UA/Public),False,False,True,2025-11-05 10:37:48,-325.37,6
2025-11-05 13:46:32,False,True,DE,0,Phase 2: Visible (DE/UA/Public),False,False,True,2025-11-05 13:46:32,-322.22444444444443,6
2025-11-05 17:50:08,True,True,DE,103,Phase 2: Visible (DE/UA/Public),False,False,True,2025-11-05 17:50:08,-318.1644444444444,3
2025-11-06 16:12:01,True,True,DE,10,Phase 2: Visible (DE/UA/Public),False,False,True,2025-11-06 16:12:01,-295.7997222222222,3
2025-11-06 18:34:04,True,True,DE,17,Phase 2: Visible (DE/UA/Public),False,False,True,2025-11-06 18:34:04,-293.4322222222222,3
2025-11-06 21:24:26,True,True,DE,20,Phase 2: Visible (DE/UA/Public),False,False,True,2025-11-06 21:24:26,-290.59277777777777,3
2025-11-07 11:33:39,False,True,DE,0,Phase 2: Visible (DE/UA/Public),False,False,True,2025-11-07 11:33:39,-276.43916666666667,6
2025-11-07 19:53:17,True,True,DE,44,Phase 2: Visible (DE/UA/Public),False,False,True,2025-11-07 19:53:17,-268.1119444444444,3
2025-11-08 13:10:57,True,True,DE,155,Phase 2: Visible (DE/UA/Public),False,False,True,2025-11-08 13:10:57,-250.8175,3
2025-11-08 18:35:29,True,True,DE,56,Phase 2: Visible (DE/UA/Public),False,False,True,2025-11-08 18:35:29,-245.4086111111111,3
2025-11-08 19:16:00,True,True,DE,20,Phase 2: Visible (DE/UA/Public),False,False,True,2025-11-08 19:16:00,-244.73333333333332,3
2025-11-09 14:16:04,True,True,DE,30,Phase 2: Visible (DE/UA/Public),False,False,True,2025-11-09 14:16:04,-225.73222222222222,3
2025-11-10 08:29:40,False,True,DE,0,Phase 2: Visible (DE/UA/Public),False,False,True,2025-11-10 08:29:40,-207.50555555555556,6
2025-11-12 10:52:38,False,,,0,Phase 2: Visible (DE/UA/Public),False,False,True,2025-11-12 10:52:38,-157.12277777777777,5
2025-11-19 09:59:19,True,True,DE,20,Phase 3: Manifestation (Performance/AGI),True,True,True,2025-11-19 09:59:19,9.988611111111112,6
2025-11-19 10:29:45,True,True,DE,28,Phase 3: Manifestation (Performance/AGI),True,True,True,2025-11-19 10:29:45,10.495833333333334,6
2025-11-19 10:53:59,False,,,0,Phase 3: Manifestation (Performance/AGI),True,True,True,2025-11-19 10:53:59,10.899722222222222,8
2025-11-20 07:42:22,True,True,DE,16,Phase 3: Manifestation (Performance/AGI),True,True,True,2025-11-20 07:42:22,31.70611111111111,6
2025-11-23 16:32:31,False,,,0,Phase 3: Manifestation (Performance/AGI),False,False,True,2025-11-23 16:32:31,112.54194444444444,5
2025-11-24 13:55:34,False,True,DE,0,Phase 3: Manifestation (Performance/AGI),False,False,True,2025-11-24 13:55:34,133.9261111111111,6
2025-11-25 11:07:04,True,True,DE,0,Phase 3: Manifestation (Performance/AGI),False,False,True,2025-11-25 11:07:04,155.11777777777777,4
2025-11-26 11:42:23,False,True,DE,0,Phase 3: Manifestation (Performance/AGI),False,False,True,2025-11-26 11:42:23,179.70638888888888,6
2025-11-28 15:46:47,False,True,DE,0,Phase 3: Manifestation (Performance/AGI),False,False,True,2025-11-28 15:46:47,231.77972222222223,6
2025-11-29 13:40:58,True,True,DE,38,Phase 3: Manifestation (Performance/AGI),False,False,True,2025-11-29 13:40:58,253.68277777777777,3
2025-12-02 18:17:30,True,True,DE,0,Phase 3: Manifestation (Performance/AGI),False,False,True,2025-12-02 18:17:30,330.2916666666667,4
2025-12-03 21:33:28,True,True,DE,0,Phase 3: Manifestation (Performance/AGI),False,False,True,2025-12-03 21:33:28,357.5577777777778,4
2025-12-04 17:27:15,False,True,DE,0,Phase 3: Manifestation (Performance/AGI),False,False,True,2025-12-04 17:27:15,377.45416666666665,6
2025-12-07 13:14:57,True,True,DE,36,Phase 3: Manifestation (Performance/AGI),False,False,False,2025-12-07 13:14:57,445.24916666666667,3
2025-12-07 13:22:36,True,True,DE,10,Phase 3: Manifestation (Performance/AGI),False,False,False,2025-12-07 13:22:36,445.37666666666667,3
2025-12-10 16:55:01,True,True,DE,0,Phase 3: Manifestation (Performance/AGI),False,False,False,2025-12-10 16:55:01,520.9169444444444,4
2025-12-10 18:35:31,True,True,DE,84,Phase 3: Manifestation (Performance/AGI),False,False,False,2025-12-10 18:35:31,522.5919444444445,3
2025-12-11 12:57:14,False,True,DE,0,Phase 3: Manifestation (Performance/AGI),False,False,False,2025-12-11 12:57:14,540.9538888888889,6
2025-12-11 13:39:41,True,True,DE,19,Phase 3: Manifestation (Performance/AGI),False,False,False,2025-12-11 13:39:41,541.6613888888888,3
2025-12-11 13:47:43,True,True,DE,41,Phase 3: Manifestation (Performance/AGI),False,False,False,2025-12-11 13:47:43,541.7952777777778,3
2025-12-11 16:59:36,True,True,DE,0,Phase 3: Manifestation (Performance/AGI),False,False,False,2025-12-11 16:59:36,544.9933333333333,4
2025-12-11 18:52:19,True,True,DE,230,Phase 3: Manifestation (Performance/AGI),False,False,False,2025-12-11 18:52:19,546.8719444444445,3
2025-12-15 11:42:53,True,True,DE,148,Phase 3: Manifestation (Performance/AGI),False,False,False,2025-12-15 11:42:53,-540.2852777777778,3
2025-12-15 14:16:32,True,True,DE,148,Phase 3: Manifestation (Performance/AGI),False,False,False,2025-12-15 14:16:32,-537.7244444444444,3
2025-12-16 14:22:34,True,True,DE,597,Phase 3: Manifestation (Performance/AGI),False,False,False,2025-12-16 14:22:34,-513.6238888888889,3
2025-12-17 11:32:28,False,True,DE,151,Phase 3: Manifestation (Performance/AGI),False,False,False,2025-12-17 11:32:28,-492.4588888888889,5
2025-12-17 14:47:22,False,True,DE,469,Phase 3: Manifestation (Performance/AGI),False,False,False,2025-12-17 14:47:22,-489.2105555555556,5
2025-12-20 12:23:44,False,True,DE,109,Phase 3: Manifestation (Performance/AGI),False,False,False,2025-12-20 12:23:44,-419.6044444444444,5
2025-12-21 11:29:10,False,True,DE,68,Phase 3: Manifestation (Performance/AGI),False,False,False,2025-12-21 11:29:10,-396.5138888888889,5
2025-12-21 13:36:42,True,True,DE,214,Phase 3: Manifestation (Performance/AGI),False,False,False,2025-12-21 13:36:42,-394.3883333333333,3
2025-12-22 10:53:46,True,False,Non-EU,41,Phase 3: Manifestation (Performance/AGI),False,False,False,2025-12-22 10:53:46,-373.1038888888889,2
2025-12-22 11:44:52,True,False,Non-EU,19,Phase 3: Manifestation (Performance/AGI),False,False,False,2025-12-22 11:44:52,-372.2522222222222,2
2025-12-22 13:20:51,True,True,DE,0,Phase 3: Manifestation (Performance/AGI),False,False,False,2025-12-22 13:20:51,-370.6525,4
2025-12-22 13:28:37,True,True,DE,11,Phase 3: Manifestation (Performance/AGI),False,False,False,2025-12-22 13:28:37,-370.5230555555556,3
2025-12-22 13:42:14,True,True,DE,5,Phase 3: Manifestation (Performance/AGI),False,False,False,2025-12-22 13:42:14,-370.2961111111111,4
2025-12-22 15:50:04,True,False,Non-EU,84,Phase 3: Manifestation (Performance/AGI),False,False,False,2025-12-22 15:50:04,-368.16555555555556,2
2025-12-22 16:01:58,True,False,Non-EU,10,Phase 3: Manifestation (Performance/AGI),False,False,False,2025-12-22 16:01:58,-367.96722222222223,2
2025-12-24 15:22:01,True,False,Non-EU,27,Phase 3: Manifestation (Performance/AGI),False,False,True,2025-12-24 15:22:01,-320.63305555555553,2
2025-12-26 18:05:55,True,False,Non-EU,0,Phase 3: Manifestation (Performance/AGI),False,False,True,2025-12-26 18:05:55,-269.9013888888889,3
2025-12-28 20:28:26,True,True,DE,0,Phase 3: Manifestation (Performance/AGI),False,False,True,2025-12-28 20:28:26,-219.5261111111111,4
2025-12-29 11:42:37,False,True,DE,41,Phase 3: Manifestation (Performance/AGI),False,False,True,2025-12-29 11:42:37,-204.28972222222222,5
2025-12-29 18:20:44,True,True,DE,0,Phase 3: Manifestation (Performance/AGI),False,False,True,2025-12-29 18:20:44,-197.65444444444444,4
2026-01-05 09:16:54,False,True,DE,593,Phase 3: Manifestation (Performance/AGI),True,True,True,2026-01-05 09:16:54,-38.718333333333334,8
2026-01-05 20:57:58,True,True,DE,4,Phase 3: Manifestation (Performance/AGI),True,True,True,2026-01-05 20:57:58,-27.03388888888889,7
2026-01-06 12:25:01,False,,,0,Phase 3: Manifestation (Performance/AGI),True,True,True,2026-01-06 12:25:01,-11.583055555555555,8
2026-01-06 14:45:10,False,,,0,Phase 3: Manifestation (Performance/AGI),True,True,True,2026-01-06 14:45:10,-9.247222222222222,8
2026-01-06 14:45:52,False,,,0,Phase 3: Manifestation (Performance/AGI),True,True,True,2026-01-06 14:45:52,-9.235555555555555,8
2026-01-10 13:00:34,True,True,DE,35,Phase 3: Manifestation (Performance/AGI),False,True,True,2026-01-10 13:00:34,85.00944444444444,3
2026-01-14 18:25:08,True,True,DE,55,Phase 3: Manifestation (Performance/AGI),True,True,True,2026-01-14 18:25:08,-5.581111111111111,6
2026-01-14 18:25:08,True,True,DE,55,Phase 3: Manifestation (Performance/AGI),True,True,True,2026-01-14 18:25:08,-5.581111111111111,6
2026-01-16 09:43:47,False,True,DE,462,Phase 3: Manifestation (Performance/AGI),True,True,True,2026-01-16 09:43:47,33.72972222222222,8
2026-01-18 13:41:10,True,True,DE,89,Phase 3: Manifestation (Performance/AGI),False,True,True,2026-01-18 13:41:10,85.68611111111112,3
2026-01-18 14:38:57,True,True,DE,32,Phase 3: Manifestation (Performance/AGI),False,True,True,2026-01-18 14:38:57,86.64916666666667,3
2026-01-18 14:54:32,True,True,DE,13,Phase 3: Manifestation (Performance/AGI),False,True,True,2026-01-18 14:54:32,86.9088888888889,3
2026-01-20 15:32:26,True,True,DE,136,Phase 3: Manifestation (Performance/AGI),False,False,True,2026-01-20 15:32:26,135.54055555555556,3
2026-01-31 17:49:25,True,True,DE,32,Phase 3: Manifestation (Performance/AGI),False,False,False,2026-01-31 17:49:25,401.8236111111111,3
2026-02-01 13:29:56,True,True,DE,35,Phase 3: Manifestation (Performance/AGI),False,False,False,2026-02-01 13:29:56,421.49888888888887,3
2026-02-01 16:21:15,True,True,DE,53,Phase 3: Manifestation (Performance/AGI),False,False,False,2026-02-01 16:21:15,424.3541666666667,3
2026-02-02 20:25:36,True,True,DE,23,Phase 3: Manifestation (Performance/AGI),False,False,False,2026-02-02 20:25:36,452.4266666666667,3
2026-02-09 09:30:57,False,True,DE,0,Phase 3: Manifestation (Performance/AGI),False,False,True,2026-02-09 09:30:57,-350.4841666666667,6
2026-02-09 09:32:47,False,True,DE,98,Phase 3: Manifestation (Performance/AGI),False,False,True,2026-02-09 09:32:47,-350.4536111111111,5
2026-02-10 17:59:39,True,True,DE,271,Phase 3: Manifestation (Performance/AGI),False,False,True,2026-02-10 17:59:39,-318.0058333333333,3
2026-02-12 12:22:33,True,True,DE,31,Phase 3: Manifestation (Performance/AGI),False,False,True,2026-02-12 12:22:33,-275.62416666666667,3
2026-02-15 14:44:31,True,True,DE,77,Phase 3: Manifestation (Performance/AGI),False,False,True,2026-02-15 14:44:31,-201.25805555555556,3
2026-02-17 11:02:53,True,True,DE,0,Phase 3: Manifestation (Performance/AGI),False,False,True,2026-02-17 11:02:53,-156.95194444444445,4
2026-02-17 17:19:46,True,False,Non-EU,0,Phase 3: Manifestation (Performance/AGI),False,False,True,2026-02-17 17:19:46,-150.67055555555555,3
2026-02-17 19:41:13,True,True,DE,108,Phase 3: Manifestation (Performance/AGI),False,False,True,2026-02-17 19:41:13,-148.31305555555556,3
2026-02-17 19:44:09,True,True,DE,0,Phase 3: Manifestation (Performance/AGI),False,False,True,2026-02-17 19:44:09,-148.26416666666665,4
2026-02-17 19:44:26,True,True,DE,44,Phase 3: Manifestation (Performance/AGI),False,False,True,2026-02-17 19:44:26,-148.25944444444445,3
2026-02-21 20:39:58,True,True,DE,100,Phase 3: Manifestation (Performance/AGI),False,True,True,2026-02-21 20:39:58,-51.333888888888886,3
2026-02-21 21:14:18,True,True,DE,27,Phase 3: Manifestation (Performance/AGI),False,True,True,2026-02-21 21:14:18,-50.76166666666666,3
2026-02-23 09:23:37,False,True,DE,44,Phase 3: Manifestation (Performance/AGI),True,True,True,2026-02-23 09:23:37,-14.606388888888889,8
2026-02-27 07:58:17,True,True,DE,0,Phase 3: Manifestation (Performance/AGI),True,True,True,2026-02-27 07:58:17,7.971388888888889,7
2026-02-27 07:59:43,True,True,DE,0,Phase 3: Manifestation (Performance/AGI),True,True,True,2026-02-27 07:59:43,7.995277777777778,7
2026-02-27 09:43:55,True,True,DE,97,Phase 3: Manifestation (Performance/AGI),True,True,True,2026-02-27 09:43:55,9.731944444444444,6
2026-02-27 16:25:34,False,True,AT,0,Phase 3: Manifestation (Performance/AGI),True,True,True,2026-02-27 16:25:34,16.426111111111112,11
2026-02-27 16:26:17,False,True,AT,0,Phase 3: Manifestation (Performance/AGI),True,True,True,2026-02-27 16:26:17,16.438055555555554,11
2026-02-27 18:28:31,True,True,DE,34,Phase 3: Manifestation (Performance/AGI),True,True,True,2026-02-27 18:28:31,18.475277777777777,6
2026-02-28 21:34:45,True,True,DE,0,Out of range,True,True,True,2026-02-28 21:34:45,45.579166666666666,5
2026-03-01 10:18:13,True,True,DE,202,Out of range,True,True,True,2026-03-01 10:18:13,58.30361111111111,4
2026-03-01 10:18:13,True,True,DE,202,Out of range,True,True,True,2026-03-01 10:18:13,58.30361111111111,4
2026-03-01 14:35:06,True,True,DE,40,Out of range,True,True,True,2026-03-01 14:35:06,62.585,4
