query,publishedAt,duration_min,title,channelTitle,url,description
бусификация,2026-02-21T05:30:23Z,8.58,ФУТБОЛИСТ ВЛЕЗ В ДРАКУ С ТЦК! БУСИФИКАЦИЯ НА УЛИЦАХ! ЭТО ПРОСТО ******! ЧТО СЛУЧИЛОСЬ?,5 канал,https://www.youtube.com/watch?v=p_6koJqHCC0,Патреон: https://patreon.com/projects5 Долучайтеся до збору на рації для ЗСУ: https://send.monobank.ua/jar/5AEPyNCvkG ...
бусификация,2026-02-19T12:16:01Z,11.63,"Бусификация: тема, о которой молчит Запад, но кипит Украина.",TV CHANNEL BY DMITRY RUDNEV,https://www.youtube.com/watch?v=HU1AjQGHUAs,"В этом видео — почему тема бусификации стала запретной для западных медиа, что с легальной точки зрения не так с ..."
бусификация,2026-02-19T08:08:03Z,2.05,С Одессы началась самая страшная бусификация. Рулит Одессой Кипер - ставленник синагоги Зеленского.,Іншими словами ,https://www.youtube.com/watch?v=a81Jh6KBipw,
бусификация,2026-02-19T05:53:43Z,1.45,ВЕЧНАЯ ВОЙНА И БУСИФИКАЦИЯ? #украина #война #бусификация #тцк #зсу #зеленский #россия #путин,ПОЛИТКУХНЯ,https://www.youtube.com/watch?v=-0dLXKEbGrs,
бусификация,2026-02-18T17:02:19Z,5.38,БУСИФИКАЦИЯ ЭТО СИСТЕМНОЕ ЯВЛЕНИЕ,АНДРЕЙ ЛУГАНСКИЙ НАРЕЗКИ,https://www.youtube.com/watch?v=MA-1NfcgZjE,АНДРЕЙ ЛУГАНСКИЙ БУСИФИКАЦИЯ ЭТО СИСТЕМНОЕ ЯВЛЕНИЕ.
бусификация,2026-02-18T14:20:15Z,1.3,Довіри до ТЦК і справедливої мобілізації не буде.#новини #бусификация #бусифікація ,ЗлийКіт,https://www.youtube.com/watch?v=v1AZNlj0exg,
тцк,2026-02-18T10:12:47Z,8.58,🤬П*ЗДЕЦ! ФУТБОЛИСТ ВЛЕЗ В ДРАКУ С ТЦК! БУСИФИКАЦИЯ НА УЛИЦАХ! ЭТО ПРОСТО ******! ЧТО СЛУЧИЛОСЬ?,Алексей Гончаренко,https://www.youtube.com/watch?v=VoB1mP9xncw,"Футболіст Колоса Данил Колеснік вдарив ТЦКашника, який намагався мобілізувати чоловіка у якого три дитини. Я проти ..."
бусификация,2026-02-17T20:47:16Z,1.4,Бусификация уже касается и женщин!,Правовое Государство,https://www.youtube.com/watch?v=Do6X4KFWWeA,Авторы категорически осуждают любое нарушение законов Украины и прав человека. А также выступают против призывов ...
бусификация,2026-02-17T16:29:39Z,1.1,Бусификация,НЕ БУДЬ СКОТОМ / Николаев,https://www.youtube.com/watch?v=4pmkAQ4XEgA,
бусификация,2026-02-17T13:30:38Z,0.12,Не стримав ємоцій. #бусификация #бусифікація #новини #тцк #news,ЗлийКіт,https://www.youtube.com/watch?v=ouBu5DR7Fps,
бусификация,2026-02-17T10:42:48Z,11.63,"Бусификация: тема, о которой молчит Запад, но кипит Украина",Кофе с Любарским,https://www.youtube.com/watch?v=5SzTBIG1Lz4,Полный новостной выпуск: https://youtu.be/f5zvFI5SUcc В этом видео — почему тема бусификации стала запретной для ...
бусификация,2026-02-17T08:58:14Z,7.35,бусификация,paxsilicatsmc,https://www.youtube.com/watch?v=hMo5xKMCY-k,
бусификация,2026-02-16T18:05:53Z,0.97,Чатрулетка Украина – Специалист По Бусификации #чатрулетка #украина #бусификация #война #рашка,MadLands: Onslaught,https://www.youtube.com/watch?v=twq8e0NAQ_k,Женщина из Украины о бусификации и донатах ТГ: https://t.me/madlandss Поддержать проект: ...
бусификация,2026-02-16T16:03:43Z,2.38,😁 #voxveritatis #тцк #бусификация,fluxthetadata,https://www.youtube.com/watch?v=vvtK3MZtxBM,
бусификация,2026-02-16T08:06:57Z,0.67,Днепр.Бусификация прямо на АЗС.,Против тебя,https://www.youtube.com/watch?v=CvFDODCeDMQ,
бусификация,2026-02-16T03:00:29Z,8.97,БУСИФИКАЦИЯ! Истоки. Причины. Последствия.,Нур Исмаил,https://www.youtube.com/watch?v=H7bqK7wODiI,Реквизиты и ссылка для поддержки: https://www.donationalerts.com/r/nur_ismail ВНИМАНИЕ! Все комментарии ...
бусификация,2026-02-21T05:00:36Z,0.33,"Бусифікують, хоч і документи є. #бусификация #бусифікація #новини #тцк #news",ЗлийКіт,https://www.youtube.com/watch?v=WPPZxFZ2tcI,
бусификация,2026-02-20T05:01:02Z,0.33,Розправа ТЦК над цивільними. #бусификация #бусифікація #новини #тцк #news,ЗлийКіт,https://www.youtube.com/watch?v=q3vKwT9EN24,По цьому інциденту поліція відповіла що все в рамках закону. Для кого закони тоді в нашій країні?...
бусификация,2026-02-19T05:00:01Z,1.12,А кажуть ТЦК ходить без зброї.. #новини #бусифікація #бусификация,ЗлийКіт,https://www.youtube.com/watch?v=0Mi3Q9zJpWo,
бусификация,2026-02-17T16:27:22Z,0.58,Бусификация,НЕ БУДЬ СКОТОМ / Николаев,https://www.youtube.com/watch?v=wJL-d_6MkqM,
бусификация,2026-02-17T16:24:46Z,1.2,Бусификация,НЕ БУДЬ СКОТОМ / Николаев,https://www.youtube.com/watch?v=fS9VJDixqzA,
бусификация,2026-02-16T12:24:29Z,0.25,Так звана &quot;справедлива&quot; мобілізація. #бусификация #бусифікація #news #новини #тцк,ЗлийКіт,https://www.youtube.com/watch?v=o3UCoZIDzFY,
тцк,2026-02-22T12:29:28Z,1.1,Боса дитина захищала батька від тцк #топ #cлаваукраине #психология #славазсу #славазсу,Валерія ,https://www.youtube.com/watch?v=prjOMxpyZs8,
тцк,2026-02-22T12:21:58Z,0.97,Чоловік впав в кому після ТЦК,BOMB NEWS,https://www.youtube.com/watch?v=GKAPVfoy5l4,тцк #чернігів #новини #війнавукраїні.
тцк,2026-02-22T11:54:09Z,1.58,Ответ пользователю Как снять розыск тцк ограниченно пригодному,Адвокат Олег Лукьянчиков,https://www.youtube.com/watch?v=sO3dL52Rk_A,Ответ пользователю Как снять розыск тцк ограниченно пригодному.
тцк,2026-02-22T11:00:00Z,3.02,Кожен має право на захист у ТЦК,ЄВСЮТІН Shorts,https://www.youtube.com/watch?v=cOuGHp_TiKs,"напишіть мені на +380504776383 у telegram, viber, whatsapp або signal. У разі допомоги на суму від 1500 грн. надаю ..."
тцк,2026-02-22T10:56:06Z,0.73,Парашютный переулок ТЦК забрали мужика.,Казанин Андрей Викторович,https://www.youtube.com/watch?v=JJ3XUyWKVyg,Парашютный переулок ТЦК забрали мужика. От 21.02.2026 г. #Украина #Одесса #ТипичнаяОдесса #ОдессаМама ...
тцк,2026-02-22T10:51:42Z,0.18,В Одесі чоловік застосував вогнегасник під час конфлікту з ТЦК #ТЦК #Мобілізація #Україна #Новини,Публіцист,https://www.youtube.com/watch?v=smC2xyMjg8o,В Одесі під час конфлікту з представниками ТЦК пасажир автомобіля застосував вогнегасник. Деталі та правова оцінка ...
тцк,2026-02-22T10:44:53Z,0.27,ТЦК попались на вудочку ,Пілот безпілотника,https://www.youtube.com/watch?v=v-G0PW4h4eQ,Ніхто не має права псувати недільну рибалку! Відео створене за оригінальним сценарієм автора каналу та має ...
тцк,2026-02-22T10:23:36Z,0.6,"Чоловіка батька-одинака в бус, а сина в інтернат! Наше &quot;героїчне&quot; ТЦК ! #yarchik #ярчік #тцк #shorts",Yarchik,https://www.youtube.com/watch?v=RFS2GqnPjHU,
тцк,2026-02-22T10:16:59Z,3.05,‼️Олену Тополю підозрюють у наводці поліціянтами та ТЦК на Беспалова задля помсти‼️,BespaLOVmedia,https://www.youtube.com/watch?v=ARMODp84hW0,"Замовчувати ніхто не буде. Пліткова спільнота Богдана хоче знати, яким саме чином Олена Тополя причетна до наводки ..."
тцк,2026-02-22T10:05:10Z,0.77,Куда деваются тела после ТЦК,Слово за Тарасом,https://www.youtube.com/watch?v=ulaX46P8XDw,Куда деваются тела после ТЦК.
тцк,2026-02-22T09:48:49Z,0.27,Мародери  #разомдоперемоги #війна #news #зсу #славазсу #film #military #окоп #тцк #мобілізація,ЗСУ 🇺🇦,https://www.youtube.com/watch?v=hwPpigG4hc8,
тцк,2026-02-22T09:34:32Z,10.2,Свідки Єгови будуть служити всі !? Вироки суду для священослужителів ! Що робить ТЦК !?,Адвокат Олексій МЕНДРУХ,https://www.youtube.com/watch?v=DiLO91mdMbE,Свідки Єгови будуть служити всі !? Вироки суду для священослужителів ! Що робить ТЦК !? Якщо виникла потреба у ...
тцк,2026-02-22T08:52:36Z,2.47,Днепр События‼️ТЦК хорошие люди‼️Едем по итальянскому принципу‼️#дніпро #днепр #новиниукраїни,Юлія Зима Дніпро,https://www.youtube.com/watch?v=0t_8wutTLo0,
тцк,2026-02-22T07:42:17Z,2.6,Жителі Нових Петрівців вимагають звільнення Київського Ревізора після викрадення працівниками ТЦК.,Київський Ревізор,https://www.youtube.com/watch?v=KSRT5i6ITOA,Жителі Нових Петрівців теж підтримали Київського Ревізора і вимагають його звільнення після викрадення працівниками ...
тцк,2026-02-22T07:00:14Z,0.12,Задув ТЦК вогнегасником і втік — резонансне відео,Світло в вірі shorts,https://www.youtube.com/watch?v=JMLelcTgyqY,"Задув ТЦК вогнегасником — саме так почався інцидент, відео якого стрімко поширюється мережею. За повідомленнями ..."
тцк,2026-02-22T06:00:20Z,1.33,😰Київ: Жінка В Шоці Від Методів ТЦК Мобілізації,Пильний Дніпрянин,https://www.youtube.com/watch?v=RY8rvYFv9WE,Київ: Жінка В Шоці Від Методів ТЦК Мобілізації https://youtube.com/shorts/RY8rvYFv9WE?feature=share Ставте пишіть ...
тцк,2026-02-22T05:56:01Z,0.78,ТЦК в Днепре останавливает автобусы маршрутки и ищет ухилянтов,Smetanchik,https://www.youtube.com/watch?v=PAwWGcJMDL4,"На прошлой недели в 136маршрутке в Днепре,тцк попросили выйти всех женщин с маршрутки,и чтобы ухилянты не ..."
тцк,2026-02-22T05:14:22Z,1.78,"БУСИФІКАЦІЯ, ЦЕ НЕ РОСІЙСЬКЕ ІПСО #війна #бусифікація #тцк #мобілізація #зсу #україна",НЕЗАЛЕЖНІ МЕДІА,https://www.youtube.com/watch?v=fWo72YtJrtE,
тцк,2026-02-22T05:00:28Z,0.35,ТЦК відмова: Як виграти суд проти військкомату #shorts,ЄЗАКОН Адвокат Мамчик,https://www.youtube.com/watch?v=lqNijM9x2EE,ТЦК відмовляє у добровільній відстрочці? Отримайте письмову відмову та йдіть до суду! Важливі аргументи для позову та ...
тцк,2026-02-22T04:59:59Z,0.43,ТЦК 🫡 #dance #carparkingmultiplayer,七草 ナズナ,https://www.youtube.com/watch?v=xx-2B4ksi98,
тцк,2026-02-22T04:15:56Z,0.67,тцк,veseluj gnomik,https://www.youtube.com/watch?v=y3EUtUsm5PM,
тцк,2026-02-21T21:49:47Z,0.28,#shorts тцк,DvAGRiNa,https://www.youtube.com/watch?v=f61loKvmWd8,
тцк,2026-02-21T21:41:08Z,0.4,ТЦК з любов&#39;ю до чоловіків 🥰 На руках носить 🤣 #yarchik #ярчік #тцк #бусифікація #свавілля #shorts,Yarchik,https://www.youtube.com/watch?v=h2v-Mrrz0P4,
тцк,2026-02-21T20:00:06Z,3.22,Виїзд адвоката у ТЦК ,YEVSIUTIN from KYIV CITY,https://www.youtube.com/watch?v=u6ReTBAVI7s,"напишіть мені на +380504776383 у telegram, viber, whatsapp або signal. У разі допомоги на суму від 1500 грн. надаю ..."
тцк,2026-02-21T19:52:22Z,1.97,Виїзд адвоката у ТЦК та СП,ЄВСЮТІН Shorts,https://www.youtube.com/watch?v=E5CQWq2mZ84,"напишіть мені на +380504776383 у telegram, viber, whatsapp або signal. У разі допомоги на суму від 1500 грн. надаю ..."
тцк,2026-02-21T18:57:36Z,0.13,Т Ц К и кнопка в клик ВСЕ #countryballs #ukraine #тцк #виклик #украина #кантрибол #edit #funny #meme,Бумажки Countrydalls-1214,https://www.youtube.com/watch?v=3BmGVrcBCH0,
тцк,2026-02-21T18:30:37Z,0.83,Нас загнали і разєднали🤬 #влада #українськийютуб #українськийютуб #новини #тцк #зеленский #війна,Міркуючі Люди,https://www.youtube.com/watch?v=mTAHXyxIEJI,
тцк,2026-02-21T18:00:00Z,3.02,ТЦК не маю права конвоювати вас на ВЛК,ЄВСЮТІН Shorts,https://www.youtube.com/watch?v=a9vF6hpuy1s,ТЦК це не місце позбавлення свободи Договір на екстрену допомогу при затриманні https://ezahyst.com/pricing Додаткова ...
тцк,2026-02-21T18:00:15Z,0.12,Дніпро: після конфлікту з ТЦК чоловіку стало зле #Дніпро #ТЦК #Мобілізація #Україна #Новини,Публіцист,https://www.youtube.com/watch?v=NL0-5lOxWeM,"У місті Дніпро під час конфлікту з представниками ТЦК чоловік отримав тілесні ушкодження, після чого в нього почалися ..."
тцк,2026-02-21T17:39:21Z,0.1,🔥Інцидент з ТЦК в Одесі  Конфлікт із вогнегасником,OXI NEWS,https://www.youtube.com/watch?v=KbIlUT7Ev7k,"В Одеса під час перевірки документів стався конфлікт за участю представників ТЦК. За даними місцевих ЗМІ, чоловік ..."
тцк,2026-02-21T17:00:48Z,0.43,У Дніпрі двом представникам ТЦК оголосили підозру #Дніпро #ТЦК #Мобілізація #Україна #Новини,Публіцист,https://www.youtube.com/watch?v=Wmx2YhkUPk4,"У Дніпрі правоохоронці повідомили про підозру двом представникам РТЦК та СП у хуліганстві після інциденту в маршрутці, ..."
тцк,2026-02-21T16:58:44Z,0.6,"Зеленский сказал, что ТЦК в Украине никого не забирает",Laktionov LIVE,https://www.youtube.com/watch?v=fEZe33n9tfI,
тцк,2026-02-21T16:58:20Z,0.4,Цинізм ТЦК: Відмова у відстрочці загиблій матері #shorts,ЄЗАКОН Адвокат Мамчик,https://www.youtube.com/watch?v=yUZGWELxjkk,"ТЦК вимагає докази участі загиблої від російської ракети в ""заходах заборони"" для відстрочки її сину. Бюрократія чи ..."
тцк,2026-02-21T16:56:31Z,2.17,Ответ пользователю Сергеев46709 Розыск ТЦК с июля 2025 года,Адвокат Олег Лукьянчиков,https://www.youtube.com/watch?v=4AZQnO-S6Kg,Ответ пользователю Сергеев46709 Розыск ТЦК с июля 2025 года. Что делать? #лукьянчиков #украина.
тцк,2026-02-21T16:47:29Z,13.02,⚡️ Прорвана оборона Харькова // Залужный продолжает опускать Зеленского // ТЦК проиграли суд,Сегодня,https://www.youtube.com/watch?v=TRVToeOADyQ,Сегодня в выпуске: прорвана оборона на харьковском направлении; президент теряет власть; в Россия нашли способ как ...
тцк,2026-02-21T16:40:49Z,0.5,Що в сумці у ТЦКшника?  #україна #тцк #гумор,ПОРОДА PICTURES,https://www.youtube.com/watch?v=1O3y_85_TKw,"Сумки до огляду, товариші півні tiktok.com/@porodapictures."
тцк,2026-02-21T16:30:06Z,10.38,Скандал з ТЦК І Хто зриває мобілізацію І СИМОРОЗ,ГОВОРИТЬ ВЕЛИКИЙ ЛЬВІВ,https://www.youtube.com/watch?v=CXrDvotwIfc,Станьте спонсором   https://www.nta.ua/donate.
тцк,2026-02-21T16:15:07Z,0.7,"Возможно, что айдаровцев приняли за сотрудников ТЦК",M_GUR,https://www.youtube.com/watch?v=LEvxHA0sWm4,
тцк,2026-02-21T16:00:01Z,0.38,ТЦК Б&#39;Є СКЛО?! ЖОРСТКА ЗУСТРІЧ ЗАРАЗ ТУТ?! 💥,Legal Land,https://www.youtube.com/watch?v=0UkfnRhzClg,тцк поліція незаконне затримання право на зйомку розшук ухилянтів незаконна мобілізація ФАКТ: Група ТЦК у камуфляжі й ...
тцк,2026-02-21T16:00:40Z,0.12,Гетманцев: «бусифікація» набрала небачених масштабів #Гетманцев #Мобілізація #ТЦК #Україна #Новини,Публіцист,https://www.youtube.com/watch?v=QVUy6fLpnDQ,"Данило Гетманцев заявив, що насильство під час мобілізації досягло небачених масштабів і проблему «бусифікації» ..."
тцк,2026-02-21T15:49:42Z,0.82,5 років за удар ТЦК?  #україна  #курси #онлайнзаробіток  #правда #інфофронт,Голос  UA,https://www.youtube.com/watch?v=Z4qsqDcMeqA,
тцк,2026-02-21T15:37:10Z,1.15,Не буду устанавливать Резерв и у меня не будет Розыска ТЦК. Так ли это?,Адвокат Вера Тарасенко,https://www.youtube.com/watch?v=r6ijI8LSue0,"Ссылка на основное видео, обзор которого в шортс: ""ТЦК не существует и Резерв+ опасен: к чему приводит такая позиция ..."
тцк,2026-02-21T15:37:08Z,9.2,Днепр Взрывы🔥Зеленского Уберут🔥Отрезают Мужской Ствол для ТЦК🔥Взрывы Крым🔥Днепр 21 февраля 2026 г.,Барахолка ТВ,https://www.youtube.com/watch?v=YpUFrQTNrKM,пропитание. : rolandofgilead@ukr.net (PayPal)-Международные Переводы Банковская Карта: 4441111066579164 (Украина) ...
тцк,2026-02-21T15:32:49Z,0.97,Кто там? ТЦКашники! #рекомендации #рекомендації #рек #тцк #україна #live #life #video,Krivbass UA,https://www.youtube.com/watch?v=SSvO88vuT5E,
тцк,2026-02-21T15:30:42Z,1.2,Вот что может быть за правду😱#тцк #владимирсоколов,Владимир Соколов,https://www.youtube.com/watch?v=FdfD25FOz9I,
тцк,2026-02-21T15:03:08Z,1.22,"Єновина!Респект поліції ,поліція не прикрила ТЦК ? #влада #політика #блог",Блог Разумовського,https://www.youtube.com/watch?v=IE7mpiasSs4,
тцк,2026-02-21T14:52:11Z,1.63,Ответ пользователю Spinning Fi Розыск ТЦК через 3 месяца,Адвокат Олег Лукьянчиков,https://www.youtube.com/watch?v=dVDdcBmFUlc,Ответ пользователю Spinning Fi Розыск ТЦК через 3 месяца. #лукьянчиков #мобилизация #розшуктцк #украина #тцк.
тцк,2026-02-21T14:44:53Z,0.75,Футболіст Данило Колесников вдарив військового? Що сталося насправді 😳 #новини #конфлікт #тцк,Новини Реальності ,https://www.youtube.com/watch?v=uT8EaCe9F8E,
тцк,2026-02-21T14:40:35Z,0.72,"Працівникам ТЦК, які залили газом маршрутку, загрожує 7 років тюрми",АКТУАЛЬНА ПРАВДА,https://www.youtube.com/watch?v=dh-nIK5Lexc,
тцк,2026-02-21T14:36:13Z,0.18,утка ТЦК#ТЦК#утка#привет_как_дл,ТГ: штаб всех мяулов ,https://www.youtube.com/watch?v=6dhiyN-aMmA,
тцк,2026-02-21T14:19:40Z,0.18,Коли на хвості ТЦК,Все довколо мене,https://www.youtube.com/watch?v=MM9tiQGYwyA,
тцк,2026-02-21T14:14:49Z,1.03,Гучний випадок з відомим українським футболістом.#foryou #тцк#україна #сергійіванчук#онлайнбізнес,Новини без відтінку ,https://www.youtube.com/watch?v=OoiC_v71jKY,
тцк,2026-02-21T14:15:00Z,1.2,#новости #украина #такси #тцк #людолови #европа #война #сво #зеленский #потужність #потужно #fyp,Alexey Popov,https://www.youtube.com/watch?v=gXwdPURhyOg,Таксисты на Украине помогают ТЦК ловить уклонистов.
тцк,2026-02-21T13:42:46Z,0.82,Шлем ТЦК #санктпетербург #тцк #квартирастудия #юкки #квартира #украина,Недвижимость от Захаровой Дарьи,https://www.youtube.com/watch?v=DgBzlpzyESw,
тцк,2026-02-21T13:00:44Z,0.28,МЕНЕ ЗУПИНИЛИ ТУТ?! МАЛО НЕ ЗАБРАЛИ В ТЦК ЗАРАЗ?! 🛑,Legal Land,https://www.youtube.com/watch?v=QE28t7cOyg4,тцк поліція незаконне затримання право на зйомку розшук ухилянтів незаконна мобілізація ФАКТ: Водій заявляє що ...
тцк,2026-02-21T12:53:36Z,1.65,Ответ пользователю Розыск ТЦК и арест счетов,Адвокат Олег Лукьянчиков,https://www.youtube.com/watch?v=yQGa9xUFTbo,Ответ пользователю Розыск ТЦК и арест счетов. #лукьянчиков #украина #адвокатукраїна.
тцк,2026-02-21T12:37:04Z,0.75,Футболіст вдарив працівника ТЦК: загрожує 5 років тюрми #українці #новини #україна #славаукраїні,ua.news27,https://www.youtube.com/watch?v=c7aOAxGJpRo,Поліція Київської області затримала ексгравця «Колоса-2» Данила Колесника після інциденту у Святопетрівському. Під час ...
тцк,2026-02-21T12:28:00Z,0.9,"Єновина!Реакція ТЦК вражає,вони не винні по резонансному випадку в маршрутці?",Блог Разумовського,https://www.youtube.com/watch?v=mb9WsalHjZk,
тцк,2026-02-21T11:05:44Z,0.65,#тцк #рекомендации #fyp #fypシ #rek #ukraine #dnipro #live #дніпро  #україна#avtomobile #girl #avto,Алена Бабенко,https://www.youtube.com/watch?v=pEA3uyvGKdw,
тцк,2026-02-21T11:00:49Z,0.58,‎⁨@YelisevychTV⁩ ‎@d.yelisevych⁩‎⁨@ТООЧКА_ЗРЕНИЯ⁩@shelestSHUM⁩#тцк#тцктасп#тцксп#вибори#корупція#вру,Василь Замишляєв,https://www.youtube.com/watch?v=QOTs5kEBOPk,
тцк,2026-02-21T10:44:19Z,0.75,генерал Шрек возомнил себе шахидам #всу #тцк,Venom.тцк,https://www.youtube.com/watch?v=rp4aFl10Nc8,
тцк,2026-02-21T10:42:13Z,0.27,Подяка тцк від командира ЗСУ ,Пілот безпілотника,https://www.youtube.com/watch?v=rDGK4p4OUww,"Привезли взвод ""придатних"")) Відео створене за оригінальним сценарієм автора каналу та засноване на подіях в Україні."
тцк,2026-02-21T10:10:26Z,0.07,Гетманцев: з бусифікацією треба щось робити #новини #гетьманцев #мобілізація #бусифікація #тцк #зсу,Та ти шо!!,https://www.youtube.com/watch?v=KlqzMur5IXo,
тцк,2026-02-21T10:02:20Z,0.23,Як вийти з чорного списку ТЦК на UA ONLINE?,ALLEN - UA ONLINE,https://www.youtube.com/watch?v=hyzqWXd4qdM,Як вийти з чорного списку ТЦК на UA ONLINE? Реєструй акаунт на UA ONLINE 02 • Вказуй мій нік: Vladislav_Allen ...
тцк,2026-02-21T09:51:48Z,0.6,Ответ пользователю шарий Сколько стоит снять розыск ТЦК? #лукьянчиков #мобилизация #розшуктцк,Адвокат Олег Лукьянчиков,https://www.youtube.com/watch?v=Rdn0utm2-JM,Ответ пользователю шарий Сколько стоит снять розыск ТЦК? #лукьянчиков #мобилизация #розшуктцк #украина #тцк.
тцк,2026-02-21T09:47:56Z,2.35,"Моя задача — щоб ви знали, що ВИ ПРАВІ.#ТЦК #поліція #свавілля #правалюдини #захист #мобілізація",JustTolik,https://www.youtube.com/watch?v=ILi9FBiZLo8,"Юрист дає правову базу, але не може замінити вашу волю та свободу вибору як вільної людини. Коли право сили стає ..."
тцк,2026-02-21T09:47:56Z,0.18,тцк в днепре (смешное видео это просто юмор),Овен бамбум ,https://www.youtube.com/watch?v=A1QhH-LRoKk,
тцк,2026-02-21T09:41:56Z,0.57,Тернопіль ранкове суботнє  сафарі тцк,ВОЛОНТЕР,https://www.youtube.com/watch?v=z9QlcLAZWz0,
тцк,2026-02-21T09:21:19Z,0.32,Пов: как ТЦК ловят людей #history #СВО,Goose_034,https://www.youtube.com/watch?v=vHyVye_XAAI,
тцк,2026-02-21T09:08:33Z,0.18,ТЦК прийшли за Сашком #україна #ржакадосліз #viral #comedy #відеодня #залетить #тцк #поліція #гумор,CLIPPY WOW,https://www.youtube.com/watch?v=30wB-2lomTA,
тцк,2026-02-21T09:03:21Z,1.62,В Одесі ТЦК напали на військового,Віталій Українець,https://www.youtube.com/watch?v=Adp7_xRnJU4,https://t.me/Kombaynist мій телеграм канал.
тцк,2026-02-21T09:01:18Z,6.1,"[ENG SUB] 🚨КОРУПЦІЯ ПІД ЧАС ВІЙНИ?  МІЛЬЙОНИ З ТЦК, ЕКСДЕПУТАТ З «ОБЛІГАЦІЯМИ» І ЛІС ПІД ЗАБУДОВУ",Державне бюро розслідувань,https://www.youtube.com/watch?v=wdY5kOGZPrE,0:00 анонс 0:27 скандал на Хмельниччині із закупівленю спецодягу для рятувальників 1:27 незаконне переправлення ...
тцк,2026-02-21T08:59:55Z,0.18,Мобілізація Юри #тцк #україна #бусифікація #вірусне #смішне #собака #ржака #гумор #shorts,1 КГ,https://www.youtube.com/watch?v=vMb3hSQbnTk,
тцк,2026-02-21T08:57:54Z,0.18,ТЦК прийшли за Юрою #бусифікація #вірусне #тцк #собака #смішне #ржака #shorts #україна,Quickly,https://www.youtube.com/watch?v=lR3TK6st2PQ,
тцк,2026-02-21T08:44:35Z,14.62,ТЦК -представители территориальных громад?!🔥,Хари$love,https://www.youtube.com/watch?v=Ilx_xvz_Joo,
тцк,2026-02-21T08:42:48Z,0.5,ТЦК продовжує свавілля,Політика без краваток,https://www.youtube.com/watch?v=m7ZDhDZnAC4,Четвертий рік босуфікації без змін... #ТЦК #Гончаренко #Україна #зеленський.
тцк,2026-02-21T08:12:12Z,2.88,Голодний звір з ТЦК/рятуватися разом/перепони вдови/no comment,Tasha Katina,https://www.youtube.com/watch?v=-rlUbPSyfXI,
тцк,2026-02-21T08:00:28Z,0.83,ЧОМУ ВИ ТІКАЄТЕ від ТЦК? в UKRAINE GTA,МІЛКІ,https://www.youtube.com/watch?v=VcVnEjVFn6w,Промо в грі: milky ЧОМУ ВИ ТІКАЄТЕ від ТЦК? в UKRAINE GTA.
тцк,2026-02-21T08:00:00Z,0.32,Юлия Тимошенко против законопроекта о мобилизации #украина #юлиятимошенко #тцк #мобилизация,Я так думаю,https://www.youtube.com/watch?v=aLwa7cp3UF8,Юлия Тимошенко против законопроекта о мобилизации #украина #юлиятимошенко #тцк #мобилизация.
тцк,2026-02-21T07:21:07Z,0.93,ТЦК ХОЧУТЬ ВІДКРИТИ МАШИНУ,НИЩЕБЛОГЕР,https://www.youtube.com/watch?v=Jr4qYESZ0ag,
тцк,2026-02-21T07:17:56Z,1.43,"ТЦК в Мамалыге: газ, приклады, стрельба… Почему никто не выходит? Ответ удивит #украина #мнение",КАЧЕСТВЕННЫЙ PR,https://www.youtube.com/watch?v=vRl3Vtn_p0U,"Здесь — жёсткая правда о том, что происходит в Украине в феврале 2026. Репосты вместо протестов, унижение вместо ..."
тцк,2026-02-21T07:00:00Z,1.05,Волонтёр призвала помогать ТЦК?,РАСПАКОВКА ПОЛИТИКИ с Михаилом Павливым,https://www.youtube.com/watch?v=EKf1haPXDVU,Волонтёр призвала помогать ТЦК?
тцк,2026-02-21T06:57:24Z,0.42,ТЦК в дома що робити.,ІДУ НА ВИ,https://www.youtube.com/watch?v=LKf_eaSt_b8,
тцк,2026-02-21T06:27:47Z,0.6,Почему никто не выходит против ТЦК? 4 года беспредела #украина #мнение,КАЧЕСТВЕННЫЙ PR,https://www.youtube.com/watch?v=3UJnatjOIwo,"ТЦК переехали женщине ноги, газ в лицо пенсионеру... Тысячи видео, но улицы пустые. Почему украинцы молчат?"
тцк,2026-02-21T06:00:44Z,0.87,ВДАРИВ ПРАЦІВНИКА ТЦК,OSN UA,https://www.youtube.com/watch?v=sDOlrsu5CpU,24-річний гравець ФК «Колос» Данило Колесник став учасником бійки з представником територіального центру ...
тцк,2026-02-21T06:00:34Z,0.1,Чоловіки почали «відловлювати» ТЦК на Одещині,Світло в вірі shorts,https://www.youtube.com/watch?v=eCjv6KkMv_U,"Якщо Ви бажаєте Фінансово підтримати канал 1,2,5,10 грн це вже підтримка для нас! Дякуємо! Mono банк 4441 1110 4246 ..."
тцк,2026-02-21T06:00:00Z,0.65,Ухилянтом бути соромно #україна #ухилянт #мобілізація #тцк,Я так думаю,https://www.youtube.com/watch?v=qwSO7B_XZeM,Ухилянтом бути соромно #україна #ухилянт #мобілізація #тцк.
тцк,2026-02-21T06:00:39Z,1.83,Як блогери зрадофіли паразитують на темах ТЦК та мобілізації,Дмитро Клименко | ОЛЬВІЯ,https://www.youtube.com/watch?v=lesxmmNaFPs,Як критика мобілізації перетворилася на розповсюдження мови ненависті та стала успішною моделлю по збільшенню ...
тцк,2026-02-21T06:00:32Z,12.92,🚀Шок! ТЦК ВІДКРИЛИ ВОГОНЬ ПО НАТОВПУ. Люди ЗАДИХАЮТЬСЯ ВІД ГАЗУ. СБУ накрила СХЕМУ ВІДКАТІВ В ЗСУ,СОЛОМКА,https://www.youtube.com/watch?v=RpSjwEKN5aA,"Газові балончики в маршрутці, стрілянина під час «бусифікації», побитий військовий на реабілітації — країну трясе від ..."
тцк,2026-02-21T05:38:10Z,0.93,Недовольный &quot;норвежец&quot; 2 #чатрулетка #хвесь #politics #тцк,ЯЗИКАТИЙ ХВЕСЬ,https://www.youtube.com/watch?v=cWcHoWHw5Wo,
тцк,2026-02-21T05:00:00Z,0.78,"«Ви що робите, придурки?!», - в Тернополі бус ТЦК переїхав жінці ногу ",Інсайдер,https://www.youtube.com/watch?v=09GV_dbFhlM,тернопіль #мобілізація #тцк #ухилянти #зсу.
тцк,2026-02-21T04:59:30Z,0.5,Лайфхаки: Як правильно подавати документи до ТЦК #shorts,ЄЗАКОН Адвокат Мамчик,https://www.youtube.com/watch?v=PibexPEb2MA,"Юридична чіткість важливіша за кількість документів! Заява з вимогою прийняти рішення, подання в письмовій формі, ..."
тцк,2026-02-21T04:30:00Z,13.98,Мобілізація без правил: Зеленський дав ТЦК повний КАРТБЛАНШ,5 канал,https://www.youtube.com/watch?v=aMAMWV0FNto,"Зеленський, мобілізація, ТЦК, Дружба, транзит нафти, вибори під час війни, безкарність, корупція, оборона України. Хто ..."
тцк,2026-02-21T04:15:49Z,0.55,"Пусть ТЦК отпугивают «куриц», предупредительно стреляя",Свідки бусифікації,https://www.youtube.com/watch?v=q8xDTXdr7eM,
тцк,2026-02-21T02:15:41Z,0.23,когда исполнилось 25 и тцк такие:,MemesReborn,https://www.youtube.com/watch?v=jqApj64yj3g,
тцк,2026-02-20T23:06:14Z,0.72,Если встретил ТЦК,ПЕРВЫЙ ЭШЕЛОН,https://www.youtube.com/watch?v=fd95opPlEkI,При встрече с ТЦК действуй!
тцк,2026-02-20T23:02:37Z,0.52,Жорсткість ТЦК - це правда?,Інсайдер ЗСУ,https://www.youtube.com/watch?v=kgzeO3A6P1s,
тцк,2026-02-20T22:42:28Z,1.3,ТЦК відмовляє: Як закон дає право на відстрочку? #shorts,ЄЗАКОН Адвокат Мамчик,https://www.youtube.com/watch?v=aRrRBZ_FzMw,"ТЦК посилаються на постанову Кабміну, а не на Закон України про мобілізацію. Закон чітко визначає критерії для ..."
тцк,2026-02-20T22:26:29Z,1.47,Людииииии пАмАгите #новости #vilna #тцк,VILNA,https://www.youtube.com/watch?v=XXUyQ2mrb9I,
тцк,2026-02-20T20:22:57Z,1.1,#slavikrh #радиорусскийhessen #сво #украина #война #всу #тцк #россия,Радио Русский Hessen,https://www.youtube.com/watch?v=AHGU4VIvsHQ,
тцк,2026-02-20T20:16:01Z,0.63,И за ТЦК в Одесской области  в Черноморске на Парусной снова штормит,M_GUR,https://www.youtube.com/watch?v=dvsvV2E_els,
тцк,2026-02-20T19:59:28Z,0.82,ТЦК РОЗШУК,Taraskin,https://www.youtube.com/watch?v=5o3pkM31jlc,
тцк,2026-02-20T19:25:42Z,0.83,Наказание для садиста из ТЦК,Слово за Тарасом,https://www.youtube.com/watch?v=TIJHH8dk9bU,Наказание для садиста из ТЦК.
тцк,2026-02-20T18:49:22Z,0.43,Хлопець показав звернення до ТЦК,АКТУАЛЬНА ПРАВДА,https://www.youtube.com/watch?v=1adGw0Qa_V8,Підтримай: patreon.com/aPravda Телеграм: t.me/aPravdaCom ✓ Твітер: https://twitter.com/apravda.
тцк,2026-02-20T18:29:24Z,8.3,Днепр Взрывы🔥Замело Снегом🔥Зеленский не Отдаст Донецк🔥ТЦК ИЗБИЛИ МАРШРУТКУ🔥Днепр 20 февраля 2026 г.,Барахолка ТВ,https://www.youtube.com/watch?v=D__RCUP75Jc,пропитание. : rolandofgilead@ukr.net (PayPal)-Международные Переводы Банковская Карта: 4441111066579164 (Украина) ...
тцк,2026-02-20T18:25:16Z,0.75,Футболіст та ТЦК! #новиниукраїни #контентхата #сергійіванчук #славаукраїні #футболукраїни, Новини 247,https://www.youtube.com/watch?v=vEcB5wcrd2Y,
тцк,2026-02-20T18:00:06Z,0.25,ТЦК ПОБИЛИ ВІЙСЬКОВОГО! Побратими вийшли на полювання 🤬🔥 #shorts #новини #тцк,Новини 1+2,https://www.youtube.com/watch?v=5YHjcPmuZOw,"В Одесі під час заходів оповіщення працівники ТЦК побили та залили газом чоловіка, не перевіривши його документи."
тцк,2026-02-20T17:48:50Z,0.9,Військові та цивільні розшукують працівників ТЦК в Одесі 🤯,STO Tepla Теплові насоси,https://www.youtube.com/watch?v=cmskGNymDYY,
тцк,2026-02-20T17:25:11Z,0.9,19-02-2026 ТЦК издеваются над УКРАИНЦАМИ!#стасайкакпросто #тцк #украина,sastik,https://www.youtube.com/watch?v=x9m7PxMO0Nk,телеграм: СТАС БОМБИТ Сасфликс - sasflix.ru vkvideo.ru/@ikakprosto vkvideo.ru/@algoritm_101.
тцк,2026-02-20T17:01:25Z,0.43,Газ у маршрутці в Дніпрі під час викрадення «ухилянта» #Дніпро #ТЦК #Мобілізація #Україна #Новини,Публіцист,https://www.youtube.com/watch?v=ua4qaOTaIrM,"У Дніпрі під час затримання чоловіка в маршрутці було застосовано газ. У салоні перебували інші пасажири, включно з ..."
тцк,2026-02-20T17:00:00Z,1.85,"ТЦК це не СІЗО, адвокатів повинні пускати навіть туди",ЄВСЮТІН Shorts,https://www.youtube.com/watch?v=xnga_skfUA4,Договір на екстрену допомогу при затриманні https://ezahyst.com/pricing Додаткова інформація на сайті: ...
тцк,2026-02-20T16:50:07Z,6.07,"В обласному ТЦК розповіли про мобілізацію батька-одинака з Дніпра, маленький син якого не розмовляє",Інформатор Дніпро,https://www.youtube.com/watch?v=hCMVDTnX4Dc,Докладніше: https://dp.informator.ua/ Підписуйтеся на наші канали в Телеграм: Новини Дніпра: https://t.me/dp_informator_ua ...
тцк,2026-02-20T16:47:59Z,6.55,ТЦК НАПАД НА ПЕНСІОНЕРА. .Поліція стала спів учасником злочину.,мужчина ®©николай-илья,https://www.youtube.com/watch?v=-mP4srQ5Ops,Нарушение Законов Республики Украина.
тцк,2026-02-20T16:42:28Z,5.08,"ТЦК про мобілізацію батька-одинака у Кривому Розі, 14-річного сина якого віддали в інтернат",Інформатор Дніпро,https://www.youtube.com/watch?v=xs6TOIb0yLo,Докладніше: https://dp.informator.ua/ Підписуйтеся на наші канали в Телеграм: Новини Дніпра: https://t.me/dp_informator_ua ...
тцк,2026-02-20T16:15:58Z,3.28,"Батька забрали до ТЦК, сина віддали до Центру реабілітації:  подробиці інциденту у Кривому Розі",Суспільне Дніпро,https://www.youtube.com/watch?v=JuQm2FPZQhA,"У Кривому Розі батька, який сам виховує 14-річного сина мобілізували. Залишившись вдома один, хлопець подзвонив до ..."
тцк,2026-02-20T16:04:24Z,13.6,ТЦК и футболист: самооборона?,Адвокат Олег Лукьянчиков,https://www.youtube.com/watch?v=DUyDkI7hbtI,Мой Telegram канал: https://t.me/Oleg_legalist/6947 Стать спонсором канала: ...
тцк,2026-02-20T15:14:51Z,1.68,Скасувала розшук ТЦК та СП за 2 тижні | Адвокат у Вінниці - Лобанова Вікторія,Адвокат у Вінниці - Лобанова Вікторія ,https://www.youtube.com/watch?v=0JDRROkYPaY,Скасування розшуку ТЦК та СП за 2 місяці через адвокатський запит! ☑️ Є відео зі скінами на моїй сторінці також ...
тцк,2026-02-20T15:14:08Z,0.27,Запросили тцк на каву,Пілот безпілотника,https://www.youtube.com/watch?v=mWko4HIMuWg,"Відео створене за оригінальним сценарієм автора каналу та має морально-етичну, художню та філософську цінність, ..."
тцк,2026-02-20T15:00:42Z,1.95,Розпилення газового балончика в автобусі у Дніпрі та померлий чоловік: ТЦК про резонансні випадки,Інформатор Дніпро,https://www.youtube.com/watch?v=_amP2_ZvyXI,Докладніше: https://dp.informator.ua/ Підписуйтеся на наші канали в Телеграм: Новини Дніпра: https://t.me/dp_informator_ua ...
тцк,2026-02-20T14:26:40Z,0.2,"Скільки ще родин мають зруйнувати ТЦК, щоб систему нарешті змінили?",Правда життя,https://www.youtube.com/watch?v=ov7_sfbpQ2Q,"Скільки ще родин мають зруйнувати ТЦК, щоб систему нарешті змінили?"
тцк,2026-02-20T14:01:30Z,0.85,Свавілля ТЦК | ТЦК у балаклавах - законно чи ні?,Пункт призначення НЕ ТЦК,https://www.youtube.com/watch?v=slg68Ndjq0k,Чи законно працівники ТЦК ходять у балаклавах? Чи зобов'язані вони показувати посвідчення та представлятися? #ТЦК ...
тцк,2026-02-20T13:35:17Z,0.73,Били по хребту та голові. Ось так ТЦК м. Хмільника проводить «мобілізаційні дії».,Київський Ревізор,https://www.youtube.com/watch?v=AqYJhg3NAE8,
тцк,2026-02-20T13:12:25Z,9.55,БЕШЕНЫЕ ТЦК   ПАКУЮТ ОБЫЧНЫХ ТЦК,Skorpion,https://www.youtube.com/watch?v=tAnF3zWIhss,бусификация #ухилянти #мобілізація #сзч #scorpion.
тцк,2026-02-20T13:00:05Z,1.7,Священнослужитель  на Львівщині отримав вирок за відмову служити кухарем в ТЦК | ПравдаТУТ Львів,ПравдаТУТ Львів,https://www.youtube.com/watch?v=2vHLmGgyzCo,"Незалежне медіа ПравдаТУТ Львів потребує вашої підтримки. Віримо, що разом зможемо перемогти на інформаційному ..."
тцк,2026-02-20T12:34:55Z,0.42,За 2 тижні скасували розшук ТЦК | Адвокат у Вінниці - Лобанова Вікторія,Адвокат у Вінниці - Лобанова Вікторія ,https://www.youtube.com/watch?v=SONJfWid4sQ,За 2 тижні скасували розшук ТЦК та СП за надісланом адвокатським запитом.
тцк,2026-02-20T12:29:35Z,2.18,Звернення до працівників ТЦК і СП,Наталія Миролюб,https://www.youtube.com/watch?v=RHH0ACNU5U8,
тцк,2026-02-20T12:10:37Z,0.18,ТЦК шукали Андрія #бусифікація #ржакадосліз #вірусне #тцк #україна #смішне #shorts #собака,1 КГ,https://www.youtube.com/watch?v=gYABhJX0OIw,
тцк,2026-02-20T12:09:21Z,0.18,ТЦК знайшли Андрія #бусифікація #ржакадосліз #вірусне #тцк #україна #смішне #shorts,Quickly,https://www.youtube.com/watch?v=QGle-T1MMMI,
тцк,2026-02-20T12:09:28Z,1.63,Звернення футболіста після бійки з ТЦК,BOMB NEWS,https://www.youtube.com/watch?v=neZlzE4-D9E,новини #тцк #футболист #війнавукраїні.
тцк,2026-02-20T11:58:50Z,0.67,опять тцк опять всу,Venom.тцк,https://www.youtube.com/watch?v=4lW5Ta3GtAU,
тцк,2026-02-20T11:52:33Z,0.47,Сегодня меня останавили ТЦК. Разговор был позитивный. Проверили Резерв+ и пожелали счастливого пути,Артем Ретин  🎥 ,https://www.youtube.com/watch?v=NT6VWq6M1go,
тцк,2026-02-20T10:58:47Z,0.38,5 ЛЕТ ТЮРЬМЫ ЗА ТЦК! #украина #україна #тцк #мобилизация,Вадим Фолькер,https://www.youtube.com/watch?v=o194uLFSY7s,"Футболисту ФК ""Колос"" Даниилу Колеснику грозит до 5 лет тюрьмы за драку с ТЦК. Украинский футболист защитил свого ..."
тцк,2026-02-20T10:57:08Z,0.27,СЕО ТЦК,DenisTetris,https://www.youtube.com/watch?v=6bS2Jy3KXvc,
тцк,2026-02-20T10:49:55Z,0.2,Людоловов освежили огнетушителем!) #рекомендации #рек #рекомендації #україна #тцк #юмор #live #life,Krivbass UA,https://www.youtube.com/watch?v=l0B2HwXcvWI,
тцк,2026-02-20T10:45:00Z,0.7,"Футболіст проти ТЦК: Бійка Колеснікова, яка шокувала мережу. #факти #українатренд#новиниукраїна",realua21,https://www.youtube.com/watch?v=21bwyvKCjv4,"""Гучний скандал у світі українського футболу! Колишній гравець Колесніков потрапив у центр уваги через бійку з ..."
тцк,2026-02-20T09:54:28Z,2.27,Бійка між футболістом і ТЦК,ІДУ НА ВИ,https://www.youtube.com/watch?v=fQjxgBscpng,
тцк,2026-02-20T09:01:07Z,0.3,книга - вас зупинила полiцiя або тцк,buka,https://www.youtube.com/watch?v=JXIO8zgMyZk,"Алгоритм покрокових дій відповідно до законів України у випадку, якщо ваше авто зупинила поліція або ТЦК. Як поводитися ..."
тцк,2026-02-20T09:00:44Z,2.92,Якщо ТЦК оголосив у розшук,Адвокат Роман Сімутін,https://www.youtube.com/watch?v=ULlBZV1eirA,Якщо вам у мобільний застосунок «Резерв+» надходять повідомлення про накладення штрафу з пропозицією подати заяву ...
тцк,2026-02-20T09:00:08Z,11.73,"Шокуюче відео бійки футболіста з ТЦК. Правда, яку не говорять. Дивимося і аналізуємо",Адвокат Роман Сімутін,https://www.youtube.com/watch?v=1eCCEzypgTo,"Ви бачили лише те, що вам хотіли показати: як футболіст б'є працівника ТЦК. Але що сталося за хвилину до цього і чому ..."
тцк,2026-02-20T09:00:06Z,0.88,ТЦК,Borys,https://www.youtube.com/watch?v=C8i0-tP20Cw,
тцк,2026-02-20T08:37:49Z,2.87,Данило Колесник звернувся до Українців #колесник #футболіст #тцк #тцксп #українці #україна #врек,"Партія Гарант, єднаємо Українців!",https://www.youtube.com/watch?v=SETkwNZ-boU,
тцк,2026-02-20T08:35:39Z,0.75,ТЦК не для еліти?,Друзенко. Країна.,https://www.youtube.com/watch?v=t3Jqss12xIs,"Поки “сини еліти” рахують долари, звичайного хлопця кидають на фронт без навчання. #Друзенко #Україна #ЗСУ #ТЦК."
тцк,2026-02-20T08:17:17Z,0.27,Работник ТЦК требует предъявить документы! #рекомендации #тцк #україна #юмор #live #life #ии,Krivbass UA,https://www.youtube.com/watch?v=z2XztfhAiRA,
тцк,2026-02-20T07:58:39Z,2.07,Мобілізація чи терор власного населення?#Мамалига #ТЦК #Чернівці #свавілля #закон #правалюдини,JustTolik,https://www.youtube.com/watch?v=Yf4_NMgMOpg,"Чернівецька область, село Мамалига. Постріли, крики, збиті з ніг жінки. Офіційна версія — «розблокування авто»."
тцк,2026-02-20T07:50:11Z,0.88,Де альтернатива «бусифікації»? #європейськасолідарність #війна #зеленський #бусифікація #тцк,ЄС Чернівці,https://www.youtube.com/watch?v=iJtKaW_V85w,
тцк,2026-02-20T07:41:19Z,0.8,ТЦК ездит на  незаконных  авто,Слово за Тарасом,https://www.youtube.com/watch?v=q02MSNijRhI,ТЦК ездит на незаконных авто.
тцк,2026-02-20T07:10:22Z,2.05,ТЦК-шне свавілля в Україні вже зашкалює.,Stanislav Tyshchenko,https://www.youtube.com/watch?v=uboKrdLvlTs,
тцк,2026-02-20T06:20:00Z,2.2,"ТЦК ВЫЛАВЛИВАЕТ ЛЮДЕЙ, ПРЯМО ВОЗЛЕ ПОДЪЕЗДОВ",POLITYK UA,https://www.youtube.com/watch?v=E3rxxHgsDYU,
тцк,2026-02-20T05:31:19Z,6.92,ОДЕССА - ЛЮДИ ВОССТАЛИ!  МАССОВАЯ БОЙНЯ С ТЦК! ВЗОРВАЛ ПОЛИЦИЮ ГРАНАТОЙ!,NEMO,https://www.youtube.com/watch?v=BbAZx-x96Zc,
тцк,2026-02-20T05:15:06Z,7.5,Они до последнего будут оправдывать ТЦК и их преступления,сошел с орбиты (стрим канал),https://www.youtube.com/watch?v=dpx99H5P_rw,"Помощь каналу -реквизиты: к сожалению наши ,российские платформы отключили мне монетизацию и ваша поддержка- ..."
тцк,2026-02-20T05:09:06Z,3.92,"Футболіст  клубу &quot;Колос&quot; Колесник, Пояснив : ТЦК  вони били Людину а він заступився",ВИШНЕВЕ ,https://www.youtube.com/watch?v=D_kd7JjIXPQ,"Вибачення.. Колишньому футболісту другої команди футбольного клубу ""Колос"" (Ковалівка) 24-річному Данилу Колеснику, ..."
тцк,2026-02-20T05:01:00Z,9.47,"30 Коварных Методов ТЦК, о Которых Молчат: Дроны, Наркота, Оружие. Людоловство 2026",ТЦК 365,https://www.youtube.com/watch?v=Q0MVs1YMruM,"30 Коварных Методов ТЦК, о Которых Молчат: Дроны, Фейковые Гумки, Подкидывание Оружия. Реальное Людоволовство ..."
тцк,2026-02-20T05:00:57Z,1.22,Відповідальності не буде  Друзенко навішує клеймо Гестапо на військовослужбовців ТЦК,Дмитро Клименко | ОЛЬВІЯ,https://www.youtube.com/watch?v=pmU4ihdOYuI,Як критика мобілізації перетворилася на розповсюдження мови ненависті та стала успішною моделлю по збільшенню ...
тцк,2026-02-20T04:06:08Z,0.57,ТЦК В ГТА 5 РП|ГТА 5 РАДМИР|GTA 5 RP|ТУЛЕВО|GTA 5 RP #gta5rp #gta #gta #majestic #ragemp #gta5radmir,Ilyukhich,https://www.youtube.com/watch?v=RYaeSOr_XSc,
тцк,2026-02-19T22:27:36Z,2.67,Рэмбо доброволец тцк,Двойные стандарты Украины,https://www.youtube.com/watch?v=HV5HDovMbkk,
тцк,2026-02-19T22:21:45Z,0.18,Теракт ТЦК м. Рівне #теракт #тцк #новини #терміново #людолови #гумор #рекомендації,Camarade,https://www.youtube.com/watch?v=-8a9xZtJWow,Теракт ТЦК в Рівному.
тцк,2026-02-19T22:01:31Z,0.83,На Тернопільщині працівник ТЦК влаштував ДТП і перегони з поліцією,Король Данило,https://www.youtube.com/watch?v=OeE61qae_58,
тцк,2026-02-19T21:57:47Z,8.02,2 мільйони ухилянтів? Нова заява. Чому кожен другий опинився в «розшуку» ТЦК?,Тверезий Погляд | Ігор Терлецький,https://www.youtube.com/watch?v=ln1t1EM3vXc,"Опис до відео — це не просто текст, це те, що допомагає алгоритмам YouTube зрозуміти, кому показувати твій ролик, ..."
тцк,2026-02-19T21:44:40Z,2.4,Срочно ‼️ украли единственного опекуна ребенка #vilna #новости #война #тцк,VILNA,https://www.youtube.com/watch?v=WIXUJwH2M34,
тцк,2026-02-19T20:55:32Z,2.28,В Харькове сотрудники ТЦК зависли от увиденного,M_GUR,https://www.youtube.com/watch?v=V1L5qrIU26I,
тцк,2026-02-19T20:19:16Z,3.33,"Как можно подать в суд на ТЦК, если за день ты уже на полигоне ",YEVSIUTIN from KYIV CITY,https://www.youtube.com/watch?v=Cgjd6rMjbZs,"напишіть мені на +380504776383 у telegram, viber, whatsapp або signal. У разі допомоги на суму від 1500 грн. надаю ..."
тцк,2026-02-19T20:02:47Z,3.92,Звернення футболіста Данила Колесника після конфлікту з ТЦК,vibroplus,https://www.youtube.com/watch?v=F-bg2Bhl7FY,"5351 1606 0041 6875 - підтримати автора донатом та його місії, всі стріми проводяться в Тік ток ..."
тцк,2026-02-19T20:01:27Z,0.97,ТЦК ПРОДОЛЖАЕТ  ОХОТУ НА ЛЮДЕЙ В УКРАИНЕ 🇺🇦,Laktionov LIVE,https://www.youtube.com/watch?v=YQZ9mESP2ls,
тцк,2026-02-19T18:50:11Z,3.02,Дмитро Розумков про випадок ТЦК з футболістом,ПОГЛЯД | НОВИНИ ,https://www.youtube.com/watch?v=qfMqd9EHMhM,Повне відео: https://m.youtube.com/watch?v=Utyo9kk3Kn8&pp=0gcJCUABo7VqN5tD.
тцк,2026-02-19T18:36:06Z,6.07,ЗМІНИ !? Скасована мобілізація 55+ років !? 12222 #тцк #мобілізація #адвокатполінамарченко,Адвокат Поліна Марченко,https://www.youtube.com/watch?v=pcdMVgMe3Sg,"ЯК ВВАЖАЄТЕ, ЧИ ЗАБОРОНЯТЬ МОБІЛІЗАЦІЮ ПФСЛЯ 55 РОКІВ? ЧИ БУДЕ ПРИЙНЯТИЙ ЗАКОНОПРОЕКТ 12222?"
тцк,2026-02-19T18:31:40Z,3.68,"«Вони просто його загребли» Працівники ТЦК забрали чоловіка, який сам виховує 4-річного сина",Суспільне Дніпро,https://www.youtube.com/watch?v=E72Crf4ZQRo,"Ввечері 16 лютого представники ТЦК затримали та повезли в терцентр дніпрянина Романа Костенка, каже його мати ..."
тцк,2026-02-19T18:00:53Z,3.65,ТЦК ПАДЛА - ПОВІТРЯНА ТРИВОГА,ТЦК ПАДЛА,https://www.youtube.com/watch?v=ipJznZJM4Gg,"Кавер на известную психоделическую песню, которая буквально демонстрирует весь абсурд ситуации в Украине."
тцк,2026-02-19T18:01:05Z,10.95,"ПОХОРОН У ЛУЦЬКУ, РІШАЛИ В ТЦК, ЗАГУБИЛАСЬ ДИТИНА. Новини, 19 лютого",Новини - 12 Канал,https://www.youtube.com/watch?v=u6qvuWdMpTc,"12 Канал у соцмережах: заходьте, читайте, підписуйтеся   ✓Youtube: ..."
тцк,2026-02-19T18:01:14Z,2.65,Футбол проти ТЦК,Біла Варта,https://www.youtube.com/watch?v=vuuj7NRaIS4,"Найважливіше – не території, а люди, які на них проживають. Не прапори та герби, а традиції й цінності, котрі вони ..."
тцк,2026-02-19T18:00:00Z,2.6,ДРАКА ЖЕНЩИНЫ С ТЦК,АНДРЕЙ ЛУГАНСКИЙ НАРЕЗКИ,https://www.youtube.com/watch?v=kTR0MKLHND8,АНДРЕЙ ЛУГАНСКИЙ СМОТРИТ ДРАКУ ЖЕНЩИНЫ С ТЦК.
тцк,2026-02-19T17:51:48Z,3.5,"Конфлікт між ТЦК та жінкою виник на Вінниччині. ТЦК висловлювались нецензурною лайкою, агресували",vibroplus,https://www.youtube.com/watch?v=-oSvE072Drg,"5351 1606 0041 6875 - підтримати автора донатом та його місії, всі стріми проводяться в Тік ток ..."
тцк,2026-02-19T17:07:43Z,5.75,#потужність #тцк рекрутинг добровольцев в маршрутке,Ухилянт,https://www.youtube.com/watch?v=cDaRtfydAl8,
тцк,2026-02-19T17:07:27Z,1.83,Дівчинка благає звільнити батька з ТЦК,BOMB NEWS,https://www.youtube.com/watch?v=p61-dcSLkzM,мобілізація #тцк #вінниця #зеленский.
тцк,2026-02-19T17:05:56Z,0.88,❗️ПЕРЕВИЩЕННЯ ПОВНОВАЖЕНЬ ТЦК: ВАШІ ПРАВА ЗАХИЩЕНО СУДОМ!❗️,ПРАВОВА ПОЗИЦІЯ ,https://www.youtube.com/watch?v=j2iy4oSmvAU,Записатись на безкоштовну консультацію і отримати відповідь на Ваше питання можна за інформацією нижче: ...
тцк,2026-02-19T16:51:02Z,1.52,Що з українськими чоловіками 18-22? #тцк #єс #біженці,Mike Udlis,https://www.youtube.com/watch?v=q0hW_6EwZKo,"Що з українськими чоловіками 18-22? #тцк #єс #біженці Актуальные предложения, мини курсы, большие курсы, ..."
тцк,2026-02-19T16:36:30Z,0.43,ШОК! ТЦК БЕЗ ШЕВРОНІВ | ЛУБІНЕЦЬ ПОПЕРЕДЖАЄ: МАСОВЕ ПОРУШЕННЯ ПРАВ #shorts #news #ukraine,SKY Ukraine,https://www.youtube.com/watch?v=dneHr3u_jGc,"Це просто нечувано! Омбудсмен Дмитро Лубінець зробив гучну заяву про методи роботи ТЦК, які шокували суспільство."
тцк,2026-02-19T16:27:12Z,0.5,#тцк # #music #2026,Vixromt music ,https://www.youtube.com/watch?v=7pFeBBGF8Qo,
тцк,2026-02-19T16:17:27Z,1.5,"Как работает ТЦК: реальные случаи, которые сняли люди. Когда людей забирают силой.",Evgenator,https://www.youtube.com/watch?v=QWzYlTq-QHY,
тцк,2026-02-19T16:01:30Z,0.47,🤬🤬🤬ТЦК - РОБОТА МРІЇ,Пильний Дніпрянин,https://www.youtube.com/watch?v=vrNJUAiwe3Y,ТЦК - РОБОТА МРІЇ Робота мрії. Катувати людей https://youtube.com/shorts/vrNJUAiwe3Y?feature=share Ставте пишіть ...
тцк,2026-02-19T16:00:19Z,0.22,Ворьё и мародёры с 95 квартала !!! #тцк #войнавукраине #мобилизация #корупція #мародеры,Arthur [FreeMan],https://www.youtube.com/watch?v=E1_Gv9PvaYs,
тцк,2026-02-19T15:48:37Z,6.82,"Перше відео після мобілізації Київського ревізора, як віднеслися до нього ТЦК та поліція",vibroplus,https://www.youtube.com/watch?v=kYpCE5BDntM,"5351 1606 0041 6875 - підтримати автора донатом та його місії, всі стріми проводяться в Тік ток ..."
тцк,2026-02-19T15:37:15Z,1.35,LISOVSKIY «МИ НЕ МОЖЕМО ПРОГРАТИ»🇺🇦 #україна #українськийютуб  #тцк  #війнавукраїні  #украина,LISOVSKIY_NEWS,https://www.youtube.com/watch?v=uXKaaHKjT8Y,
тцк беспредел,2026-02-19T15:30:24Z,7.4,☝️ШОК! Масова БІЙНЯ ПРОТИ ТЦК. Чоловік НАКИНУВСЯ з ВИЛАМИ. Поліція ВІДКРИЛИ ВОГОНЬ,Сейчас,https://www.youtube.com/watch?v=bAhpcxJ5NEg,На Буковині затримання чоловіка переросло у масову сутичку зі стріляниною. В селі Мамалига Чернівецької області ...
тцк,2026-02-19T15:19:44Z,2.75,🔥БЕЗЗАКОНИЕ ТЦК🔥 Село МАМАЛЫГА ЧЕРНОВИЦКАЯ ОБЛАСТЬ. #ukraine #ТЦК,UA Пульс,https://www.youtube.com/watch?v=KZJGRT3R50g,19 февраля 2026  БЕЗЗАКОНИЕ ТЦК   Село МАМАЛЫГА ЧЕРНОВИЦКАЯ ОБЛАСТЬ. #новини #ukraine #новиниукраїни ...
тцк,2026-02-19T15:14:37Z,0.9,ТЦК-звірство,Інша правда,https://www.youtube.com/watch?v=lxB818wNasE,"Поліція, ТЦК, прокуратура — усі провалили підготовку, а військові бачать лише корупцію та саботаж."
тцк,2026-02-19T15:15:51Z,0.3,Якби фільм &quot;Форсаж 3: Токійський дріфт знімали в Україні&quot; #гумор #тцк #форсаж #reels #tokiodrift,OXYGEN,https://www.youtube.com/watch?v=hTzBhpu0uWY,
тцк,2026-02-19T15:00:20Z,0.28,Я ВИКРИВ ПАСТКУ В АВТО?! ТЦК СТОЇТЬ ЗА СПИНОЮ ВЖЕ?! 🪖,Legal Land,https://www.youtube.com/watch?v=7f8hD-hOCP0,тцк поліція незаконне затримання право на зйомку розшук ухилянтів незаконна мобілізація ФАКТ: Водія затримують без ...
тцк,2026-02-19T14:47:31Z,4.1,ЗЛОЧИН попав на камери! ТЦК задули газом автобус і викрали людину,Денис Галандзовський Новини Світу,https://www.youtube.com/watch?v=TLxyOksJS8Q,Робота для будівельників в Польщі та Бельгії! Заповни заявку і менеджер надасть всі деталі ...
тцк,2026-02-19T14:28:24Z,0.75,Футболіста саджають за бійку з ТЦК #україна #бізнесонлайн  #сергійіванчук  #роботаздому #контентхата,Факти України,https://www.youtube.com/watch?v=MFm9GgJ0JRY,Шок у медіапросторі! Відомого гравця затримали за напад на представника ТЦК. Захист багатодітного батька може ...
тцк,2026-02-19T14:24:44Z,0.37,⚡️Військовослужбовці районного ТЦК та СП заробляли на ухилянтах,Новини - 12 Канал,https://www.youtube.com/watch?v=eJl_5EJSLnY,"12 Канал у соцмережах: заходьте, читайте, підписуйтеся   ✓Youtube: ..."
тцк,2026-02-19T14:00:00Z,2.1,Я НА СТОРОНЕ ТЦК! Я СДАМ ВСЕХ УХИЛЯНТОВ,АНДРЕЙ ЛУГАНСКИЙ НАРЕЗКИ,https://www.youtube.com/watch?v=Mmv6hqpfqDA,АНДРЕЙ ЛУГАНСКИЙ СМОТРИТ Я НА СТОРОНЕ ТЦК! Я СДАМ ВСЕХ УХИЛЯНТОВ.
тцк,2026-02-19T14:00:24Z,0.57,Стрілянина під час бусифікації в Мамализі #Мамалига #ТЦК #Бусифікація #Україна #Новини,Публіцист,https://www.youtube.com/watch?v=ESQtc1V_Zd4,У селі Мамалига Чернівецької області під час спроби бусифікації стався конфлікт із застосуванням зброї. Повідомляється ...
тцк,2026-02-19T14:00:07Z,1.13,"Вова ты проиграл !!! | ТЦК ,Судей ,Мусоров на фронт !!! #тцк #мобилизация #войнавукраине #армия",Arthur [FreeMan],https://www.youtube.com/watch?v=2i-drfv-wfQ,
тцк беспредел,2026-02-19T13:19:01Z,10.73,19 февраля ДНЕПР🔥БЕЗЗАКОНИЕ ТЦК🔥 Село МАМАЛЫГА ЧЕРНОВИЦКАЯ ОБЛАСТЬ ДРАКА СО СТРЕЛЬБОЙ 🔥,dmpro,https://www.youtube.com/watch?v=29wUtdfDHHY,ДЛЯ ДОНАТОВ КАРТА 4400 0055 5351 9510 МОНО БАНКА https://send.monobank.ua/jar/QsDSpjCeG БЛАГОДАРЮ ВАС ...
тцк,2026-02-19T13:13:40Z,2.1,Працівник ТЦК намагався оскаржити покарання за мобілізацію єдиного сина в чоловіка з інвалідністю,ПравдаТУТ Львів,https://www.youtube.com/watch?v=85xMxffIIyo,"Незалежне медіа ПравдаТУТ Львів потребує вашої підтримки. Віримо, що разом зможемо перемогти на інформаційному ..."
тцк,2026-02-19T13:00:30Z,1.12,Ухвала Суду під час зупинки патрулем Поліції та ТЦК | Адвокат у Вінниці - Лобанова Вікторія,Адвокат у Вінниці - Лобанова Вікторія ,https://www.youtube.com/watch?v=Fj96etcAujQ,Ухвала суду про призначення судової справи до розгляду може допомогти при зупинці військовозобовʼязаного органом ...
тцк,2026-02-19T13:00:43Z,1.9,Футболист против ТЦК,Наташа Ревская-РЕВСОВЕТ,https://www.youtube.com/watch?v=N62Vy7-vFyI,"Футболист Данило Колесник заступился за соседа — отца троих детей, не подлежащего мобилизации, — во время ..."
тцк,2026-02-19T12:55:42Z,2.85,Чесно — це важко навіть коментувати.У мене немає слів.🤕 #ТЦК #Україна,Виховання ротвейлерів 💪,https://www.youtube.com/watch?v=W6r6izy9Yts,
тцк,2026-02-19T12:39:19Z,0.43,ФУТБОЛІСТ НАПАВ НА ТЦК #новини #війна #тцк #новиниукраїна,FEDOR. НОВИНИ,https://www.youtube.com/watch?v=G5cNRqPJgvE,
тцк,2026-02-19T12:20:00Z,11.98,🤯Футболіст НАПАВ на ТЦК! Ось який ВИРОК йому загрожує,Апостроф TV,https://www.youtube.com/watch?v=ohEv3W6Po7Q,"В етері: Сергій ""Кучерявий"" Михайленко, ветеран війни, звільнений півроку назад за станом здоров'я. В минулому ..."
тцк,2026-02-19T12:00:00Z,1.68,БУСИК ТЦК ПЕРЕЕХАЛ ЖЕНЩИНУ,АНДРЕЙ ЛУГАНСКИЙ НАРЕЗКИ,https://www.youtube.com/watch?v=syskxAkLnt4,АНДРЕЙ ЛУГАНСКИЙ СМОТРИТ КАК БУСИК ТЦК ПЕРЕЕХАЛ ЖЕНЩИНУ.
тцк,2026-02-19T11:45:00Z,1.58,🤬 Ненавидите ТЦК? Дивіться відео! - FactCheck: Спротив,FactCheck: Спротив,https://www.youtube.com/watch?v=UJ9ZPoM9oUo,"Чому ви ненавидите ТЦК? Ви впевнені, що це ваша думка? Або це ідеально сконструйований вірус, який ви підхопили в ..."
тцк,2026-02-19T11:23:26Z,0.78,КІНЕЦЬ &quot;СВАВІЛЛЮ ТЦК&quot;,Адвокат Дмитро Соловйов,https://www.youtube.com/watch?v=amRlVS5Nje0,Для отримання консультації пишіть в Telegram або WhatsApp +38 (093) 529-91-16✓     #адвокат #тцк #ухилянт ...
тцк,2026-02-19T11:10:26Z,0.8,тцк луцьк шок пакують,Xxx Ccc,https://www.youtube.com/watch?v=8yX0m6FNOtU,
тцк,2026-02-19T11:08:18Z,12.35,ПЛАЧ ОДЕСЬКИХ ЛЮДОЛОВІВ І ГЕНОЦИДНИКІВ З ТЦК І СП.,TV CHANNEL BY DMITRY RUDNEV,https://www.youtube.com/watch?v=AubcpK75Yjc,
тцк,2026-02-19T11:00:00Z,1.58,🤬 Ненавидите ТЦК? Дивіться відео! - FactCheck: Спротив,FactCheck: Спротив,https://www.youtube.com/watch?v=cWh6Hzq2U9s,"Чому ви ненавидите ТЦК? Ви впевнені, що це ваша думка? Або це ідеально сконструйований вірус, який ви підхопили в ..."
тцк,2026-02-19T09:33:00Z,0.13,🥲 #тцк #перевіркадокументів,Tetty Kosiuk,https://www.youtube.com/watch?v=Qv6OuA6qJvY,
тцк,2026-02-19T09:23:20Z,1.83,История от ТЦК #чатрулетка,Igorekfeed,https://www.youtube.com/watch?v=IJwbC3ngRZw,
тцк,2026-02-19T09:16:10Z,0.63,5 років- за людяність? Футболіст пішов проти ТЦК. #футболіст #тцк #контентхата #україна #майбутнє,Реальні Новини,https://www.youtube.com/watch?v=abX-Ftjz6uc,"Відомий український футболіст заступився за чоловіка, якого затримали представники ТЦК. Конфлікт швидко переріс у ..."
тцк,2026-02-19T09:11:20Z,9.82,🆘 Поліцейська з ТЦК вимагають військові документи у водія!,Dima Poltava live,https://www.youtube.com/watch?v=gxUaY8jKtTg,В Україні почались масові перевірки військово-облікових документів у чоловіків 18–60 років. ЗАХИСТИ себе на дорозі ...
тцк,2026-02-19T09:00:15Z,1.45,Скандал с ТЦК и футболистом  «Это разбойное нападение»,UKRLIFETV,https://www.youtube.com/watch?v=EDwz0BP8WR4,"Но то, что сейчас многие обсуждают на страничках в Фейсбуке, в других социальных сетях, в пабликах, в Телеграме, ..."
тцк,2026-02-19T09:00:38Z,1.95,Якщо ТЦК незаконно оштрафував,Адвокат Роман Сімутін,https://www.youtube.com/watch?v=QVwGJRZuIZk,"Повідомлення, що ви не пройшли ВЛК із пропозицією сплатити 50% штрафу надходять у застосунок «Резерв+» без ..."
тцк,2026-02-19T08:13:52Z,0.32,ТЦК порушують права людини🇺🇦🤬 #влада #новини #українськийютуб #правалюдей #тцк #війна #selenskyj,Міркуючі Люди,https://www.youtube.com/watch?v=VTvgFAt9hPY,
тцк,2026-02-19T08:00:00Z,1.58,ВОЛОНТЁРЫ ПОДДЕРЖИВАЮТ БУСИФИКАЦИЮ СО СТОРОНЫ ТЦК,АНДРЕЙ ЛУГАНСКИЙ НАРЕЗКИ,https://www.youtube.com/watch?v=9UIW1F2Iduc,ВОЛОНТЁРЫ ПОДДЕРЖИВАЮТ БУСИФИКАЦИЮ СО СТОРОНЫ ТЦК. РЕАКЦИЯ АНДРЕЙ ЛУГАНСКИЙ.
тцк,2026-02-19T08:00:20Z,14.8,Разгром ТЦК! Сокрушительный удар обрушился откуда не ждал! Шок и страх ТЦК,Тарас Юрист Адвокат Одесса,https://www.youtube.com/watch?v=JVcoprk3Iws,"Мой телеграм канал - https://t.me/TarasOdessa/11820 ⭐ РЕКЛАМОДАТЕЛЯМ, с удовольствием прорекламирую Вас у себя ..."
тцк,2026-02-19T07:50:50Z,14.5,Футболист победил ТЦК! Лексус и Вован под кем? Труханову снова кресло мэра?,Artem Stream UA,https://www.youtube.com/watch?v=nsRR4xlJ1eo,"Футболист победил ТЦК! Лексус и Вован под кем? Труханову снова кресло мэра? Утро с Игорем Мосийчуком, обсудили ..."
тцк,2026-02-19T07:38:27Z,2.3,"Форварду КОЛОСА, який вдарив працівника ТЦК загрожує 5 РОКІВ \ За нього заступився АЛІЄВ",Футбол24,https://www.youtube.com/watch?v=invwSOOI3CM,футбол24 #спорт #новинифутболу #футбол #новиниспорту.
тцк,2026-02-19T07:39:23Z,6.38,ФУТБОЛИСТ ПРОТИВ ТЦК: Самооборона или нападение?(Поддержим парня!),Латвия самая позитивная страна в ЕВРОСОЮЗЕ ,https://www.youtube.com/watch?v=AGo02J-KAIw,В этом видео разберем скандал с Даниилом Колесником. Справедливо ли его выгнали из клуба? Смотрите полную версию ...
тцк,2026-02-19T07:30:03Z,14.78,ЗАЛУЖНЫЙ ПОШЕЛ ВОЙНОЙ НА ЗЕЛЕНСКОГО | ТЦК ЛОВЯТ ВСЕХ ПОДРЯД | ФУТБОЛИСТ ОСУЖДЕН ЗА СПРАВЕДЛИВОСТЬ,Профан или Предвзят ,https://www.youtube.com/watch?v=7BObPqAG_T4,"Мой телеграмм канал: https://t.me/gretckiy_orehh Закрытый ""Частный Профанский"" канал: https://web.tribute.tg/s/vDm ..."
тцк,2026-02-19T06:31:31Z,0.17,Техника действия ТЦК-3#смешнойшортс #юмор #кино #смешновидео #прикол #мемас #смех #украина #волобой,VoloБой,https://www.youtube.com/watch?v=fpdEnMXlFMU,
тцк,2026-02-19T06:30:27Z,0.93,ПРО СИТУАЦИЮ С ТЦК И ФУТБОЛИСТОМ,POLITYK UA,https://www.youtube.com/watch?v=ybrhqJyC84w,
тцк,2026-02-19T06:22:07Z,7.25,ОДЕССА - КАТАСТРОФА❗️ЭВАКУАЦИЯ МИЛЛИОНА ЛЮДЕЙ❗️ВЗОРВАЛИ ТЦК❗️ОДЕССУ НАКРЫЛО СНЕГОМ❗️,NEMO,https://www.youtube.com/watch?v=TyATJNgu_zQ,
тцк,2026-02-19T06:00:00Z,4.13,ДЕД С ЛОМОМ СПАС МУЖЧИНУ ОТ ТЦК,АНДРЕЙ ЛУГАНСКИЙ НАРЕЗКИ,https://www.youtube.com/watch?v=w_ZH5AoOO1M,АНДРЕЙ ЛУГАНСКИЙ СМОТРИТ ВИДЕО ГДЕ ДЕД С ЛОМОМ СПАС МУЖЧИНУ ОТ ТЦК.
тцк,2026-02-19T06:00:29Z,0.52,Вылазка в апокалипсис или зомби из ТЦК,ALL ,https://www.youtube.com/watch?v=dLRTonmEh3w,
тцк,2026-02-19T06:00:28Z,11.63,❗️ЖАХ! Бійка з ТЦК переросла В СТРАШНИЙ СКАНДАЛ. Ще один друг Зеленського втік. В Одесі МАСОВІ БУНТИ,СОЛОМКА,https://www.youtube.com/watch?v=M5fgB3jC2-A,Бійка футболіста «Колоса» з представниками ТЦК обернулась розірваним контрактом і гучним скандалом. Поліція заявляє ...
тцк,2026-02-19T06:00:43Z,1.68,🔥Київ: Водій Почав Тікати Але ТЦК Його Наздогнали!,Пильний Дніпрянин,https://www.youtube.com/watch?v=mb-d3GY6XuM,"Київ: Водій Почав Тікати Але ТЦК Його Наздогнали! Ставте пишіть коментарі та підписуйтесь на канал, щоб бачити ..."
тцк,2026-02-19T05:22:02Z,9.25,Ночной взрыв в Коломые: удар по ТЦК.,ГДЕ ПРАВДА ,https://www.youtube.com/watch?v=Ti8gQ6J0Tno,беженцы #украина #ukraine #warinukraine #russiaukrainewarrussian #russiaukraineconflict #russia #canadaimmigration ...
тцк,2026-02-19T05:00:04Z,1.53,Подія з ТЦК 🤕 #справедливамобілізація#довірадовлади#новини#підтримайсвоїх#фінансовийуспіх,Новини без фільтрів ,https://www.youtube.com/watch?v=1e9aKpIED7M,"Поширюй, пиши коментар, щоб підтримати чоловіка, який вступився за батька трьох дітей!"
тцк,2026-02-19T04:30:20Z,0.98,ТЦК ЗАБОРОНЕНО ЗАТРИМУВАТИ,OSN UA,https://www.youtube.com/watch?v=LmblCFcIZew,"Омбудсман заявив, що ТЦК не можуть затримувати та утримувати громадян #новини #тцк #омбудсман #лубінець #права ..."
тцк,2026-02-19T04:00:49Z,1.32,Боягузи ТЦК АЛЕ ЧОМУ?,ALL ,https://www.youtube.com/watch?v=xmjimdTcv0o,
тцк,2026-02-19T03:39:45Z,0.98,Копич: про ТЦК и ВЛК #зсу #війна #полонені #україна #recommended,Свободное мнение,https://www.youtube.com/watch?v=8IibbxuhkvE,
тцк,2026-02-19T01:09:47Z,0.6,УБЕЖАЛ ОТ ТЦК ГТА 5 РП|RMRP|РМРП|рмрп|#рмрп #gta5rp #rmrp #рмрп #rmrpgta5 #gta5rmrp #рмрп#gta5rp#тцк,Ilyukhich,https://www.youtube.com/watch?v=Tpv3FWFm0aE,
тцк,2026-02-18T22:06:49Z,1.65,‼️ Свободу Данилу Колеснику !!! Стоп свавілля ТЦК ‼️#ярчік #ярчик #yarchik #тцк #свавілля #shorts,Yarchik,https://www.youtube.com/watch?v=TIoiPDjletY,
тцк,2026-02-18T21:36:52Z,0.25,#новости #тцк,Короткі Новини,https://www.youtube.com/watch?v=UOmsMXOWBN4,
тцк,2026-02-18T20:44:15Z,0.12,тцк разбуянлось,крылышки KFC потихоньку захватывают мир,https://www.youtube.com/watch?v=Sin_lMTbf6E,
тцк,2026-02-18T20:35:00Z,0.25,🔥 ВИБУХ у ТЦК Коломиї: СБУ розслідує теракт,ПЕРШИЙ ЗАХІДНИЙ,https://www.youtube.com/watch?v=qotI9mOhSsc,Підписуйтесь на Телеканал Перший Західний в YouTube - https://bit.ly/2WCZkrI. ТРК ПЕРШИЙ ЗАХІДНИЙ. Твій. СПРАВЖНІЙ ...
тцк,2026-02-18T20:19:25Z,1.27,⚡ 5 років для футболіста за напад на ТЦК,CBN_Ukraine,https://www.youtube.com/watch?v=SNjxrQXbKYU,Футболіст “Колоса-2” Данило Колесник потрапив у великий скандал! Він напав на працівника ТЦК під час перевірки ...
тцк,2026-02-18T20:18:23Z,1.88,Конфлікт Футболіста Колесника з поліцією та ТЦК в Святопетрівському Бучанського району | 2026,ВИШНЕВЕ ,https://www.youtube.com/watch?v=z_PiIuxwR_c,"Відео з футболістом та ТЦК було НЕ повним. Є ракурс з камери спостереження, – його опублікував ..."
тцк,2026-02-18T20:15:00Z,0.08,Стався теракт у ТЦК в Коломиї на Франківщині,Світло в вірі shorts,https://www.youtube.com/watch?v=aA-voxyFEMk,"Якщо Ви бажаєте Фінансово підтримати канал 1,2,5,10 грн це вже підтримка для нас! Дякуємо! Mono банк 4441 1110 4246 ..."
тцк,2026-02-18T20:04:27Z,1.78,Тікав від ТЦК — збив патрульну: водія відправили до слідчого ізолятора,Суспільне Харків,https://www.youtube.com/watch?v=9oofdLy22Qo,"Як встановили слідчі, 41-річний Віталій Сіденко, якого суд відправив на два місяці в СІЗО за наїзд на патрульну, тікав двічі: ..."
тцк,2026-02-18T19:57:14Z,0.62,ТЦК &quot;вигрібає&quot; чоловіків з вулиць,Ярослава Лубʼяна,https://www.youtube.com/watch?v=h35iImd0r5g,Повне відео — за кнопкою нижче Адвокат Олександр Протас заявляє про масові випадки порушення прав громадян з ...
тцк,2026-02-18T19:32:28Z,0.28,Футболіст і бус. Початок #мобілізація #тцк #адвокатнеклеса #неклеса,Адвокат Неклеса,https://www.youtube.com/watch?v=iPcTDnRT5qg,
тцк,2026-02-18T19:28:49Z,1.12,Конфлікт футболіста і ТЦК,ALL ,https://www.youtube.com/watch?v=ahAaWiZnbRo,
тцк,2026-02-18T19:22:46Z,1.3,"«Погрожували та кинулись першими», - футболіст, який вмазав ТЦК, озвучив свою версію і показав відео",Інсайдер,https://www.youtube.com/watch?v=GkGjAc1KSn0,мобілізація #ухилянти #тцк #зсу #київ #футбол #колесник.
тцк,2026-02-18T19:23:05Z,0.55,СКАНДАЛ З ТЦК #news,"Медіа група ""Об'єктив""",https://www.youtube.com/watch?v=wGjrj6FwNa8,Харків'янка звинуватила ТЦК у побитті. Інцидент стався на вулиці Культури. Поліція проводить перевірку.
тцк,2026-02-18T19:17:20Z,1.25,Як не помилитися при оформленні відстрочки #мобілізація #тцк #відстрочка #адвокатнеклеса #неклеса,Адвокат Неклеса,https://www.youtube.com/watch?v=nUYq9LovhvA,
тцк,2026-02-18T19:07:09Z,0.88,"Дитину в дітдом, батька в ТЦК",BOMB NEWS,https://www.youtube.com/watch?v=40LW_rZi9I8,тцк #мобілізація #війнавукраїні #новини.
тцк,2026-02-18T19:07:14Z,1.78,Ограниченно пригодным снимут розыск ТЦК,Адвокат Олег Лукьянчиков,https://www.youtube.com/watch?v=5-VKtY2gT6o,Ограниченно пригодным снимут розыск ТЦК. ☎️0️⃣6️⃣6️⃣5️⃣5️⃣5️⃣1️⃣0️⃣2️⃣0️⃣   адвокат ...
тцк,2026-02-18T18:49:23Z,0.67,Футболіст &quot;Колоса&quot; побив ТЦК,RealUkraine,https://www.youtube.com/watch?v=q3LJB3gbF1Q,"Шокуюча ситуація у світі українського футболу! 24-річний гравець ФК Колос, Данило Колесник, не просто вдарив ..."
тцк,2026-02-18T18:41:32Z,0.88,"&quot;Складнощі завжди бувають, тому що люди різні&quot;.  Військовий про службу у ТЦК Херсона #shorts",Суспільне Херсон,https://www.youtube.com/watch?v=QaKeYUcsHtM,Підпишіться та натисніть щоб отримувати сповіщення про нові відео та трансляції Читайте новини тут: ...
тцк,2026-02-18T18:33:10Z,0.48,Напад футболіста Колесника на ТЦК!,EDMA,https://www.youtube.com/watch?v=ov6ylLg0_l8,"Футболіст ФК ""Колос"" Данило Колесник напав на ТЦК. Нові відео! #зеленський #політика #україна #українськийютуб #зсу ..."
тцк,2026-02-18T18:26:33Z,3.18,"Два місяці у СІЗО проведе водій, який 16 лютого збив поліцейську у Харкові, тікаючи від ТЦК",Суспільне Харків,https://www.youtube.com/watch?v=zSFLKvLefc4,"18.02.2026. На два місяці до СІЗО відправив суд у Харкові водія, який наїхав на поліцейську, тікаючи від групи оповіщення ..."
тцк,2026-02-18T18:25:56Z,0.68,"Співробітники ТЦК грубо поводяться з цивільним населенням, використовуючи фізичну силу",Ukrainian_View,https://www.youtube.com/watch?v=Wzlvy-kfGM4,"Долі чоловіків та їхніх сімей не в інтересі влади та ТЦК. У них у пріоритеті фінанси та особисті цілі, що гублять довіру та ..."
тцк,2026-02-18T18:19:58Z,0.6,ФУТБОЛІСТ І ТЦК! ПОВНЕ ВІДЕО #тцк #футбол #футболист #новини #pazantv #новости #news #динамо,PazanTV,https://www.youtube.com/watch?v=eEwjdG7Tu40,
тцк,2026-02-18T18:00:57Z,0.23,МЕНЕ ПРОБИВАЮТЬ ВЖЕ?! ПЕРЕВІРКА БАЗИ ТЦК В АВТО?! 📱,Legal Land,https://www.youtube.com/watch?v=pE727bD4mbQ,тцк поліція незаконне затримання право на зйомку розшук ухилянтів незаконна мобілізація ФАКТ: Патрульна поліція ...
тцк,2026-02-18T18:00:18Z,0.18,❤️‍🔥Загасив ТЦК Вогнегасником!,Пильний Дніпрянин,https://www.youtube.com/watch?v=FucsdK2HZJU,"Загасив ТЦК Вогнегасником! Ставте пишіть коментарі та підписуйтесь на канал, щоб бачити більше важливих новин!"
тцк,2026-02-18T17:57:13Z,4.63,Напад на ТЦК чи самооборона? Де записи з боді камер?,Денис Галандзовський Новини Світу,https://www.youtube.com/watch?v=tA4HKu02f00,Робота для будівельників в Польщі та Бельгії! Заповни заявку і менеджер надасть всі деталі ...
тцк,2026-02-18T17:40:09Z,9.73,"Штраф посадовцю ТЦК, вирок за картки та «чорні лісоруби» | ПравдаТУТ Львів",ПравдаТУТ Львів,https://www.youtube.com/watch?v=iOqXbtIyxkM,Верховний Суд залишив у силі штраф посадовцю ТЦК за порушення під час призову чоловіка-опікуна. Стриянина засудили ...
тцк,2026-02-18T17:11:39Z,1.22,Що відомо про вибух у Коломийському районному ТЦК та СП,Суспільне Івано-Франківськ,https://www.youtube.com/watch?v=S_Gxs17mT3A,"Вибух у Коломийському районному ТЦК та СП, що стався вночі 18 лютого, кваліфікують як терористичний акт."
тцк,2026-02-18T17:04:54Z,0.7,Суд з ТЦК: Як виграти справу пакет документів #shorts,ЄЗАКОН Адвокат Мамчик,https://www.youtube.com/watch?v=FGY9yrjlye4,"Щоб виграти суд з ТЦК, потрібен пакет документів: родинні зв'язки, витяг з ЄРДР, та головне – лікарське свідоцтво."
тцк,2026-02-18T17:01:14Z,0.45,#украина #вiйна #сво #зсу #политика #тцк,ЛУГАНСКИЙ СВЯЗНОЙ 🇷🇺,https://www.youtube.com/watch?v=ymS8uiv0pwU,
тцк,2026-02-18T17:00:32Z,3.17,ВИБУХ у ТЦК у Коломиї | Псевдо-вчителі на Закарпатті - нова схема для ухиляння,ТСН,https://www.youtube.com/watch?v=Gmj7AZwMzXc,"Вибух у приміщенні коломийського терцентру комплектування, на Прикарпатті. Інцидент стався вночі - добряче струсило ..."
тцк,2026-02-18T17:00:39Z,1.15,Левадний про доставлення адвоката до ТЦК,НААУ,https://www.youtube.com/watch?v=P0Y1vzGACS4,Чи є законним доставлення адвоката до приміщення ТЦК? Які гарантії адвокатської діяльності можуть бути порушені та як ...
тцк,2026-02-18T17:00:37Z,0.38,Я ПРОГНАВ БЕЗПРЕДЕЛ?! ТЦК ВЖЕ ЙДУТЬ ГЕТЬ З ХАТИ?! 🏃,Legal Land,https://www.youtube.com/watch?v=JZudWXwPs3M,тцк поліція незаконне затримання право на зйомку розшук ухилянтів незаконна мобілізація ФАКТ: Представники ТЦК і ...
тцк,2026-02-18T16:52:30Z,13.33,⚡️ ВСУ пошли против Зеленского и ТЦК // Мединский меняет правила // Аргус замена Starlink,Сегодня,https://www.youtube.com/watch?v=VwgNq4uFZgA,Сегодня в выпуске: раскрыта реальная выгода от снятия санкция с России для США; на что Зеленский готов ради встречи с ...
тцк,2026-02-18T16:48:10Z,13.0,⚡️НАЖИВО! ВКРАЛИ &quot;ЦУМАНСЬКУ ПУЩУ&quot;? 🌲 Скандал в Олиці | ВИБУХ у ТЦК на Франківщині, Телеканал КОНКУРЕНТ ВОЛИНЬ,https://www.youtube.com/watch?v=P4x1rLExcyU,"Головні події Луцька, Волині та України за 18 лютого вже тут! У прямому ефірі ведуча Христина Дричик підсумує ..."
тцк,2026-02-18T16:48:37Z,0.27,Реакція людей на бусіфікацію це теж щось говорить. #ТЦК #війна #добасс #бусіфікація,Alla Petrovskiy-Kovch,https://www.youtube.com/watch?v=G_D0-_ovtkw,"Якщо б народ сильно вірив би в те що Донбас треба захищати, то напевно спішили б на фронт а не відбивались би від ..."
тцк,2026-02-18T16:43:41Z,4.03,ФУТБОЛІСТ ОТРИМАВ ПІДТРИМКУ! Скандал з ТЦК не вщухає! Розбираємо деталі,FM Галичина ,https://www.youtube.com/watch?v=3qhPnaIcc5U,"Футболіст «Колоса» Данило Колесник — у центрі зовсім не спортивного скандалу: конфлікт із ТЦК, розірвання контракту з ..."
тцк,2026-02-18T16:32:05Z,10.82,Розыск ТЦК. Что происходит?,Адвокат Олег Лукьянчиков,https://www.youtube.com/watch?v=hD0Ai9aXkv0,Мой Telegram канал: https://t.me/Oleg_legalist Стать спонсором канала: ...
тцк,2026-02-18T16:30:32Z,0.53,Потужная помощь военным !!! #тцк #армия #мобилизация #войнавукраине #военные,Arthur [FreeMan],https://www.youtube.com/watch?v=sY2UJJ4gDws,
тцк,2026-02-18T16:30:15Z,0.12,ТЦК кнопка визов#countryballs#memes#ukraine#funny#shorts,ТОХІК TV,https://www.youtube.com/watch?v=TDcxtvfvxMg,
тцк,2026-02-18T16:19:53Z,2.03,Мріє про перемогу та відбудову Херсона. Історія військовослужбовця ТЦК та СП Миколи Періга,Суспільне Херсон,https://www.youtube.com/watch?v=DLVYhuqrFCw,Микола Періг – херсонець. Разом із сім'єю пережив окупацію міста. Після звільнення Херсона хотів приєднатись до лав ...
тцк,2026-02-18T16:17:54Z,0.3,"Покровський район, операція триває #новини #новиниукраїни #політика #зсу #мобілізація #тцк #війна",НОВИННИЙ РАДАР. НОВИНИ УКРАЇНИ ТА СВІТУ,https://www.youtube.com/watch?v=bH2gKbrlfIc,Більше інформації в нашому телеграм-каналі. Підтримайте підпискою.
тцк,2026-02-18T16:11:06Z,0.63,Агентка ФСБ та скандал із ТЦК — головне на вечір 18.02.2026 #news,"Медіа група ""Об'єктив""",https://www.youtube.com/watch?v=KkRv3QbIM3o,"Шахрай на EcoFlow, 17-річна агентка ФСБ та скандал із ТЦК — головне за 35 секунд! ⚡️ Поки СБУ запобігає теракту в ..."
тцк,2026-02-18T16:01:48Z,0.15,"БАТЬКА В ТЦК, СИНА В ДИТБУДИНОК!",Новини 1+2,https://www.youtube.com/watch?v=W1UZrlWPUAs,
тцк,2026-02-18T16:01:13Z,0.38,Я ВИМАГАЮ АДВОКАТА?! ТЦК ВЖЕ ПРЯМО У КВАРТИРІ?! 🛑,Legal Land,https://www.youtube.com/watch?v=pfsC8wKZOGY,тцк поліція незаконне затримання право на зйомку розшук ухилянтів незаконна мобілізація ФАКТ: Представники ТЦК ...
тцк,2026-02-18T16:00:04Z,4.43,Футболіст вдарив працівника ТЦК! Колесника звільнили з клубу та затримали: всі подробиці,РБК-Україна,https://www.youtube.com/watch?v=Pom7P5TBV-Q,Український футболіст Данііл Колесник вдарив працівника ТЦК і посварився з поліцією! Як стверджує сам спортсмен — він ...
тцк,2026-02-18T16:00:06Z,14.07,😱 Черговий скандал з ТЦК. Що далі?,АНАТОЛІЧ не мовчить,https://www.youtube.com/watch?v=7T1miyRHVnM,"Український футболіст вдарив працівника ТЦК під час того, як той виконував завдання з перевірки документів. Як ми дійшли ..."
тцк,2026-02-18T16:00:21Z,0.55,🔥Один Проти Семи ТЦК!,Пильний Дніпрянин,https://www.youtube.com/watch?v=ESaoz44gDCY,Один Проти Семи ТЦК! У Дніпрі ТЦК напали на хлопця! Я нарахував сім шлунків! Хлопець відбився від ТЦК ...
тцк,2026-02-18T15:45:02Z,14.4,🚨 НОВИНИ: В Коломийському ТЦК стався ВИБУХ! ВІДКРИТО КРИМІНАЛЬНЕ ПРОВАДЖЕННЯ | Факти ICTV 18.02.26,Факти ICTV,https://www.youtube.com/watch?v=Bj_FjoBnRjA,Оперативна ситуація на фронті. Репортаж з передової: робота 81-ї бригади та пілотів БПЛА. Візит Генсека Ради Європи на ...
тцк,2026-02-18T15:42:09Z,1.5,Футболіст захистив сусіда від ТЦК?,NOSOROG,https://www.youtube.com/watch?v=Prgwg1RK-zk,Футболіст захистив сусіда від ТЦК?
тцк,2026-02-18T15:43:36Z,1.03,Конфлікт Тцк і спортсмена #топ #спорт #зсу #київ #киев #україна #новини #шок #топчик #лайк #мир #тцк,Юрист В. Бондаренко,https://www.youtube.com/watch?v=bbR3gYoEDX8,
тцк,2026-02-18T15:22:27Z,3.0,РОЗПОРЯДЖЕННЯ ТЦК:Теорія і практика. Кого викликають? #кейситцк #розпорядженнятцк,"ЮК ""KOTOVA""",https://www.youtube.com/watch?v=0_PVmY9EwxE,
тцк,2026-02-18T15:12:38Z,0.67,😕ТЦК бьють футболіста😤⚽,💙💛 WOMAN of UKRAINE !,https://www.youtube.com/watch?v=kh34bdP6pgk,
тцк,2026-02-18T15:00:39Z,0.62,👹ТЦК Чистять Вулиці Дніпра Від Чоловіків!,Пильний Дніпрянин,https://www.youtube.com/watch?v=Kwnn4mryCuY,Як казав уповноважений з прав людини в Україні Дмитро Лубінець: ТЦК не мають права затримувати людей! Але хто ...
тцк,2026-02-18T15:01:06Z,0.25,Я ПОПЕРЕДИВ ПРО СТАТУС?! ТЦК ГОТУЄ ЖОРСТКУ СИЛУ ВЖЕ?! 😡,Legal Land,https://www.youtube.com/watch?v=capwBjD3tik,тцк поліція незаконне затримання право на зйомку розшук ухилянтів незаконна мобілізація ФАКТ: Військовослужбовець ...
тцк,2026-02-18T15:00:38Z,9.93,"НОВИЙ КОРУПЦІЙНИЙ СКАНДАЛ ІЗ ТЦК: ДЕСЯТКИ МІЛЬЙОНІВ ГОТІВКИ, ЛЮКСОВІ АВТО ТА РОЗКІШНІ БУДИНКИ!",ТСН,https://www.youtube.com/watch?v=L-HIZsg3wCQ,"Родичі-мільйонери: одеська версія. Люксові авто, величезні суми готівки, розкішні будинки, декларація “для галочки” і, ..."
тцк,2026-02-18T14:54:06Z,8.6,Ніхто не очікував! Злочини ТЦК попали на відео! Колесніков ні в чому не винен,Денис Галандзовський,https://www.youtube.com/watch?v=tj_SVysDXjM,Робота для будівельників в Польщі та Бельгії! Заповни заявку і менеджер надасть всі деталі ...
тцк,2026-02-18T14:47:20Z,2.93,ПОЛІЦІЯ і ТЦК ЛЯКАЮТЬ молодого водія 😡,Адвокат Болтик,https://www.youtube.com/watch?v=TcGgAV_ePoI,Тут класичний трюк: “ми зупинили по п.7 ст.35” і далі під це підтягують перевірку військово-облікових документів.
тцк,2026-02-18T14:40:30Z,0.87,УКРАИНСКИЙ ФУТБОЛИСТ КОЛЕСНИК ДАЛ ОТПОР ТЦК // УЖАСНАЯ ИСТОРИЯ  #Колесник #футболист #Украина #тцк,Европа для украинцев,https://www.youtube.com/watch?v=D_zHH7BM8A0,"Мой второй канал про науку, плоскую Землю и американцев на Луне ..."
тцк,2026-02-18T14:40:06Z,0.42,Оборона триває..вистоїмо. #новини #новиниукраїни #політика #мобілізація #тсн #україна #тцк,НОВИННИЙ РАДАР. НОВИНИ УКРАЇНИ ТА СВІТУ,https://www.youtube.com/watch?v=3-5b1Iv6uGQ,Більше інформації в нашому телеграм-каналі. Підтримайте підпискою.
тцк,2026-02-18T14:39:36Z,1.12,ГУЧНИЙ СКАНДАЛ ІЗ ТЦК НА КИЇВЩИНІ! ФУТБОЛІСТ ВДАРИВ ВІЙСЬКОВОГО ТЦК,КИЇВ24 live,https://www.youtube.com/watch?v=5lvFs0dS-3Q,Підписуйтесь на наш канал: https://www.youtube.com/channel/UCT8m5Ltxs5tkhRzvHeAPrtA?sub_confirmation=1 Головні ...
тцк,2026-02-18T14:35:22Z,9.95,ФУТБОЛІСТИ ПРОТИ ТЦК! ВСЯ ПРАВДА ПРО ЗАТРИМАННЯ МУСОРАМИ ФУТБОЛІСТА КОЛЕСНИКА,NOSOROG,https://www.youtube.com/watch?v=01IBLdU9ygM,"Вчора футболіст ФК «Колос» Данило Колесник захищаючи свого сусіда, батька трьох дітей якого намагалися бусифікувати ..."
тцк,2026-02-18T14:20:00Z,9.48,⚡НАПАВ на ТЦК. ОТРИМАВ 5 років ТЮРМИ? 😮Скандал із футболістом  Данилом Колесником набирає обертів,5 канал,https://www.youtube.com/watch?v=KGAm6en1q_g,"Поліція арештувала футболіста, який вдарив службовця ТЦК під час заходів оповіщення. Данилу Колеснику може ..."
тцк,2026-02-18T14:08:53Z,3.97,ТЦК та СП в обороні Чернігова. Презентація книги  «Добровольці на лінії вогню» Михайла Жирохова,Телеканал «Дитинець»,https://www.youtube.com/watch?v=lOOHY4fhf5M,Сюжет телеканалу «Дитинець» Стежте за нами в соцмережах: Facebook - https://www.facebook.com/TVDNET Instagram ...
тцк,2026-02-18T14:08:53Z,0.68,⚽️ Футболіст проти ТЦК: самооборона чи напад на службову особу?,Адвокат Олександр Августінов,https://www.youtube.com/watch?v=OdIktYGm8Wc,Що чекає на гравця? Стаття 350 ККУ: Погроза або насильство щодо службової особи. Санкція: Від 3 до 5 років обмеження ...
тцк,2026-02-18T14:02:35Z,0.63,💰 Статки на 37 МІЛЬЙОНІВ: ексзаступнику Одеського ТЦК та його тещі ОГОЛОСИЛИ ПІДОЗРУ,TPK MAPT,https://www.youtube.com/watch?v=d2iZYFG9tNg,
тцк,2026-02-18T14:00:56Z,1.22,Зимнее обострение КАСТРЮЛЬНОГО МИРА в Германии ! ( ПОРА ОТКРЫВАТЬ ТЦК В ГЕРМАНИИ ! ),РУССКИЕ В ГЕРМАНИИ GERMANY LIVE-TV 3,https://www.youtube.com/watch?v=d8Bxyk-pA5w,Зимнее обострение КАСТРЮЛЬНОГО МИРА в Германии ! ( ПОРА ОТКРЫВАТЬ ТЦК В ГЕРМАНИИ ! )
тцк,2026-02-18T14:00:00Z,0.45,Юлия Тимошенко была права #украина #мобилизация #тцк #всу #юлия_тимошенко,Я так думаю,https://www.youtube.com/watch?v=bZA4ifcAMBU,Юлия Тимошенко была права #украина #мобилизация #тцк #всу #юлия_тимошенко.
тцк,2026-02-18T14:01:22Z,4.7,Працівник не повернувся на роботу після ТЦК чи ВЛК: дії роботодавця,kadroland – кадровий канал No1,https://www.youtube.com/watch?v=RaM9INwqk28,"Працівник не повернувся на роботу після ТЦК чи ВЛК: дії роботодавця ☝️Чи траплялося у вас так, що працівник не вийшов ..."
тцк,2026-02-18T13:50:01Z,0.55,ФУТБОЛІСТ поплатився за бійку з ПРАЦІВНИКОМ ТЦК,ТСН,https://www.youtube.com/watch?v=-b_VC2_pjQ4,"Поліцейські Київщини затримали колишнього гравця ФК ""Колоса-2"" Данила Колесника, який оприлюднив в соцмережі відео ..."
тцк,2026-02-18T13:39:41Z,1.0,Єновина! Футболіст не винний винні ТЦК Репост? #влада #політика #блог,Блог Разумовського,https://www.youtube.com/watch?v=twkEYNAXGqI,
тцк,2026-02-18T13:35:51Z,1.58,Piderasu тцк з мусорами напали на хлопця,ВОЛОНТЕР,https://www.youtube.com/watch?v=tN1p01Ixv4g,
тцк,2026-02-18T13:33:00Z,10.2,⚡️СКАНДАЛ з побиттям військового ТЦК! Палка дискусія у прямому ефірі! Ось що сталося насправді,Апостроф TV,https://www.youtube.com/watch?v=ViK2K1W5Qdw,"Олексій Гончаренко, народний депутат України Кирило Яковлев, військовослужбовець У центрі уваги — випадок нападу ..."
тцк,2026-02-18T13:32:36Z,0.55,⚽️ Вдарив працівника ТЦК - ексфутболісту світить до 5 років,ШОБ ШО?,https://www.youtube.com/watch?v=fDzngwBRWl4,"На Київщині затримали ексфутболіста, який під час конфлікту вдарив військовослужбовця ТЦК. Потерпілий отримав тілесні ..."
тцк,2026-02-18T13:16:58Z,2.98,❗️КІНЕЦЬ &quot;БУСИФІКАЦІЇ&quot;? Ось як Міноборони змінить роботу ТЦК #shorts,Дарина Трунова,https://www.youtube.com/watch?v=Vd22M7t48LA,трунова #яковлев #мобілізація #мобилизация #новини​ #новости #війнавукраїні2026 #войнавукраине2026​ ...
тцк,2026-02-18T13:11:03Z,0.43,🚨У Бережанах нетверезий працівник ТЦК намагався втекти від поліції та врізався у службове авто,Тернополяни,https://www.youtube.com/watch?v=3pu3ULakjbs,У Бережанах нетверезий працівник ТЦК намагався втекти від поліції та врізався у службове авто За інформацією ...
тцк,2026-02-18T13:10:20Z,0.67,Ефремов: про ТЦК и ВЛК #зсу #війна #полонені #україна #recommended,Свободное мнение,https://www.youtube.com/watch?v=n41LqKa34qQ,
тцк,2026-02-18T13:06:35Z,0.72,Вибух в приміщенні ТЦК у Коломиї,Приватне підприємство Телерадіокомпанія НТК,https://www.youtube.com/watch?v=GAVpUOb9G1U,Вибух в приміщенні ТЦК у Коломиї. Сьогодні о 01:15 у приміщенні Коломийського районного територіального центру ...
тцк,2026-02-18T13:01:34Z,8.2,СКАНДАЛ НА ВСЮ УКРАЇНУ: ФУТБОЛІСТ ВДАРИВ ПРАЦІВНИКА ТЦК: ІСТОРІЯ ОТРИМАЛА ПРОДОВЖЕННЯ!,ТСН,https://www.youtube.com/watch?v=ntBBq6s7EUo,Інцидент із українським футболістом та військовим ТЦК сколихнув соцмережі! Форвард ковалівського «Колоса» Данило ...
тцк,2026-02-18T12:59:00Z,0.07,💥 ТЦК підірвали,NOWUA,https://www.youtube.com/watch?v=eASwkcp2KnM,"новини #новинисьогодні #новинионлайн У Коломиї вночі стався вибух у будівлі ТЦК. СБУ повідомляє, що інцидент ..."
тцк,2026-02-18T12:57:18Z,0.3,ШОК! ТЕРАКТ КОЛОМИЙСЬКОМУ РАЙОННОМУ ТЦК,КИЇВ24 live,https://www.youtube.com/watch?v=04nyoxmohAg,Підписуйтесь на наш канал: https://www.youtube.com/channel/UCT8m5Ltxs5tkhRzvHeAPrtA?sub_confirmation=1 Головні ...
тцк,2026-02-18T12:47:34Z,1.4,ДАЛ ЛЕЩА ТЦК🚨АРЕСТОВАЛИ ФУТБОЛИСТА 😔 #украина #новиниукраїни #україна #тцк #війнавукраїні #новости,LISOVSKIY_NEWS,https://www.youtube.com/watch?v=pUjMiZPEq_A,
тцк,2026-02-18T12:33:41Z,0.38,Вибух у Коломийському районному ТЦК та СП,Івано-Франківське обласне телебачення «Галичина»,https://www.youtube.com/watch?v=wGl6_X-lkec,Нічний вибух у Коломийському районному територіальному центрі комплектування та соціальної підтримки розцінюють як ...
тцк,2026-02-18T12:25:21Z,0.47,Забронированные выносят приговор !!! #тцк #войнавукраине #мобилизация #военные #выживание,Arthur [FreeMan],https://www.youtube.com/watch?v=QU_UxLx1768,
тцк,2026-02-18T12:20:00Z,0.67,🤬Футболіст вдарив ТЦК і одразу ж ПОПЛАТИВСЯ! #shorts,Football Stars,https://www.youtube.com/watch?v=6tZjAKWSAs8,Вигнали з клубу через сутичку із ТЦК?? Гравець «Колоса» Данило Колесник вдарив працівника ТЦК. А опісля виклав відео ...
тцк,2026-02-18T12:18:28Z,5.17,Теракт у Коломиї - вибух в ТЦК / Смертельне побиття: справа 2023 року отримала вирок,Перший Подільський,https://www.youtube.com/watch?v=VsNnV1SK_q4,5хвилиннаголовне #вирок #теракт #ПершийПодільський #Хмельниччина #новинихмельницький #новини #телебачення ...
тцк,2026-02-18T12:01:14Z,2.72,💥ТЦК Дніпро: Спробуй Не Погодитись! #PoliceofDnipro,Пильний Дніпрянин,https://www.youtube.com/watch?v=jrObVwVfq9E,"ТЦК Дніпро: Спробуй Не Погодитись! #PoliceofDnipro Ставте пишіть коментарі та підписуйтесь на канал, щоб бачити ..."
тцк,2026-02-18T12:00:05Z,0.18,Нічний вибух у ТЦК в Коломиї: момент потрапив на відео #Коломия #ТЦК #Вибух #Україна #Новини,Публіцист,https://www.youtube.com/watch?v=0EUeJLUWunE,"У Коломиї на Івано-Франківщині вночі стався вибух у будівлі ТЦК. За попередніми даними, постраждалих немає, однак ..."
тцк,2026-02-18T11:35:02Z,1.03,⚡️Військовий ТЦК ВІДВЕРТО звернувся до українців! #shorts,24 Канал,https://www.youtube.com/watch?v=qFJ1ZcOJtQQ,"24 Канал запускає подкасти! Шукайте нас на різних, зручних для вас платформах: https://linktr.ee/podcast24tv.ua."
тцк,2026-02-18T11:10:58Z,0.27,нападение на ТЦК! Вставай народ Украины! гони чертей! #сво #ухилянты #война #мобилизация #военкомат,Алекс Мирный,https://www.youtube.com/watch?v=enrSmnPJHT8,
тцк,2026-02-18T11:12:26Z,0.37,Підрив будівлі ТЦК в Коломиї,BOMB NEWS,https://www.youtube.com/watch?v=XG4ldlWa7IM,тцк #іванофранківськ #новини #війнавукраїні.
тцк,2026-02-18T11:05:06Z,0.63,"ТЕРМІНОВО❗️ ВИБУХ В ТЦК в Коломиї: місто трусить від ШОКУ, справу передали СБУ",Телеканал Конкурент Україна,https://www.youtube.com/watch?v=C-WUPdHFRsE,У місті Коломия стався вибух у приміщенні ТЦК — інформацію підтвердила Івано-Франківська обласна прокуратура.
тцк,2026-02-18T11:00:43Z,0.12,"5 років за те, що став між людиною і ТЦК? Справа Колесника #Колесник #ТЦК #Мобілізація #Україна",Публіцист,https://www.youtube.com/watch?v=OdOg9xVYloo,Данила Колесника затримали після конфлікту з працівником ТЦК. Офіційно — загрожує до 5 років. Неофіційно — він ...
тцк,2026-02-18T11:01:33Z,0.1,Футболіст «Колоса» вдарив військового ТЦК — і миттєво залишився без команди,Світло в вірі shorts,https://www.youtube.com/watch?v=sdvDnLDptm4,Скандал у футболі: нападник «Колоса-2» Данило Колесник вдарив військового ТЦК під час конфлікту та виклав відео у ...
тцк,2026-02-18T10:18:21Z,0.55,Вибух у ТЦК в Коломиї,ПІК. Прикарпатська інформаційна корпорація,https://www.youtube.com/watch?v=9qfOlEklXSI,
тцк,2026-02-18T10:16:52Z,0.13,🤯ВИБУХ У ТЦК В КОЛОМИЇ!,Телеканал Конкурент Україна,https://www.youtube.com/watch?v=otUu__aMYuM,конкурентукраїна #конкурентtv #новини #конкурент #новиниукраїни #новинисвіту #новинионлайн #наживо.
тцк,2026-02-18T10:14:37Z,1.12,"Поліція затримала футболіста Колесника, який вдарив військового з ТЦК #shorts #тцк",BBC News Україна,https://www.youtube.com/watch?v=uG6D-mYj4So,"На Київщині поліція затримала футболіста ""Колоса"" Данила Колесника, який вдарив в обличчя працівника ТЦК."
тцк,2026-02-18T10:15:06Z,0.73,"🤯ДОГРАВСЯ?! Футболіст, який НАПАВ на ТЦК — ЗАТРИМАНИЙ. ТЮРМА НЕМИНУЧА?",Телеканал Конкурент Україна,https://www.youtube.com/watch?v=k96a7O22-NQ,Скандальне відео з Київщини облетіло мережу: колишній гравець ФК Колос-2 напав на працівника ТЦК під час перевірки ...
тцк,2026-02-18T10:13:24Z,0.4,🚨 5 років для футболіста — чи будуть строки для ТЦК?,DeFactoUA,https://www.youtube.com/watch?v=j9uTB4M6aNA,Поліція затримала Данила Колесника після конфлікту з представниками ТЦК — йому може загрожувати до 5 років ...
тцк,2026-02-18T10:11:52Z,0.78,В&#39;ЯЗНИЦЯ ЗА УДАР ПО ТЦК! #новини #pazantv #новости #динамо #тцк #футбол #колос #колесник #алієв,PazanTV,https://www.youtube.com/watch?v=0Shok6kyKvE,
тцк,2026-02-18T10:05:53Z,0.57,Футболіст «Колоса» вдарив працівника ТЦК — конфлікт під час мобілізації #ТЦК #Україна #Новини,Публіцист,https://www.youtube.com/watch?v=vqFEveTfkmk,"24-річний гравець «Колоса» Данило Колесник став учасником конфлікту з працівником ТЦК. За попередніми даними, він ..."
тцк,2026-02-18T10:04:17Z,0.67,Зеленський про мобілізацію на росії Не нагадує нічого? #yarchik #ярчік #тцк #мобілізація #зеленський,Yarchik,https://www.youtube.com/watch?v=4fShffpljjE,
тцк,2026-02-18T09:53:53Z,4.47,В Овручі після бійки в під&#39;їзді чоловіка доправили до ТЦК: поліція розпочала службову перевірку,Суспільне Житомир,https://www.youtube.com/watch?v=nwwAyGjoP1U,Уночі 14 лютого в Овручі поліцейські виїхали на виклик через бійку в під'їзді багатоквартирного будинку. Одного з учасників ...
тцк,2026-02-18T09:53:28Z,0.37,зелебоба эдит  #тцк #славазсу #фронт #ухилянт,Не aqwide,https://www.youtube.com/watch?v=s4xZp4q4AwE,
тцк,2026-02-18T09:40:00Z,0.08,❗️Стався теракт в ТЦК у Коломиї на Франківщині: вночі в приміщенні пролунав потужний вибух,Закарпатський Буржуй,https://www.youtube.com/watch?v=oHt83dyaoxM,
тцк,2026-02-18T09:30:50Z,1.33,"🇺🇦В Харькове слуга Зеленского из банды ТЦК напал на женщину, которая  снимала как похищают человека",lemon564,https://www.youtube.com/watch?v=swNQWbP0FuE,"В Харькове слуга Зеленского из банды ТЦК напал на женщину, которая начала снимать как похищают человека, с клеймом ..."
тцк,2026-02-18T09:26:05Z,2.95,Поліція затримала футболіста за бійку з ТЦК,BOMB NEWS,https://www.youtube.com/watch?v=iihh70zvyaU,тцк #війнавукраїні #новости #колесник #мобілізація.
тцк,2026-02-18T09:17:51Z,0.53,Чи можуть ТЦК надсилати повістки безкінечно? #консультаціяадвоката,InnaLawyer,https://www.youtube.com/watch?v=4jOt33OHCdw,"ТЦК можуть надсилати повістки повторно. Але це не означає, що кожен штраф автоматично законний. Ключове питання ..."
тцк,2026-02-18T09:10:33Z,0.55,Футболист защитился за мужчину которого паковала полиция и ТЦК.. #футболист #тцк #владимирсоколов,Владимир Соколов,https://www.youtube.com/watch?v=jSkonlnUXXY,
тцк,2026-02-18T08:56:59Z,6.17,СУД покарав працівника ТЦК. Показуха чи реальні зміни?,Денис Галандзовський Новини Світу,https://www.youtube.com/watch?v=iSa6WOWAhCw,Робота для будівельників в Польщі та Бельгії! Заповни заявку і менеджер надасть всі деталі ...
тцк,2026-02-18T08:10:28Z,1.0,"⚡️ПРО МОБІЛІЗАЦІЮ, СЗЧ І ТЦК #війна #україна #зеленский #сзч #тцк #мобілізація #бусифікація",СУПЕРПОЗИЦІЯ,https://www.youtube.com/watch?v=b4a7W9U5n6c,
тцк,2026-02-18T08:00:04Z,2.17,"Ложь про ТЦК! Денис ЕЛИСЕВИЧ: «Важно запомнить тех, кто держит нас за ид*отов»",Yelisevych TV,https://www.youtube.com/watch?v=1wHWCOvfW_I,"На своем стриме Денис Елисевич жестко отреагировал на запредельный цинизм власти, которая окончательно ..."
тцк,2026-02-18T07:59:43Z,0.43,Название группы в роблоксе bizze12 #тцк #перемога #україна #роблокс #рекомендации,Ukraine Roblox,https://www.youtube.com/watch?v=RnT7iR4c9e8,
тцк,2026-02-18T08:00:14Z,0.62,Гравець «Колоса» Данило Колесник оскандалився через інцидент з працівником ТЦК,Король Данило,https://www.youtube.com/watch?v=CbTwXC9mCR4,
тцк,2026-02-18T07:58:38Z,0.28,Группа в роблоксе bizze12 #тцк #антончигур,Ukraine Roblox,https://www.youtube.com/watch?v=j8nSayTJW2E,
тцк,2026-02-18T07:51:18Z,2.32,Галущенко за права людини!#Галущенко #НАБУ #ТЦК #Мобілізація #Свавілля #ПраваЛюдини,JustTolik,https://www.youtube.com/watch?v=UA474Fnuads,"Ексміністр енергетики Галущенко в суді назвав «неправильним» те, що людину можуть силою витягнути з транспорту і ..."
тцк,2026-02-18T07:19:09Z,1.22,"ТЦК, готуйтеся! Більше терпіти це ми не будемо!",думайТИ,https://www.youtube.com/watch?v=z1iuwo4ae3I,
тцк,2026-02-18T07:00:21Z,0.4,депутат  Украины про ТЦК,Alen Ashop,https://www.youtube.com/watch?v=SuDS6N_daAs,депутат Украины про ТЦК.
тцк,2026-02-18T06:09:16Z,0.2,ТЦК такие тцк #money #бизнес,MemesReborn,https://www.youtube.com/watch?v=R3W-zcFLabE,
тцк,2026-02-18T06:00:36Z,0.37,ТЦК ПОБИВ ЖІНКУ! Удар у груди #shorts #новини #тцк,Новини 1+2,https://www.youtube.com/watch?v=hlQow7M4LZg,
тцк,2026-02-18T06:00:32Z,2.58,"🔥Глибочиця ТЦК: &quot;Чому Я Воював, А Інші Бухають?&quot;",Пильний Дніпрянин,https://www.youtube.com/watch?v=Pt_T3NzjTJM,"Глибочиця ТЦК: ""Чому Я Воював, А Інші Бухають?"" В селі Глибочиця Житомирської області ТЦК з Поліцією ""пакують"" ..."
тцк,2026-02-18T06:00:40Z,14.35,👊Шок! ЗІРКИ ПОБИЛИ ТЦК. Скандальні кадри потрапили в мережу. Корупція у владі на МІЛЬЯРДИ,СОЛОМКА,https://www.youtube.com/watch?v=hX8WNqL3ARo,Конфлікти між цивільними та ТЦК переходять у фазу відкритих сутичок. Футболіст «Колоса» Данило Колесник опиняється в ...
тцк,2026-02-18T05:47:32Z,0.93,Киянин о тцк ментах и коррупции,Тени Войны,https://www.youtube.com/watch?v=AikViKoiiLI,
тцк,2026-02-18T05:45:05Z,8.27,Важливе оновлення Резерв+ | ТЦК та ВЛК більше не потрібні?,Адвокат Ірина Приліпко,https://www.youtube.com/watch?v=v6McHMz1MSk,Онлайн запис на консультацію https://law-office-of-iryna-prylipko.easyweek.com.ua Телефон для отримання послуг +38 068 ...
тцк,2026-02-18T04:52:12Z,11.58,ФУТБОЛИСТ ОТБИЛ ОТЦА ТРОИХ ДЕТЕЙ У ТЦК👊👊👊🫢 ПОБУРЧИМ С ВЕТЕРАНОМ АЙДАР 🤫,ВЫЖИТЬ В УКРАИНЕ ,https://www.youtube.com/watch?v=KVokVM0MJLU,ДЛЯ ДОНАТОВ   ПРИВАТБАНК 4731 2106 4226 7176 САВИЦКАЯ НАТАЛЬЯ ИВАНОВНА ...
тцк,2026-02-18T04:31:53Z,0.25,Ситуація на кордоні #shorts #тцк #еміграція #кордон,DexterTheCat,https://www.youtube.com/watch?v=fomHBdsVOfA,
тцк,2026-02-18T03:34:51Z,13.78,Одесса восстала. Толпа с монтировками и криками набросилась на ТЦК. Неожиданный поворот!,Политическая мощь России,https://www.youtube.com/watch?v=wBUDBG83pi8,Одесса восстала. Толпа с монтировками и криками набросилась на ТЦК. Неожиданный поворот!
тцк,2026-02-18T03:00:59Z,1.45,"«Ти мусор!», - футболіст «Колоса» відбивав батька 3-х дітей у ТЦК. Його вигнали з клубу",Інсайдер,https://www.youtube.com/watch?v=vFNADrywMMs,мобілізація #тцк #зсу #ухилянти #футбол #колос #колесник.
тцк,2026-02-18T02:55:26Z,13.23,ЛЮДИ ПОБИЛИСЯ З ТЦК У ОДЕСІ,ВРЕМЯ ПРЯДКО,https://www.youtube.com/watch?v=TR_E1z5aaSg,Мій Telegram-канал: https://t.me/gnapinfo Станьте спонсором цього каналу: Patreon.patreon.com/c/gnap Для пожертв у ...
тцк,2026-02-18T02:09:42Z,0.75,ТЦК,Potujni Novyny,https://www.youtube.com/watch?v=80Fg6X0YZi0,тцк #тцктасп #reggae #trap #top.
тцк,2026-02-18T01:35:02Z,0.87,ТЦК побили девушку  #kharkiv #odessa #ukraine #люди,Зелёная власть UA,https://www.youtube.com/watch?v=gK-162ANLAo,
тцк,2026-02-17T22:08:38Z,0.07,Смілянський про повістки Укрпоштою #новини #смілянський #укрпошта #війна #мобілізація #тцк #зсу #рф,Та ти шо!!,https://www.youtube.com/watch?v=V-qSEAEaxxQ,
тцк,2026-02-17T22:00:00Z,1.07,Экс-динамовец Александр Алиев поддержал  Даниила Колесника после его конфликта с ТЦК,Сергей Слободянюк - ужгородец,https://www.youtube.com/watch?v=HzUyix8gTaY,Экс-динамовец Александр Алиев поддержал бывшего форварда ковалевского «Колоса» Даниила Колесника после его ...
тцк,2026-02-17T21:31:28Z,0.75,Дівчина зі сльозами заявила про напад ТЦК у Харкові,АКТУАЛЬНА ПРАВДА,https://www.youtube.com/watch?v=gZp7L-gYb64,Підтримай: patreon.com/aPravda Телеграм: t.me/aPravdaCom ✓ Твітер: https://twitter.com/apravda.
тцк,2026-02-17T21:02:20Z,1.07,❗️❗️❗️ОГО! АЛИЕВ ПОДДЕРЖАЛ ФУТБОЛИСТА В КОНФЛИКТЕ С ТЦК. 💪,Украина 🇺🇦,https://www.youtube.com/watch?v=AtggegC_yDY,
тцк,2026-02-17T20:54:18Z,0.18,"казус в офисе ТЦК , перекличка до службы #like #fyp #fypシ #funny #fun",FilmsForser,https://www.youtube.com/watch?v=WZX2tmykqTM,
тцк,2026-02-17T20:52:57Z,0.18,"казус в офисе ТЦК , перекличка до службы #like #fyp #fypシ #funny #fun",FilmsForser,https://www.youtube.com/watch?v=Z1rIahFur7Q,
тцк,2026-02-17T20:49:16Z,1.67,Ответ пользователю #украинцы #тцк #европа #ес #законы,Mike Udlis,https://www.youtube.com/watch?v=BdGF0MgvN3I,"Ответ пользователю #украинцы #тцк #европа #ес #законы Актуальные предложения, мини курсы, большие курсы, ..."
тцк,2026-02-17T20:47:50Z,8.03,ЦЕ ЖАХ! ФУТБОЛІСТ КЛУБУ УПЛ ПОБИВ ПРАЦІВНИКА ТЦК! ВЖЕ Є РЕАКЦІЯ КЛУБУ. ВІН ВЖЕ ПОКИНУВ КОМАНДУ.,ПЕРШИЙ ТАЙМ | Новини футболу,https://www.youtube.com/watch?v=jImrAsVOBJM,Підписуйся на телеграм канал Перший Тайм - https://t.me/p_taim З питань реклами: pershij.taim.cooperation@gmail.com ...
тцк,2026-02-17T20:02:25Z,1.18,#потужність #тцк бусярик или рэмбо местного разлива,Ухилянт,https://www.youtube.com/watch?v=qYIxMtvWB6c,
тцк,2026-02-17T20:00:56Z,0.85,#потужність #тцк ран вася ран,Ухилянт,https://www.youtube.com/watch?v=6PJkTnZGVrA,
тцк,2026-02-17T19:31:27Z,1.52,"ВЛК,  совість і відповідальність #влк #тцк #зсу #адвокатнеклеса #неклеса #мобілізація",Адвокат Неклеса,https://www.youtube.com/watch?v=Y1hr03qMp7c,
тцк,2026-02-17T19:00:25Z,3.23,ТЦК ПАДЛА - ГИМН УХИЛЯНТОВ,ТЦК ПАДЛА,https://www.youtube.com/watch?v=VShD4oqYsio,"В видео продемонстрированы ключевые нарушения Конвенции о защите прав человека и основных свобод, а также ..."
тцк,2026-02-17T18:57:58Z,0.93,Український бурят про ставлення до ТЦК!,Правовое Государство,https://www.youtube.com/watch?v=o9dfria2LQE,Авторы категорически осуждают любое нарушение законов Украины и прав человека. А также выступают против призывов ...
тцк,2026-02-17T18:20:05Z,0.2,ТЦК,Юля⁸⁸⁸,https://www.youtube.com/watch?v=_fMMZq5trc0,
тцк,2026-02-17T17:46:09Z,0.48,"ВИГНАЛИ З КЛУБУ ЧЕРЕЗ ТЕ, ЩО ПОБИВ ТЦК 😲 Вважаєте заслужено?! #війна #тцк #скандал #футбол #shorts",FM Галичина ,https://www.youtube.com/watch?v=4pmJLEig25w,
тцк,2026-02-17T17:43:37Z,0.27,Футболіст клубу УПЛ вдарив працівника ТЦК та опублікував відео в Instagram – ЗМІ,Aurus TV,https://www.youtube.com/watch?v=WStTTBjJFJ4,"Гравець ""Колоса"" Данило Колесник потрапив до скандалу Форвард ковалівського ""Колоса"" Данило Колесник вдарив ..."
тцк,2026-02-17T17:39:57Z,0.77,Кривой Рог! Запомните данного Людолова! #рекомендации #рек #тцк #україна #live #life #преступники,Krivbass UA,https://www.youtube.com/watch?v=zJKbl1C8MDw,
тцк,2026-02-17T17:36:24Z,4.65,Після бійки в Овручі одного з учасників доставили до ТЦК: поліція проводить службову перевірку,Коростень today:,https://www.youtube.com/watch?v=CYwdRfPZchk,Подробиці тут: https://ogy.de/slnd Підписуйтесь на наш Telegram-канал: https://t.me/korostentoday.
тцк,2026-02-17T17:26:27Z,1.55,ТЦК уничтожит Украину,Кофе с Любарским,https://www.youtube.com/watch?v=T0Ae8c9Csag,Наши медиа: https://allmylinks.com/sergey-lubarsky Связь со мной: sergey@lubarsky.us.
тцк,2026-02-17T17:18:12Z,2.35,Ответ пользователю Розыск ТЦК снимать или нет? ☎️0️⃣6️⃣6️⃣5️⃣5️⃣5️⃣1️⃣0️⃣2️⃣0️⃣👈 адвокат,Адвокат Олег Лукьянчиков,https://www.youtube.com/watch?v=oXbYh-u-R8E,Ответ пользователю Розыск ТЦК снимать или нет? ☎️0️⃣6️⃣6️⃣5️⃣5️⃣5️⃣1️⃣0️⃣2️⃣0️⃣   адвокат ...
тцк,2026-02-17T17:16:27Z,1.05,￼ Погіршення ситуації з ТЦК в Києві,Sereda_Maksim,https://www.youtube.com/watch?v=X1kTmJiP-3Q,
тцк,2026-02-17T17:04:12Z,0.18,"24-річний футболіст ФК «Колос» Колесник напав на ТЦК і виставив це в Instagram, — Ukraine context.",WNews ,https://www.youtube.com/watch?v=fPQo8sXIGw8,"24-річний футболіст ФК «Колос» Колесник напав на ТЦК і виставив це в Instagram, — Ukraine context. Відео він уже видалив ..."
тцк,2026-02-17T17:00:06Z,1.28,НААУ | Доставлення адвоката до приміщення ТЦК — порушення гарантій адвокатської діяльності?,НААУ,https://www.youtube.com/watch?v=Z2g8IiERRCU,Чи є законним доставлення адвоката до приміщення ТЦК? Які гарантії адвокатської діяльності можуть бути порушені та як ...
тцк,2026-02-17T16:50:50Z,0.48,Український футболіст напав на ТЦК! Його вже звільнили з клубу. Заслуговує? #війна #новини #shorts,FM Галичина ,https://www.youtube.com/watch?v=EubOTa14m7Y,
тцк,2026-02-17T16:44:43Z,0.22,Як швидко підвищитися в ТЦК на UA ONLINE?,ALLEN - UA ONLINE,https://www.youtube.com/watch?v=3sr8El61I0E,Як швидко підвищитися в ТЦК на UA ONLINE? Реєструй акаунт на UA ONLINE 02 • Вказуй мій нік: Vladislav_Allen ...
тцк,2026-02-17T16:29:38Z,1.53,Адвокат ТЦК,Адвокат Олег Лукьянчиков,https://www.youtube.com/watch?v=WYlu7_Gls_Q,Адвокат ТЦК. ☎️0️⃣6️⃣6️⃣5️⃣5️⃣5️⃣1️⃣0️⃣2️⃣0️⃣   адвокат консультация тцк. #лукьянчиков ...
тцк,2026-02-17T16:13:47Z,0.27,ТЦК НАРВАЛИСЬ НА ММАШНИКА,PULYA95,https://www.youtube.com/watch?v=lpZvtgzTtDo,
тцк,2026-02-17T16:01:32Z,8.03,Як виграти суд у ТЦК: чому і коли потрібно судитися?,Адвокат Роман Сімутін,https://www.youtube.com/watch?v=y0CJnnFU4yU,"Спілкуючись із клієнтами, я зауважив, що багато хто не розуміє для чого оскаржувати незаконно накладений штраф ТЦК ..."
тцк,2026-02-17T16:01:01Z,1.3,Автоматична відстрочка без ТЦК — хто в списку? #shorts,Мережа права | Права військових,https://www.youtube.com/watch?v=dhoZ8G8S9k0,мережаправа #РезервПлюс #мобілізація #ТЦК Залишити заявку на БЕЗКОШТОВНУ консультацію: ...
тцк,2026-02-17T15:51:27Z,0.23,До мене прийшли з ТЦК 😱😱😱 #yarchik #ярчік #ярчик #гумор #жарти #тцк #бусифікація #shorts #shortvideo,Yarchik,https://www.youtube.com/watch?v=0N9LGBJXgwo,
тцк,2026-02-17T15:47:39Z,7.97,17 февраля ДНЕПР🔥 МОБИЛИЗАЦИЯ 60+ ДЛЯ ЧЕГО🔥У ТЦК НОВЫЕ МЕТОДЫ🔥ТЦК НАЧИНАЕТ СТРЕЛЯТЬ🔥,dmpro,https://www.youtube.com/watch?v=dlvun5PKtRE,ДЛЯ ДОНАТОВ КАРТА 4400 0055 5351 9510 МОНО БАНКА https://send.monobank.ua/jar/QsDSpjCeG СПАСИБО!!! #dmpro ...
тцк,2026-02-17T15:37:25Z,5.28,🚩ТЦК почали вриватися в домівки до людей🚩,Геннадій Прищепчук,https://www.youtube.com/watch?v=0tTvDsnbQxE,"Свіжий погляд на події, що відбуваються. Сміливі теми, про які інші мовчать. Гострі дискусії та різні точки зору. Емоції та ..."
тцк,2026-02-17T15:27:11Z,1.33,Ставлення населення до ТЦК,ALL ,https://www.youtube.com/watch?v=v9ADrFnK6TA,
тцк,2026-02-17T15:23:28Z,1.9,"Єновина! Так живуть працівники ТЦК, а ви? #блог #влада #політика",Блог Разумовського,https://www.youtube.com/watch?v=a3UB84riqWk,
тцк,2026-02-17T15:20:19Z,2.73,Колишнього начальника ТЦК судять за керування у стані сп’яніння,Суспільне Суми,https://www.youtube.com/watch?v=PKOfRv_5-Do,У Зарічному районному суді Сум триває розгляд справи щодо керування авто у стані сп'яніння колишнього начальника ...
тцк,2026-02-17T15:16:23Z,0.63,Бізнес на ухилянтах: затримали військовослужбовців районного ТЦК та СП,ТРК Аверс,https://www.youtube.com/watch?v=WlkI25dBt0U,"На Волині поліція затримала групу військовослужбовців районного ТЦК та СП. Як встановили оперативники, двоє ..."
тцк,2026-02-17T15:06:15Z,0.87,🤬‼️&quot;ТИ - CМІТТЯ!&quot;: ФУТБОЛІСТ ПОХИЗУВАВСЯ СКАНДАЛОМ З ПОЛІЦІЄЮ І ТЦК... Гучна реакція КЛУБУ,Телеканал Конкурент Україна,https://www.youtube.com/watch?v=PvtJaWBslpk,"Відео, яке зникло за лічені години, вже спричинило гучний скандал. Футболіст «Колоса» Данило Колесник опублікував ..."
тцк,2026-02-17T14:47:45Z,5.63,УВІРВАВСЯ ТЕРПЕЦЬ! Бунт проти безчинства ТЦК,Денис Галандзовський Новини Світу,https://www.youtube.com/watch?v=6qOWCMSJtR4,Робота для будівельників в Польщі та Бельгії! Заповни заявку і менеджер надасть всі деталі ...
тцк,2026-02-17T14:40:06Z,0.12,В ТЦК СВОЇ ЗАКОНИ! #тцк #новини #україна,РЕПОРТАЖ,https://www.youtube.com/watch?v=VUW1fMnnYSU,тцк #новини #україна.
тцк,2026-02-17T14:32:13Z,0.42,ВОДИТЕЛЬ СБИЛ МАМКУ МУСОРА скрываясь от ТЦК  #тцк #війна #беcпредел #диалог #общение #затримання,Одесский Моряк live,https://www.youtube.com/watch?v=DU2RZtgo_F4,Почта: odesskymoryak@gmail.com Telegram: https://t.me/OdesskyMoryak #одесскийморяк #коррупция #общение #диалог ...
тцк,2026-02-17T14:31:53Z,0.12,Украинский футболист ФК &quot;Колоса&quot;Даниил Колесник оказывается ударил сотрудника ТЦК за своего товарища,lemon564,https://www.youtube.com/watch?v=iSon3AYhTdo,"Украинский футболист ФК ""Колоса"" Даниил Колесник оказывается ударил сотрудника ТЦК за своего товарища, которого ..."
тцк,2026-02-17T14:23:48Z,2.0,Чим допоможе адвокат при зупинці ТЦК? Як діяти самостійно? | Адвокат у Вінниці - Лобанова Вікторія,Адвокат у Вінниці - Лобанова Вікторія ,https://www.youtube.com/watch?v=vfFi8HeX61c,Як захистити свої права при зупинці поліцією та представниками органу ТЦК та СП? Як діяти самостійно?
тцк,2026-02-17T14:19:56Z,9.8,🔴СААКЯН різко про БУСИФІКАЦІЮ: масштаби ЗЛОВЖИВАНЬ ТЦК не могли не знати!,Апостроф TV,https://www.youtube.com/watch?v=VzuKFWpviNk,"В етері: Олег Саакян, політолог, співзасновник Національної платформи стійкості та згуртованості Підпишіться на канал ..."
тцк,2026-02-17T14:13:39Z,2.12,Кількість повісток від ТЦК та терміни притягнення згідно КУпАП#повістки #штраф #порушенняобліку,"ЮРИДИЧНА ПРАКТИКА"" Денис Анатолійович",https://www.youtube.com/watch?v=7_hOiD_XXSw,
тцк,2026-02-17T14:11:09Z,0.75,У Києві втеча від представників ТЦК закінчилася падінням у крижану воду,Король Данило,https://www.youtube.com/watch?v=oMwrKh0fOX0,
тцк беспредел,2026-02-17T14:08:13Z,12.35,НЫТЬЁ Одесского ТЦК,НЕ правовое государство,https://www.youtube.com/watch?v=DhEgKdqhpuE,Стать спонсором канала - https://www.youtube.com/channel/UCp7HWABmkkNM960mu6SlWSA/join ...
тцк,2026-02-17T13:59:29Z,1.23,Єновина! Зворотній бік ТЦК та ВЛК на 37 млн? #влада #політика,Блог Разумовського,https://www.youtube.com/watch?v=zW96lcCvkL8,
тцк,2026-02-17T13:27:31Z,14.93,Напади на ТЦК фіксуються щоденно.  Це вже не мобілізація. Це — вулиця проти системи.,БЕЗ ІЛЮЗІЙ.  Костянтин Ільченко.,https://www.youtube.com/watch?v=CZEWnvNy4ek,Організований спротив українців. Захист від злочинних дій ТЦК — законне право громадян. Воювати за політиків без совісті ...
тцк,2026-02-17T13:23:00Z,14.73,В ЗАЩИТУ ТЦК?🤫 КТО ЕСЛИ НЕ ОНИ?🤥💰 У СЕВЕРА &quot;ГЛЮК&quot;😱😱😱,ВЫЖИТЬ В УКРАИНЕ ,https://www.youtube.com/watch?v=QNop4ff0n-g,ДЛЯ ДОНАТОВ   ПРИВАТБАНК 4731 2106 4226 7176 САВИЦКАЯ НАТАЛЬЯ ИВАНОВНА ...
тцк,2026-02-17T13:00:56Z,0.7,Єновина!Футболіст вдарив працівника ТЦК та похвалився в соцмережах? #влада #політика #блог,Блог Разумовського,https://www.youtube.com/watch?v=_ELUATdfVbo,
тцк,2026-02-17T13:01:27Z,0.43,Чи є недоліки в роботі ТЦК? Корчинський,Дмитро Корчинський,https://www.youtube.com/watch?v=pJZdeR28nLE,Рота Ісуса Христа проводить збір на дообладнання і ремонт машин бойової евакуації. Наші медики в режимі постійного ...
тцк,2026-02-17T13:01:45Z,0.67,🇺🇦ТЦК Дніпро: Поцупили Необережного Пішохода!,Пильний Дніпрянин,https://www.youtube.com/watch?v=yKvjqcrJ13w,"ТЦК Дніпро: Поцупили Необережного Пішохода! Ставте пишіть коментарі та підписуйтесь на канал, щоб бачити більше ..."
тцк,2026-02-17T12:12:09Z,3.0,Вчителя мобілізували. Розголос #адвокатнеклеса #неклеса #тцк #мобілізація,Адвокат Неклеса,https://www.youtube.com/watch?v=CVNnjprWEGE,
тцк,2026-02-17T12:03:37Z,7.07,Повідомлення до ТЦК онлайн: чи можна подати через «Дію» чи е-кабінет у 2026 році,kadroland – кадровий канал No1,https://www.youtube.com/watch?v=eFRUyix7SHY,"Повідомлення до ТЦК онлайн: чи можна подати через «Дію» чи е-кабінет у 2026 році ☝️Подивившись відео, ..."
тцк,2026-02-17T11:54:53Z,0.32,ТЦК придумали нову схему !Будьте обережні ! #yarchik #ярчік #ярчик #тцк #засправедливість #shorts,Yarchik,https://www.youtube.com/watch?v=cTUtr0Pf0do,
тцк,2026-02-17T11:30:01Z,1.67,ТЦК = человек?,Морской юрист Николай Гольбин,https://www.youtube.com/watch?v=2Vpyda-0FZM,Подписывайтесь на телеграм https://t.me/NikolayGolbin ◇ Очередное ужесточение мобилизации. И вот почему резко ...
тцк,2026-02-17T11:26:39Z,10.27,ТЦК ПОСИЛЮЮТЬСЯ: що реально зміниться на вулицях?,Голоса жизни,https://www.youtube.com/watch?v=W02w4Gad9dY,ТЦК ПОСИЛЮЮТЬСЯ: що реально зміниться на вулицях? ТЦК посилюють контроль у 2026 році. Що реально зміниться на ...
тцк,2026-02-17T11:02:18Z,1.32,ЗУПИНИЛИ ТЦК: ЩО РОБИТИ? ПОКРОКОВА ІНСТРУКЦІЯ ТА АЛГОРИТМ ЗАХИСТУ 2026,ROZIA: ЮРИСТ ІЗ ЗАХИСТУ АКТИВІВ,https://www.youtube.com/watch?v=QT2qgugsoUc,ЗАВАНТАЖИТИ Покрокову Інструкцію та Алгоритм дій: ...
тцк,2026-02-17T10:48:14Z,1.27,Вручення повістки Василю Голобородько. Як потрібно правильно розмовляти з ТЦК #українці #життя #тцк,Моє життя в Україні ,https://www.youtube.com/watch?v=aleNCzJO1eY,мобілізація #українці #я #правда #95квартал #зеленский #зеленський.
тцк,2026-02-17T10:18:13Z,0.95,Хто відремонтує бензопилу? тцк! #тцк#мобілізація #харків #врекомендації,Україна Онлайн,https://www.youtube.com/watch?v=Yo9PA9acHkg,
тцк,2026-02-17T10:07:59Z,0.07,Міноборони: військовий залишатиметься на обраній посаді #новини #зсу #міноборони #мобілізація #тцк,Та ти шо!!,https://www.youtube.com/watch?v=C6P0O-dwZIs,
тцк,2026-02-17T09:47:39Z,0.68,Закон для всіх: Чому ТЦК перевищують повноваження? #shorts,Геннадій Прищепчук,https://www.youtube.com/watch?v=viTTYXJpOUg,"Заклик до прозорості, належної правової процедури та рівного застосування закону. Наголос на обмежених повноваженнях ..."
тцк,2026-02-17T09:45:24Z,1.12,ТЦК вривається в хату: Захищайся чи чекай покарання? #shorts,Нестер Прищепчук,https://www.youtube.com/watch?v=u12-2xyTS8I,"Законність дій ТЦК та ваші права. Як захистити себе та чи можна притягнути винних до відповідальності? Дізнайтеся, як ..."
тцк,2026-02-17T09:44:56Z,1.12,ТЦК вривається в хату: Захищайся чи чекай покарання? #ТЦК #Законність #ПраваГромадян #Самозахист,Геннадій Прищепчук,https://www.youtube.com/watch?v=qYaa8NJzxd0,Обговорюємо законність входу ТЦК до будинків. Знайте свої права на самозахист та вимагайте відповідальності для ...
тцк,2026-02-17T09:43:07Z,0.85,Люди спасаются от Людоловов как могут! #рекомендации #рекомендації #україна #тцк #преступники,Krivbass UA,https://www.youtube.com/watch?v=IqE_gz1frG8,
тцк,2026-02-17T09:43:12Z,1.42,ТЦК без повноважень? Розбираємось разом із СБУ! #shorts,Геннадій Прищепчук,https://www.youtube.com/watch?v=Sg3BrjOwuxY,Працівники ТЦК не мають права затримувати громадян. Критика за практику приховування обличчя представниками ТЦК та ...
тцк,2026-02-17T09:30:25Z,1.17,ТЦК без суду: Порушення прав чи законність затримань? #shorts,Геннадій Прищепчук,https://www.youtube.com/watch?v=5SIUeUki4ng,"Розбираємо законність дій ТЦК, роль поліції та випадок з хворою. Готуємося до змін у мобілізації: що чекає на українців?"
тцк,2026-02-17T09:30:25Z,1.17,ТЦК без суду: Порушення прав чи законність затримань? #shorts,Нестер Прищепчук,https://www.youtube.com/watch?v=07u0RifB2Mw,"Розбираємо, де закінчуються законні повноваження ТЦК, а де починаються незаконні дії. Роль поліції, важливий випадок з ..."
тцк,2026-02-17T09:18:11Z,10.03,ЧЕРНІВЦІ ПОВСТАЛИ ПРОТИ ТЦК,ТРИ Г,https://www.youtube.com/watch?v=g6qKhDi6Www,Наш телеграм канал - https://t.me/+rUDYJAoQKPhkOTFi Контакт для рекламодавців - compangel@ukr.net Стати ...
тцк,2026-02-17T09:18:10Z,0.62,Трэш! Ловят даже карликов! #рекомендации #рек #україна #тцк #людолови #life #live #video #бандиты,Krivbass UA,https://www.youtube.com/watch?v=RSDGzkpBhZw,
тцк,2026-02-17T09:00:55Z,13.93,РУБИО ЖЕСТКО ВЫСКАЗАЛСЯ О ДЕЙСТВИЯ ЗЕЛЕНСКОГО И ЕВРОПЫ | ТЦК ЧУТЬ НЕ УТОПИЛИ МУЖЧИНУ В ЛЕДЯНОЙ ВОДЕ,Профан или Предвзят ,https://www.youtube.com/watch?v=_rOa1LhmUxI,"Мой телеграмм канал: https://t.me/gretckiy_orehh Закрытый ""Частный Профанский"" канал: https://web.tribute.tg/s/vDm ..."
тцк,2026-02-17T09:00:00Z,0.78,Тимошенко против бусификации в Украине #украина #тимошенко #тцк #мобилизация #зеленский,Я так думаю,https://www.youtube.com/watch?v=UyjO_bWOHM4,Тимошенко против бусификации в Украине #украина #тимошенко #тцк #мобилизация #зеленский.
тцк,2026-02-17T08:53:51Z,0.53,"Бурят, который проживает на Украине сдает всех знакомых уклонистов в ТЦК. Ловко!",Быть добру!,https://www.youtube.com/watch?v=Pd6DQj07d9g,
тцк,2026-02-17T08:40:46Z,0.23,124 дні на нулі. евакуація. #новини #новиниукраїни #політика #зсу #мобілізація #україна #тцк,НОВИННИЙ РАДАР. НОВИНИ УКРАЇНИ ТА СВІТУ,https://www.youtube.com/watch?v=KcGyvXK2Gbk,Більше інформації в нашому телеграм-каналі. Підтримайте підпискою.
тцк,2026-02-17T08:17:36Z,0.18,ТЦК знайшли Юру #україна #тцк #бусифікація #смішне #ржака #рекомендації #вірусне #коти,1 КГ,https://www.youtube.com/watch?v=rIXyMYYQaeg,
тцк,2026-02-17T08:00:35Z,0.3,🏃🏻Ранок У Харкові: ТЦК Ганяються За Чоловіком!,Пильний Дніпрянин,https://www.youtube.com/watch?v=QJWfJqgAR48,"Ранок У Харкові: ТЦК Ганяються За Чоловіком! Ставте пишіть коментарі та підписуйтесь на канал, щоб бачити більше ..."
тцк,2026-02-17T08:01:01Z,6.83,Сопротивление мобилизации: новые случаи столкновений с ТЦК - Александр Семченко,Александр Семченко,https://www.youtube.com/watch?v=lEFlkF7z3CY,Подписаться на Телеграм-канал: https://t.me/AleksandrSemchenko Канал в МАХ: https://max.ru/AleksandrSemchenko ...
тцк,2026-02-17T07:00:50Z,0.47,🔥ТЦК Разом З ВЛК Мобілізують Хворих?,Пильний Дніпрянин,https://www.youtube.com/watch?v=rrh4Xow_Xsw,Військовий розказує яких людей привезли в підрозділ для виконання бойових завдань! ТЦК з Поліцією просто ловлять аби ...
тцк,2026-02-17T06:30:05Z,4.7,ТЦК и в росию добрался! Мобилизация в москве.УСТАМИ школьниц. ШКОЛА 757 не воспитала героя,Барановод,https://www.youtube.com/watch?v=CaGQ39ieki0,русские школьницы о войне. ТЦК уже в росии. открыли секрет мобилизации . О чем не показывают по телевизору.
тцк,2026-02-17T06:00:03Z,11.2,ОДЕССА - БУНТ ЛЮДЕЙ! ВЗОРВАЛИ ТЦК! ХОЛЕРА И ЧУМА!?! ВЗРЫВЫ В ГОРОДЕ!,NEMO,https://www.youtube.com/watch?v=zzWueWtnOv0,
тцк беспредел,2026-02-22T10:23:47Z,1.63,Очередной беспредел с ТЦК в Украине,Laktionov LIVE,https://www.youtube.com/watch?v=8SZeiGKogM4,
тцк беспредел,2026-02-21T11:32:30Z,0.9,Беспредел ТЦК на Украине. #ТЦК #вов #свобода,KALISVET,https://www.youtube.com/watch?v=jkMFcBglIsk,
тцк беспредел,2026-02-20T06:00:00Z,6.53,ОЧЕРЕДНОЙ БЕСПРЕДЕЛ ТЦК | БУСИФИЦИРОВАЛИ ВОДИТЕЛЯ МАРШРУТКИ | НАДЕЛИ НАРУЧНИКИ НА ПРОХОЖЕГО,АНДРЕЙ ЛУГАНСКИЙ НАРЕЗКИ,https://www.youtube.com/watch?v=2CBpnlMO-QI,ОЧЕРЕДНОЙ БЕСПРЕДЕЛ ТЦК | БУСИФИЦИРОВАЛИ ВОДИТЕЛЯ МАРШРУТКИ | НАДЕЛИ НАРУЧНИКИ НА ПРОХОЖЕГО ...
тцк беспредел,2026-02-19T16:39:44Z,2.1,Треш в Чернигове ! Сотрудники ТЦК устроили дичь ! #политика #новости #тцк #беспредел #shorts #треш,ГРИГОРЬЕВ НИКОЛАЙ ZV,https://www.youtube.com/watch?v=8xzaLEUNffw,
тцк беспредел,2026-02-19T13:31:14Z,2.97,В Украине очередной беспредел с ТЦК.,Laktionov LIVE,https://www.youtube.com/watch?v=ReiKYRDtlnQ,
тцк беспредел,2026-02-16T20:56:10Z,0.47,"🔴В Одессе работники ТЦК, проверив документы и убедившись, что мужчине 60 лет, задули газом!!! #тцк",ПОВОРОТ НЕ ТУДА ⚖🚷,https://www.youtube.com/watch?v=jiFItn11N6s,ТЦК. Беспредел ТЦК и Полиции #тцк #полиция #мобилизациявукраине.
тцк беспредел,2026-02-16T16:10:51Z,13.23,ЛЮДИ ПОБИЛИСЯ З ТЦК У ОДЕСІ,Дмитро Гнап,https://www.youtube.com/watch?v=JOgr6xcpHE4,Мій Telegram-канал: https://t.me/gnapinfo Станьте спонсором цього каналу: ...
тцк беспредел,2026-02-16T15:26:53Z,14.22,"БЕСПРЕДЕЛ ТЦК УСУГУБЛЯЕТСЯ,, НА УКРАИНЕ НОВЫЙ СКАНДАЛ",БОРИС ЛЕГЕНДА,https://www.youtube.com/watch?v=puSPV1-wJh4,Подписывайтесь на меня в ТГ: https://t.me/legenda_talk Поддержать рублем (исключительно по желанию) ...
тцк беспредел,2026-02-16T15:11:10Z,0.42,наехал на МУСОРИХУ СКРЫВАЯСЬ от ТЦК  #prankvideo #полиция #беспредел #automobile #дтп #prank,Одесский Моряк,https://www.youtube.com/watch?v=_0-byOWH0TY,Почта: odesskymoryak@gmail.com Telegram: https://t.me/OdesskyMoryak ❗❗❗ ВНИМАНИЕ ❗❗❗ Контент размещенный ...
тцк беспредел,2026-02-16T07:30:03Z,1.85,ТЦК устроили беспредел и хотели забрать врачей.,Laktionov LIVE,https://www.youtube.com/watch?v=9qkSSMeJzL8,
тцк беспредел,2026-02-21T21:10:28Z,0.87,🔴ТЦКашное быдло обматюкало и ударило девушку продавца!! #тцк,ПОВОРОТ НЕ ТУДА ⚖🚷,https://www.youtube.com/watch?v=NsOrPforKO4,ТЦК. Беспредел ТЦК и Полиции #тцк #полиция #мобилизациявукраине.
тцк беспредел,2026-02-20T13:25:37Z,0.57,Беспредел ТЦК. Но народ молчит ))),TV CHANNEL BY DMITRY RUDNEV,https://www.youtube.com/watch?v=OuPEvlCMsJo,
ТЦК хватают людей,2026-02-17T12:40:47Z,0.72,"Земобилизация в Одессе.ТЦК хватают людей на улице, документов не показывают, затаскивают в бусы .",Hypnotherapevt,https://www.youtube.com/watch?v=9GppYSc2p_8,
хватают людей,2026-02-17T10:30:29Z,0.35,🚀 ФРАНЦИЯ ВООРУЖАЕТСЯ: ЗАВОДЫ РАБОТАЮТ 24/7 И БЕРУТ ЛЮДЕЙ БЕЗ РЕЗЮМЕ,Глазa Фронта,https://www.youtube.com/watch?v=tyNqy1wtj_U,"Оборонная промышленность Франции переживает такой бум, что заводы начали отказываться от стандартных процедур ..."
побег через границу Украина,2026-02-17T15:06:58Z,0.52,#україна #побег #граница #суперсус #shorts #тиса,СУПЕР СУС | ПУБЕРТАТ | Официальная станица,https://www.youtube.com/watch?v=zOO0Ie56loQ,
