query,publishedAt,duration_min,title,channelTitle,url,description
бусификация,2026-02-14T15:43:36Z,0.15,Принімалово у Дніпрі. #бусификация #бусифікація #новини #тцк,ЗлийКіт,https://www.youtube.com/watch?v=Ryn9Q-b-lkU,
бусификация,2026-02-14T12:30:02Z,1.02,Бусификация &quot;добровольца&quot; с молчаливого согласия прохожих #войнавукраине2026 #зеленский #тцк,Velier Merider,https://www.youtube.com/watch?v=-vByW_RU1rM,
бусификация,2026-02-13T23:01:51Z,3.25,В КИЕВЕ ВО ВРЕМЯ БУСИФИКАЦИИ УМЕР МУЖЧИНА НИКТО ДАЖЕ НЕ ВЫЗВАЛ СКОРУЮ. ,Zubenko Roman ,https://www.youtube.com/watch?v=2Zh2AYMrx0E,
бусификация,2026-02-13T14:47:50Z,0.33,👀#тцк #бусифікація #бусификация #новини #україна,Vladyslav Lysiak ,https://www.youtube.com/watch?v=fNW6tXCT0VA,
бусификация,2026-02-13T12:00:06Z,4.63,Меня схватили посреди улицы и засунули в автобус. Вот что творят ТЦК в Украине...,"Моряк, который слишком долго плавал",https://www.youtube.com/watch?v=FoiIGHvkbJI,"ТЦК Украины 2026: бусификация, коррупция и нарушения прав человека. Разоблачение незаконных задержаний, схем ..."
бусификация,2026-02-13T04:00:00Z,1.05,Чатрулетка Украина – Бусификкации НЕТ #чатрулетка #украина #война #бусификация,MadLands: Onslaught,https://www.youtube.com/watch?v=EwtLlvj0I1o,Продолжаем искать БУСИФИКАЦИЮ. Где же она спряталась?
бусификация,2026-02-12T20:43:19Z,0.18,"😁 нардеп Горбенко сказал мобилизация бусификация  будет продолжаться,мо",cleefiugiud,https://www.youtube.com/watch?v=3o9IDFCHH5E,
бусификация,2026-02-12T19:35:19Z,7.92,Чатрулетка Украина – А Ты Сдал Зерно? #чатрулетка #украина #бусификация #война #рашка,MadLands: Onslaught,https://www.youtube.com/watch?v=NBabND0tHHA,Женщина из Украины: Донаты на бочку!
тцк беспредел,2026-02-12T13:43:35Z,11.47,12 февраля ДНЕПР🔥УХЫЛЯНТ И СЗЧ В ЧЁМ РАЗНИЦА🔥 БЕСПРЕДЕЛ ТЦК ДНЕПР🔥 БУСИФИКАЦИЯ ВЕЗДЕ🔥,dmpro,https://www.youtube.com/watch?v=Amhd4J1Qfgs,Дякую всім за донати та підтримку. Картка 4400 0055 5351 9510 Ви дуже допомагаєте мені виживати і продовжувати ...
тцк,2026-02-12T05:00:03Z,0.33,А люди то знають усе... #бусификация #бусифікація #новини #тцк,ЗлийКіт,https://www.youtube.com/watch?v=1HbkWq6G80s,
бусификация,2026-02-11T15:21:58Z,9.03,Бусификация. Кто следующий?,Адвокат Олег Лукьянчиков,https://www.youtube.com/watch?v=IyqJ-vsqj5I,Мой Telegram канал: https://t.me/Oleg_legalist/6947 Стать спонсором канала: ...
тцк,2026-02-11T05:00:14Z,0.28,Заслужив коп чи ні?🤔 #бусификация #бусифікація #новини #тцк,ЗлийКіт,https://www.youtube.com/watch?v=BTBurHoXlMg,
бусификация,2026-02-10T21:14:03Z,0.2,Бусификация... реалии... #humor #comedy #funny #всекругомвранье,Все кругом вранье!,https://www.youtube.com/watch?v=shkRij_lMrM,Бусификация... реалии #humor #comedy #funny #всекругомвранье.
бусификация,2026-02-10T18:06:52Z,11.38,🔥 НАЧАЛАСЬ БУСИФИКАЦИЮ ВСЕХ ПОДРЯД? ОТДАЛИ ПРИКАЗ? 😠,Правовое Государство,https://www.youtube.com/watch?v=TrVxtDj4f0Q,Авторы категорически осуждают любое нарушение законов Украины и прав человека. А также выступают против призывов ...
бусификация,2026-02-10T11:14:40Z,4.72,Бусификация не закончится? Что имел в виду Горбенко.,Без Башен,https://www.youtube.com/watch?v=xQ9mu8ywejE,
тцк,2026-02-10T05:01:00Z,8.28,ТЦК поймали моего друга. Сельская БУСИФИКАЦИЯ. Соседи Агенты ТЦК СП,ТЦК 365,https://www.youtube.com/watch?v=xvCXpFhV46A,Меня предала соседка. Она сдала моего друга ТЦК за 5000$. Теперь я снова один. Дневник уклониста. Часть 8 Восьмая ...
бусификация,2026-02-09T15:30:10Z,0.73,Юрий Подоляка: бусификация - как сбегают с фронта? / Metametrica #юрийподоляка #война #тцк,Metametrica,https://www.youtube.com/watch?v=HtV7N83HIFw,
бусификация,2026-02-09T15:30:43Z,0.73,Юрий Подоляка: бусификация - как сбегают с фронта? / Metametrica #юрийподоляка #война #тцк,Metametrica Live,https://www.youtube.com/watch?v=uQhcW_sWEws,
бусификация,2026-02-09T06:00:02Z,10.17,Могили3ация? Бусификация? Так это мы сами выбирали ... 🔥 РулетТВ 🔥,Миротворец,https://www.youtube.com/watch?v=am-N5-m2V1o,"Поддержать автора (СБЕР): 2202 2050 0321 0934 . Кому неудобен СБЕР, Donate.stream: https://donate.stream/mirotvorez ."
бусификация,2026-02-09T05:00:41Z,0.42,Законы не работают. Бусификация добралась до квартир!,Правовое Государство,https://www.youtube.com/watch?v=c4zv9cgx7g0,Авторы категорически осуждают любое нарушение законов Украины и прав человека. А также выступают против призывов ...
бусификация,2026-02-15T11:40:44Z,5.0,Измаил. Бусификация,Сергей,https://www.youtube.com/watch?v=MDGyzEi2Q2M,Ужас. У меня всё.
бусификация,2026-02-13T13:04:21Z,1.27,ТЦК 5 на 1 Бусификация продолжается,Serhii Kuznetsov,https://www.youtube.com/watch?v=cgOPg4oQs5k,
тцк,2026-02-15T13:00:34Z,13.93,🆘 Поліція та ТЦК перевіряють УСІХ чоловіків 18–60 років на військовий облік,Dima Poltava,https://www.youtube.com/watch?v=HbSQvsRyG5A,Поліція та ТЦК проводять масові перевірки військово-облікових документів у чоловіків 18–60 років. Чи мають право ...
тцк,2026-02-15T12:21:51Z,2.83,ТЕПЕРЬ ТЦК МОЖЕТ ЗАХОДИТЬ В ДОМ 🏠 #recommended #новости #shorts,УМНЕЕМ С ТИНОЙ 👊,https://www.youtube.com/watch?v=vgImySnLxNA,ТЦК В КАЖДЫЙ ДОМ #shortvideo #топ #comment #новостисегодня #best #дуэт.
тцк,2026-02-15T12:00:30Z,0.13,55 річний тато загинув від рук ТЦК,Світло в вірі shorts,https://www.youtube.com/watch?v=E-vBUg7DjDs,"Якщо Ви бажаєте Фінансово підтримати канал 1,2,5,10 грн це вже підтримка для нас! Дякуємо! Mono банк 4441 1110 4246 ..."
тцк,2026-02-15T12:00:53Z,10.02,Пистолет в руках женщины против ТЦК: жуткие детали стрельбы во Львове,Тарас Никифорчук,https://www.youtube.com/watch?v=TPTKOw6-SzA,Мой телеграм канал подпишитесь https://t.me/TarasOdessa E-mail: odessa-urist@ukr.net.
тцк,2026-02-15T11:00:00Z,0.85,ТЦК ЗАБИЛИ ДО СМЕРТІ,OSN UA,https://www.youtube.com/watch?v=-be_MPGMMkE,Військових ТЦК підозрюють у смертельному побитті чоловіка #новиниlive #ukrainenews #youtube #shorts #youtuber #тцк ...
тцк,2026-02-15T09:42:42Z,0.68,В Одесі ТЦКашники жорстоко побили чоловіка #yarchik #ярчік #ярчик #тцк #одеса #одесса #shorts,Yarchik,https://www.youtube.com/watch?v=YUJ2jzfmNnE,
тцк,2026-02-15T09:33:31Z,0.37,55 летнего  мужика забусярило ТЦК,Слово за Тарасом,https://www.youtube.com/watch?v=2eOjZ4eCBlA,55 летнего мужика забусярило ТЦК.
тцк,2026-02-15T09:30:25Z,0.67,"Виклик до ТЦК: головне, що потрібно знати",Оксана Скрипка,https://www.youtube.com/watch?v=nZNPv800BNA,"Виклик може бути не для призову, а для уточнення даних. Чому викликають і що робити — дивіться у відео. #тцк ..."
тцк,2026-02-15T09:00:56Z,2.63,Де бодікамери ТЦК?,Адвокат Роман Сімутін,https://www.youtube.com/watch?v=kAIlbLW4cAA,"Постанова Кабміну 560 чітко прописує, що: “Під час вручення повістки здійснюється фото- і відеофіксація із застосуванням ..."
тцк,2026-02-15T09:00:07Z,0.65,&quot;Киянин&quot; про методи роботи тцк,OLIVER,https://www.youtube.com/watch?v=3dJ9jmYVayw,
тцк,2026-02-15T09:00:25Z,13.97,Мобілізація без правил: Зеленський дав ТЦК повний КАРТБЛАНШ,Дмитро Чекалкин,https://www.youtube.com/watch?v=ELk_AuD2e8o,"Зеленський, мобілізація, ТЦК, Дружба, транзит нафти, вибори під час війни, безкарність, корупція, оборона України. Хто ..."
тцк,2026-02-15T08:48:09Z,0.25,#рекомендации#зеленский #война #политика #полиция #зсу #тцк #украина #новости #тцктасп #shorts #сбу,Узаконенный абсурд ,https://www.youtube.com/watch?v=hzZ28jYwQ3k,
тцк,2026-02-15T08:05:32Z,2.3,"Чому поліція, ТЦК та суди пішли проти власного народу?#ПраваЛюдини #Мінфін #ТЦК #поліція #свавілля",JustTolik,https://www.youtube.com/watch?v=ERNIgtsNVBE,"Часто отримую запитання: ""Чому поліція, ТЦК та суди пішли проти власного народу?"". Відповідь набагато простіша, ніж ви ..."
тцк,2026-02-15T07:55:19Z,4.13,Офіційно підтвердили шалену кількість злочинів ТЦК. Що буде далі?,Денис Галандзовський Новини Світу,https://www.youtube.com/watch?v=AeknhzP-jxA,Робота для будівельників в Польщі та Бельгії! Заповни заявку і менеджер надасть всі деталі ...
тцк,2026-02-15T07:49:05Z,1.42,Саджати всіх з ТЦК?,Вільна думка 🇺🇦,https://www.youtube.com/watch?v=izwk6FBKJBo,ТЦК безкарно порушують Конституцію й права звичайних людей. #Україна #Арестович #ТЦК.
тцк,2026-02-15T07:31:03Z,0.62,Поліція і ТЦК прийміть привітання з днем закоханих від українців.,in time Ukraine,https://www.youtube.com/watch?v=pdFkqrukVgM,"Полиция и ТЦК примите поздравления с днем влюбленных от украинцев. Police and TCK, please accept Valentine's Day ..."
тцк,2026-02-15T07:29:34Z,0.33,Телефон тцк,Плюсплюс,https://www.youtube.com/watch?v=fhROkLYpo34,
тцк,2026-02-15T05:56:28Z,1.03,Версія одеського ТЦК про напад на їх співробітника,BOMB NEWS,https://www.youtube.com/watch?v=ci6oF_N_ea8,тцк #одесса #війнавукраїні #мобілізація.
тцк,2026-02-15T04:00:00Z,2.2,ТЦК на блокпосту в Ровно: юридические советы и механизмы защиты,ЄВСЮТІН Shorts,https://www.youtube.com/watch?v=67uGHPBSVp8,"Я адвокат по военным, миграционным, уголовным, семейным, экономическим, международным делам с 2007 года. Имею ..."
тцк,2026-02-14T20:36:31Z,2.4,Черновцы вышли против беспредела ТЦК. Кто следующий?,Правовое Государство,https://www.youtube.com/watch?v=b7LPUV8ytpk,
тцк,2026-02-14T20:01:17Z,0.52,Втік від ТЦК.,Vitalii,https://www.youtube.com/watch?v=Nex-Zlx8hQc,тцк #дніпро #війна #війнавукраїні #україна #росія #втеча.
тцк,2026-02-14T19:39:42Z,1.58,ТЦК Святошинський район місто Київ,Київ VS,https://www.youtube.com/watch?v=bnWBK4gCrYo,
тцк,2026-02-14T19:08:38Z,1.85,Инструкция о том как нужно вести себя с тцк #новости #vilna #сатира #волонтерство #новости,VILNA,https://www.youtube.com/watch?v=Ak7DJ_Q_91E,
тцк,2026-02-14T19:00:19Z,0.12,"Бачиш, як тікають від ТЦК? Підніжки, постріли та донати #ТЦК #Мобілізація #Фронт #Україна #Мінаєва",Публіцист,https://www.youtube.com/watch?v=OOZUwe-W7c8,"Волонтерка Євгенія Мінаєва дала «інструкцію» тим, хто помічає втечу від ТЦК: підставляти підніжку, дякувати за роботу і ..."
тцк,2026-02-14T18:57:29Z,1.98,#тцк #новини,Посилання на повне відео в описі профілю,https://www.youtube.com/watch?v=42_bIgRZYrc,
тцк,2026-02-14T18:48:39Z,2.0,в Дніпрі справжній екшн . Дід врятував чоловіка від мобілізації та тцк.,Сергій,https://www.youtube.com/watch?v=EfjKee__H1I,"Дніпро. Відео, яке зараз всі обговорюють. Ситуація напружена, емоції зашкалюють. Але головне питання — чи все ..."
тцк,2026-02-14T18:35:03Z,2.98,ТЦК победил в суде,Адвокат Олег Лукьянчиков,https://www.youtube.com/watch?v=uCUXLB_aFv4,ТЦК победил в суде. ☎️0️⃣6️⃣6️⃣5️⃣5️⃣5️⃣1️⃣0️⃣2️⃣0️⃣   адвокат консультация тцк. #лукьянчиков ...
тцк,2026-02-14T18:35:45Z,0.45,Чому ТЦК перебарщують?,Тактичний Табір,https://www.youtube.com/watch?v=4RmRSGgu8aM,
тцк,2026-02-14T18:34:36Z,1.18,Мы никогда не сдадимся! ☎️0️⃣6️⃣6️⃣5️⃣5️⃣5️⃣1️⃣0️⃣2️⃣0️⃣👈 адвокат консультация тцк,Адвокат Олег Лукьянчиков,https://www.youtube.com/watch?v=ThV65OIWXQw,Мы никогда не сдадимся! ☎️0️⃣6️⃣6️⃣5️⃣5️⃣5️⃣1️⃣0️⃣2️⃣0️⃣   адвокат консультация тцк.
тцк,2026-02-14T18:34:32Z,1.58,"Кому заплатить, чтобы снять розыск ТЦК? ☎️0️⃣6️⃣6️⃣5️⃣5️⃣5️⃣1️⃣0️⃣2️⃣0️⃣👈 адвокат консультация тцк",Адвокат Олег Лукьянчиков,https://www.youtube.com/watch?v=BtwKTesiEzA,"Кому заплатить, чтобы снять розыск ТЦК? ☎️0️⃣6️⃣6️⃣5️⃣5️⃣5️⃣1️⃣0️⃣2️⃣0️⃣   адвокат ..."
тцк,2026-02-14T18:04:32Z,0.1,ТЦК і “підніжка”? Гучна заява волонтерки,OXI NEWS,https://www.youtube.com/watch?v=4BtsHQnX73s,"Волонтерка Євгенія Мінаєва зробила гучну заяву про ТЦК: якщо хтось тікає від мобілізації, її пропонують «поставити ..."
тцк,2026-02-14T18:00:34Z,0.17,"ТЦК «Ті, хто воює — і ті, хто мовчить» #новини #україна #гумор #коміки #тцк #ухилянти #вірусне",AI Gone Crazy,https://www.youtube.com/watch?v=VAsaW-ypaUE,"Біля трибуни — військова ЗСУ без ніг. Вона втратила їх на фронті, але не втратила голос. Перед нею — депутати у ..."
тцк,2026-02-14T17:40:00Z,8.55,ТЦК ВБИВАЮТЬ людей! ПРЯМО В МЮНХЕНІ - ЗЕЛЕНСЬКОГО заткнули. БУНТ - депутати пішли ПРОТИ. Це кінець,НАС.Інфо,https://www.youtube.com/watch?v=LfLtniNIZOs,Станьте спонсором каналу: https://www.youtube.com/channel/UCy3biyiu0UWvWjoFTvMcbbw/join.
тцк,2026-02-14T17:37:29Z,4.27,"ТЦК з поліцією: візьміть, будь ласка, повістку. Нова конфліктна ситуація між цивільними та ТЦК",vibroplus,https://www.youtube.com/watch?v=3Edx_HnGkIM,"5351 1606 0041 6875 - підтримати автора донатом та його місії, всі стріми проводяться в Тік ток ..."
тцк,2026-02-14T17:34:16Z,1.4,#консультаціяадвоката #оскарження#виконавча#постанови#тцк,Адвокат Дмитро Баранник,https://www.youtube.com/watch?v=cAxFxMn1U4k,
тцк,2026-02-14T17:34:30Z,1.42,"ТЦК проти діда, що сталось у Дніпрі",Адвокат Савко Віталій,https://www.youtube.com/watch?v=uv83ih-GnLk,"ТЦК проти діда, що сталось у Дніпрі Адвокат Віталій Савко у соціальних мережах: Інстаграм: ..."
тцк,2026-02-14T17:00:00Z,1.48,Как избежать проблем с ТЦК: юридические советы и механизмы защиты при ДТП,ЄВСЮТІН Shorts,https://www.youtube.com/watch?v=Kxp9LnuiU0U,"Я рассказываю о двух реальных случаях, когда люди попали в сложные ситуации из-за обращений ТЦК. Обсуждаю, почему ..."
тцк,2026-02-14T17:00:32Z,0.42,🔥Київ ПРОТИ Свавілля ТЦК,Пильний Дніпрянин,https://www.youtube.com/watch?v=ISSjYsuVcYc,Київ ПРОТИ Свавілля ТЦК https://youtube.com/shorts/ISSjYsuVcYc?feature=share Ставте пишіть коментарі та підписуйтесь ...
тцк,2026-02-14T16:30:09Z,0.98,"Чим зараз займається поліція, окрім того, що ходить з ТЦК?",DumskayaTV,https://www.youtube.com/watch?v=7XOcjjIPnmQ,
тцк,2026-02-14T16:28:39Z,0.68,Як ви оцінюєте роботу ТЦК? Діліться своїми думками в коментарях під цим відео! 👇,TERMINOVO UA,https://www.youtube.com/watch?v=De7vkYy1tBw,
тцк,2026-02-14T16:01:25Z,9.35,ФРОНТ ГОРИТ! ВСУ перешли в масштабное наступление! ТЦК ловят всех без разбора,ПолитКонтур,https://www.youtube.com/watch?v=ziwjqQuvA3A,ФРОНТ ГОРИТ! ВСУ перешли в масштабное наступление! ТЦК ловят всех без разбора     Мой телеграм канал ...
тцк,2026-02-14T16:00:06Z,3.7,Как избежать проблем с ТЦК: юридические советы и механизмы защиты,YEVSIUTIN from KYIV CITY,https://www.youtube.com/watch?v=OmmFwf2Sw20,"Я рассказываю о двух реальных случаях, когда люди попали в сложные ситуации из-за обращений ТЦК. Обсуждаю, почему ..."
тцк,2026-02-14T15:22:32Z,5.35,Безпрецедентна брехня в ефірі від речника ТЦК!,Денис Галандзовський Новини Світу,https://www.youtube.com/watch?v=-TqgG0xMG60,Робота для будівельників в Польщі та Бельгії! Заповни заявку і менеджер надасть всі деталі ...
тцк,2026-02-14T14:43:12Z,2.78,ОБШУК для мобілізації #мобілізація #тцк #адвокатнеклеса #неклеса,Адвокат Неклеса,https://www.youtube.com/watch?v=th7_GBl_KhI,
тцк,2026-02-14T14:34:15Z,1.03,Кого точно не можна чіпати #тцк #адвокатнеклеса #неклеса #мобілізація,Адвокат Неклеса,https://www.youtube.com/watch?v=NEY52cl4wkc,
тцк,2026-02-14T14:04:42Z,1.87,Хто почав стрілянину? #мобілізація #тцк #адвокатнеклеса #неклеса,Адвокат Неклеса,https://www.youtube.com/watch?v=S_y7a3szfUE,
тцк беспредел,2026-02-14T14:03:19Z,12.02,14 февраля ДНЕПР🔥 БЕСПРЕДЕЛ ТЦК🔥КИЕВ: ПРИ ЗАДЕРЖАНИЕ УМИРАЕТ МУЖЧИНА🔥ЗАКОНА НЕТ? ЧТО ПРОИСХОДИТ🔥,dmpro,https://www.youtube.com/watch?v=XZvimUay9ZA,ВСЕМ ПРИВЕТ ДРУЗЬЯ СПАСИБО ЗА ВНИМАНИЕ И ПОМОЩЬ АВТОРУ КАРТА 4400 0055 5351 9510 #dmpro ...
тцк,2026-02-14T14:00:22Z,0.75,Дніпро: дід із ломом втрутився в конфлікт навколо ТЦК #Дніпро #ТЦК #Мобілізація #Україна #Новини,Публіцист,https://www.youtube.com/watch?v=9IrvTkUyfBc,"У Дніпрі зафіксували конфліктну ситуацію під час мобілізаційних заходів. За повідомленнями в мережі, літній чоловік із ..."
тцк,2026-02-14T14:01:22Z,1.13,ТЦК: как поспешная реформа создала &quot;чудовище&quot;?,К.Б. Мистерии Политики,https://www.youtube.com/watch?v=ocfCbGU_m5M,"ТЦК: как поспешная реформа создала ""чудовище""?"
тцк,2026-02-14T14:01:04Z,0.72,"Супермен, который убежал от ТЦК в Украине 🇺🇦",Laktionov LIVE,https://www.youtube.com/watch?v=MijZCIN_lBk,
тцк,2026-02-14T13:34:52Z,0.43,🤯 Про перешкоджання роботи ТЦК та СП повідомляють в СБУ #полтавщина  #війна #полтава #military,Зміст,https://www.youtube.com/watch?v=V19h0C6EJ20,
тцк,2026-02-14T13:34:05Z,1.63,Харків зникло два экіпажі  ТЦК.,Виталя Pro,https://www.youtube.com/watch?v=srJMyRRHxTM,
тцк,2026-02-14T13:29:45Z,0.47,Працівники ТЦК дуже тендітні люди... #yarchik #ярчік #тцк #мобілізація #бусифікація #україна #shorts,Yarchik,https://www.youtube.com/watch?v=sXC4BSRin84,
тцк,2026-02-14T13:24:18Z,2.65,Єновина! Чи вірите ви в реформу ТЦК та мобілізації? #блог #змі #політика #влада,Блог Разумовського,https://www.youtube.com/watch?v=75JDI4FDwB0,
тцк,2026-02-14T12:01:36Z,0.43,⚡️ 95% конфліктів із ТЦК — фейки?,DeFactoUA,https://www.youtube.com/watch?v=wRProtMAxIA,"Народний депутат Федір Веніславський заявив, що більшість інцидентів навколо ТЦК — це «квазі-сюжети», згенеровані ..."
тцк,2026-02-14T11:43:21Z,0.65,ТЦК виписали штраф? Без рішення суду він НЕДІЙСНИЙ!,Пункт призначення НЕ ТЦК,https://www.youtube.com/watch?v=WdcDXQ5oOE0,"Якщо немає постанови суду — штраф може бути недійсним. Розбираємо, чи законний штраф від ТЦК та що робити в такій ..."
тцк,2026-02-14T11:32:44Z,2.0,ФЕДОР ВЕНИСЛАВСКИЙ И ИСКУСТВЕННЫЙ ИНТЕЛЕКТ ТЦК.,Stanislav Tyshchenko,https://www.youtube.com/watch?v=Y0QxwZgzDus,
тцк,2026-02-14T11:34:15Z,2.95,"Голодомор - Холодомор, чекисты, тцк, милиция, полиция #История #деньсвятоговалентина #Холодомор #14",Topmovie,https://www.youtube.com/watch?v=0yo0DNan-ak,
тцк,2026-02-14T11:01:16Z,0.57,🤯ТЦК Одеса: ПОДИВІТЬСЯ ЯКИЙ ЖАХ!,Пильний Дніпрянин,https://www.youtube.com/watch?v=kr8q2WMkwDg,ТЦК Одеса: ПОДИВІТЬСЯ ЯКИЙ ЖАХ! https://youtube.com/shorts/kr8q2WMkwDg?feature=share Ставте пишіть коментарі ...
тцк,2026-02-14T10:29:38Z,1.97,"&quot;ТЦК нет в Украине, всё брехня&quot;🤣",Диалоги с украми 2,https://www.youtube.com/watch?v=M3CLB-r9dXE,тцк #прикол #украина #россия #чатрулетка #война #сво.
тцк,2026-02-14T10:13:18Z,1.83,За справедливу мобілізацію !!! #yarchik #ярчік #ярчик #тцк #справедливість #мобілізація #бусифікація,Yarchik,https://www.youtube.com/watch?v=X9-Jm-u-E-s,
тцк,2026-02-14T10:00:16Z,0.33,ЗІРВАВ Я НАКАЗ?! ВІН КЛИЧЕ В ТЦК ЗАРАЗ?! 🚨,Legal Land,https://www.youtube.com/watch?v=CuOV2mjX7TY,тцк поліція незаконне затримання право на зйомку розшук ухилянтів незаконна мобілізація Питаю чи можу поїхати з ...
тцк,2026-02-14T09:30:15Z,0.48,Зеленський вимагає зупинити «бусифікацію»! 🛑 Реакція Європи на дії ТЦК,OkoUA,https://www.youtube.com/watch?v=RU17OJPuGhw,Народний депутат Гончаренко виступив у Раді Європи з шокуючою промовою про «бусифікацію» в Україні. Як це вплинуло ...
тцк,2026-02-14T09:00:49Z,2.65,ТЦК і смерть 55-літнього чоловіка,Адвокат Роман Сімутін,https://www.youtube.com/watch?v=bDAcEVDJCno,"Про це повідомляють не проросійські телеграм-канали, не якась жовта преса чи новинні сайти-сміттярки. Цю новину ..."
тцк,2026-02-14T09:00:34Z,2.9,ТЦК не хоче в ТікТок,Адвокат Роман Сімутін,https://www.youtube.com/watch?v=N1CltcU7tgE,"А тепер глянемо Постанову Кабміну №560 і прокоментуємо його слова. Там чорним по білому написано: представник ТЦК, ..."
тцк,2026-02-14T09:00:01Z,1.4,🔥Люди Допомогли Чоловіку Втекти Від ТЦК,Пильний Дніпрянин,https://www.youtube.com/watch?v=-fRWVcd1qVE,Люди Допомогли Чоловіку Втекти Від ТЦК https://youtube.com/shorts/-fRWVcd1qVE?feature=share Ставте пишіть ...
тцк,2026-02-14T08:53:07Z,10.68,Почему ТЦК действуют по БЕСПРИДЕЛУ!!!,Skorpion,https://www.youtube.com/watch?v=EOAPs8TKBWE,ухилянти #бусификация #мобілізація #сзч.
тцк,2026-02-14T08:45:57Z,0.47,І знову ТЦК на Рівненщині получили піздюл*й 🤣🤣🤣 #yarchik #ярчік #тцк #рівне #рівненськаобласть,Yarchik,https://www.youtube.com/watch?v=A0djN6xzmck,
тцк,2026-02-14T08:05:32Z,1.62,Примусова ВЛК — це незаконно.#ВЛК #ПраваЛюдини #Суд #ТЦК #Закон #Свобода #Мобілізація #,JustTolik,https://www.youtube.com/watch?v=k1M7cEz7YNo,Вільна людина — це не об'єкт для медичних експериментів! 🛡️ Я завжди казав: примусові медичні огляди проти волі — це ...
тцк,2026-02-14T08:02:44Z,1.0,"ТЦК, Мобилизация, лес, учебка",Анархист,https://www.youtube.com/watch?v=0g6RlgZO3qE,
тцк,2026-02-14T08:01:09Z,2.58,Помогли парню уйти от ТЦК,Правовое Государство,https://www.youtube.com/watch?v=p5oYcK490wg,Авторы категорически осуждают любое нарушение законов Украины и прав человека. А также выступают против призывов ...
тцк,2026-02-14T08:00:30Z,13.83,ФРОНТ ГОРИТ! ВСУ перешли в масштабное наступление! ТЦК ловят всех без разбора,Тарас Юрист Адвокат Одесса,https://www.youtube.com/watch?v=Hlvl9IzpdmY,"Мой телеграм канал - https://t.me/TarasOdessa ⭐ РЕКЛАМОДАТЕЛЯМ, с удовольствием прорекламирую Вас у себя на ..."
тцк,2026-02-14T07:54:16Z,7.22,ПОЧАЛОСЯ! 😱 Закон №14320 у дії: з 23 лютого ТЦК отримали право заходити у квартири!,Украина Online 24,https://www.youtube.com/watch?v=TQiR9nl3CtM,пенсія #пенсіонери #пенсійнийфонд #паспорт #IDкартка #паспорткнижечка #соціальнивиплати #Україна #пенсійнавік ...
тцк,2026-02-14T07:00:09Z,5.15,"ХАНОВ: ТЦК ВОРВАЛИСЬ к ПУПУСУ ДОМОЙ // ЛУЧШИЕ МОМЕНТЫ — СВОЯ ИГРА 🤯 ft. Пятёрка, Пупус, Какту, Ека",НАРЕЗНОЕ ХРЮЧЕВО,https://www.youtube.com/watch?v=6wdjY1KEXqg,ССЫЛКИ ХАНОВА : твич — https://twitch.tv/XAH0B телеграм — https://t.me/XAH0B записи стримов ...
тцк,2026-02-14T06:04:00Z,0.18,тцк #мем #тцк,Ярыло,https://www.youtube.com/watch?v=LZJ2fqITkRQ,обычный день Украины #мем #рек.
тцк,2026-02-14T05:45:34Z,11.43,Одесса - БИТВА ЗА ЖИЗНЬ❗️ТЦК ШТУРМУЮТ ГОРОД❗️МОМЕНТ ПРИЛЕТА В ПОДСТАНЦИЮ❗️,NEMO,https://www.youtube.com/watch?v=BiG9W7E2qvE,
тцк,2026-02-14T05:40:00Z,0.27,їду я і тут бачу стадо тцк,Контент міх,https://www.youtube.com/watch?v=hfq-uLN7rmo,
тцк беспредел,2026-02-14T05:15:01Z,8.75,"Беспредел ТЦК, а всем наплевать",сошел с орбиты (стрим канал),https://www.youtube.com/watch?v=Fqhih-e-mjo,"Помощь каналу -реквизиты: к сожалению наши ,российские платформы отключили мне монетизацию и ваша поддержка- ..."
тцк,2026-02-14T05:02:18Z,0.32,Як відстояти права в ТЦК та суді: Повна інструкція #shorts,ЄЗАКОН Адвокат Мамчик,https://www.youtube.com/watch?v=dgyiVCT7VNk,"Дізнайтеся, як правильно подати заяву, які докази потрібні та як оскаржити помилки ТЦК в адміністративному суді."
тцк,2026-02-14T05:03:17Z,1.13,ТЦК,Само Развитие,https://www.youtube.com/watch?v=v4v_Wmr_UP4,
тцк,2026-02-14T04:00:41Z,0.45,НОВИЙ СПОСІБ МОБІЛІЗУВАТИ З&#39;ЯВИВСЯ В УКРАЇНІ! #україна #тцк #мобілізація,РЕПОРТАЖ,https://www.youtube.com/watch?v=jg9H4yTuv_I,україна #тцк #мобілізація.
тцк,2026-02-14T00:48:58Z,0.55,Почему спортсмены боятся надписи &quot; Остановите ТЦК&quot; ? #шарий #politicalnews #россияукраина,NewColdWar,https://www.youtube.com/watch?v=HraY16P4EdM,
тцк,2026-02-13T22:11:20Z,3.88,"ТЦК почали масово зупиняти маршрутки та перевіряти документи, як реагує народ?",vibroplus,https://www.youtube.com/watch?v=PKrp5DigOs8,"5351 1606 0041 6875 - підтримати автора донатом та його місії, всі стріми проводяться в Тік ток ..."
тцк,2026-02-13T21:33:59Z,0.85,Брешуть ТЦКашники чи ні ?Як думаєте ? #yarchik #ярчік #тцк #дніпро #новини #shorts #shortvideo,Yarchik,https://www.youtube.com/watch?v=1TdroXQwD80,
тцк,2026-02-13T21:20:12Z,0.5,ШОЛОМ ПАМʼЯТІ 🇺🇦❤️ #тцк #українськийютуб #україна #українськийконтент #українською,LISOVSKIY_NEWS,https://www.youtube.com/watch?v=wQay42k84ro,
тцк,2026-02-13T20:12:37Z,0.35,Злоупотребление  властью ТЦК,Слово за Тарасом,https://www.youtube.com/watch?v=5j1XvSF64W8,Злоупотребление властью ТЦК.
тцк,2026-02-13T20:05:05Z,0.33,Тцк працює,SigmaSvayt🇺🇦,https://www.youtube.com/watch?v=gF7Qvz4fAjY,
тцк,2026-02-13T19:45:33Z,0.33,"В Дніпрі ТЦК хотіли мобілізувати хлопця і залили перцовкою пенсіонера, — місцеві ЗМІ.",Всевидящее ОКО України,https://www.youtube.com/watch?v=dBsfSx3-TrQ,
тцк,2026-02-13T19:30:11Z,0.13,чоловік кинув гранату в ТЦК,Світло в вірі shorts,https://www.youtube.com/watch?v=T5H9nalHkb0,"Якщо Ви бажаєте Фінансово підтримати канал 1,2,5,10 грн це вже підтримка для нас! Дякуємо! Mono банк 4441 1110 4246 ..."
тцк,2026-02-13T19:02:28Z,0.97,Трамп ВС Зеленський #корупція  #тцк #мобілізація #вибори2026  #новини,Ігор Терлецький,https://www.youtube.com/watch?v=NKQ2vFas-AY,
тцк,2026-02-13T19:00:03Z,0.12,Веніславський: мобілізацію можуть суттєво змінити #Мобілізація #ТЦК #Україна #Війна #Новини,Публіцист,https://www.youtube.com/watch?v=61IDjNw6Fiw,"Федір Веніславський повідомив, що в Україні можуть переглянути підходи до мобілізації. Основне завдання — зменшити ..."
тцк,2026-02-13T18:41:09Z,0.3,Инцидент в Одессе: попытка мобилизации закончилась печально для ТЦК #новости,Что происходит,https://www.youtube.com/watch?v=GRAZryHFxY8,"Что произошло. В Одессе произошёл инцидент с участием ТЦКашников и местного жителя. По сообщениям, трое ..."
тцк,2026-02-13T18:32:59Z,2.33,#cover #karmapolice #тцк #ukraine #guitar #music,Монокль Двухглазый,https://www.youtube.com/watch?v=MSqUN5RLMOU,
тцк,2026-02-13T18:08:14Z,2.03,ТЦК пришли домой,Правовое Государство,https://www.youtube.com/watch?v=kkrk165uQRE,Авторы категорически осуждают любое нарушение законов Украины и прав человека. А также выступают против призывов ...
тцк,2026-02-13T18:00:47Z,0.17,ТЦК «Останній стук» #тцк #новини #україна #коміки #гумор #shorts #ухилянти  #вірусне,AI Gone Crazy,https://www.youtube.com/watch?v=gJiHtMEsJ3E,Відео створено з використанням штучного інтелекту на основі оригінального сценарію автора. Матеріал має виключно ...
тцк,2026-02-13T17:57:50Z,0.12,"Місцеві заступилися за молодика, якого хотіли жорстоко забрати ТЦК | СтопКор",Стоп Корупції,https://www.youtube.com/watch?v=C3FgmCeuQS0,"У Дніпрі стався конфлікт із ТЦК Виникла сутичка за участі представників ТЦК та СП. За повідомленнями місцевих ЗМІ, під ..."
тцк,2026-02-13T17:56:29Z,0.2,У Дніпрі стався конфлікт з ТЦК: вони застосували балончик до пенсіонера | СтопКор,Стоп Корупції,https://www.youtube.com/watch?v=SWgOLhnnEEs,
тцк,2026-02-13T17:52:19Z,1.75,Конфліктність між цивільними і тцк #славазсу #топ #украинскаяармия #cлаваукраине,Валерія ,https://www.youtube.com/watch?v=AxXqmYdaK3M,
тцк,2026-02-13T17:47:29Z,0.18,"новый #вирус ,штамп #тцк #харьков",egoisT,https://www.youtube.com/watch?v=uRZf1HHBJZQ,
тцк,2026-02-13T17:30:09Z,0.92,⚡️СКАРГИ НА ТЦК ЗРОСЛИ У 333 РАЗИ #разумков #тцк #мобілізація #бусифікація #розумнаполітика,ВІДВЕРТО,https://www.youtube.com/watch?v=wqXkNuWgMMs,
тцк,2026-02-13T17:23:10Z,0.7,Агрессия ТЦК.   Указ сверху?,Слово за Тарасом,https://www.youtube.com/watch?v=C5GQF8n8apg,Агрессия ТЦК. Указ сверху?
тцк,2026-02-13T17:19:10Z,1.27,яВ Дніпрі працівник ТЦК  задув перцівкою пенсіонера,Віталій Українець,https://www.youtube.com/watch?v=J2aoPKZMZSY,
тцк,2026-02-13T17:16:44Z,0.9,Суд над працівниками тцк в Дніпрі. #тцк#тцктасп #бусифікація #мобілізація,Україна Онлайн,https://www.youtube.com/watch?v=_7ToSIl2dLE,
тцк,2026-02-13T17:00:39Z,0.73,З Ломом На ТЦК! Люди ❌ Проти Бусифікації! Дніпро,Пильний Дніпрянин,https://www.youtube.com/watch?v=NgkESRukUp8,З Ломом На ТЦК! Люди ❌ Проти Бусифікації! Дніпро https://youtube.com/shorts/NgkESRukUp8?feature=share Ставте ...
тцк,2026-02-13T16:43:46Z,8.05,Чому ТЦК у балаклавах? Відповідь шокує,Адвокат Роман Сімутін,https://www.youtube.com/watch?v=j92yuL-_mNg,"Виявляється, працівники ТЦК ховають обличчя в балаклавах, просто тому, що вони... ЛЮДИ. І банально не хочуть ..."
тцк,2026-02-13T16:29:22Z,6.92,Шокуючий випадок в Одесі! ТЦК знову приховують правду та записи з боді камер,Денис Галандзовський Новини Світу,https://www.youtube.com/watch?v=ubSvcspyfNQ,Робота для будівельників в Польщі та Бельгії! Заповни заявку і менеджер надасть всі деталі ...
тцк,2026-02-13T16:26:40Z,0.37,Ідіоти ТЦК,То таке,https://www.youtube.com/watch?v=CG4tGtxskfw,
тцк,2026-02-13T16:26:08Z,1.38,Скасовано розшук ТЦК хоч людина і зобовʼязана пройти  ВЛК | Адвокат у Вінниці - Лобанова Вікторія,Адвокат у Вінниці - Лобанова Вікторія ,https://www.youtube.com/watch?v=r3LU4yjQ4SI,Скасовано розшук ТЦК та СП через Суд не дивоячись на обовʼязок військовозобовʼязаного пройти ВЛК 096 554 72 83.
тцк,2026-02-13T16:01:27Z,1.13,ТЦК: как поспешная реформа создала &quot;чудовище&quot;?,Ш!УМ ВЛАСТИ,https://www.youtube.com/watch?v=o74CvR1aS-Q,"ТЦК: как поспешная реформа создала ""чудовище""?"
тцк,2026-02-13T16:00:22Z,1.82,ТЦК не мають права затримувати людей!,Пильний Дніпрянин,https://www.youtube.com/watch?v=EEWdcma_0Ks,"Як зазначив уповноважений з прав людини у верховній раді Дмитро Лубінець: ""ТЦК не мають права затримувати людей!"
тцк,2026-02-13T16:00:05Z,1.13,ТЦК: как поспешная реформа создала &quot;чудовище&quot;?,ШЕЛЕСТ ФАКТОВ,https://www.youtube.com/watch?v=2cozpR63kvQ,"ТЦК: как поспешная реформа создала ""чудовище""?"
тцк,2026-02-13T16:00:00Z,10.97,"Резерв+ в ЄС: Оновлення даних, ТЦК та ВЛК за кордоном, повістки поштою!",Правовой Иммигрант,https://www.youtube.com/watch?v=kQf2YKmNITk,"Резерв+ в ЄС 2026: як оновити дані за кордоном, чи потрібно проходити ВЛК поза Україною, як надсилають повістки та чи ..."
тцк,2026-02-13T15:56:53Z,0.28,Жестокие  методы  ТЦК,Слово за Тарасом,https://www.youtube.com/watch?v=U237Mb4diKs,Жестокие методы ТЦК.
тцк,2026-02-13T15:53:46Z,0.38,Водитель с ломом прогнал ТЦК,Правовое Государство,https://www.youtube.com/watch?v=9dA9x6OWDgM,Авторы категорически осуждают любое нарушение законов Украины и прав человека. А также выступают против призывов ...
тцк,2026-02-13T15:39:18Z,0.57,З ДНІ ПІСЛЯ ТЦК: ВІДВЕРТА ПРАВДА ПРО ФРОНТ | ШОКОВА ЗАЯВА #shorts #news #ukraine #fyp #зсу #тцк,SKY Ukraine,https://www.youtube.com/watch?v=vtuacMLGHr8,"Ви просто не повірите, що розповідають бійці про реальну підготовку на папері! Вчора ще гуляв по Києву — сьогодні вже в ..."
тцк,2026-02-13T15:30:09Z,13.22,Ужесточение могилизации !!! | Порция беспредела от ТЦК !!!,Arthur [FreeMan],https://www.youtube.com/watch?v=DjniNrR2bXE,тцк #войнавукраине #армия #военные #мобилизация #полиция #ухилянти #выживание.
тцк,2026-02-13T14:55:47Z,8.55,ТЦК проверяет  ̶Р̶е̶з̶е̶р̶в̶  Лох+,Ухилянт,https://www.youtube.com/watch?v=gkQeS-Loznk,потужність #тцк.
тцк,2026-02-13T14:52:48Z,10.4,У Чернівцях народ вийшов спитати про мобілізацію в ТЦК та поліції ,vibroplus,https://www.youtube.com/watch?v=6mqE4S6f-m8,"5351 1606 0041 6875 - підтримати автора донатом та його місії, всі стріми проводяться в Тік ток ..."
тцк,2026-02-13T14:30:09Z,1.28,Як змінити статус в Резерв+ та отримати відстрочку #мобілізація #тцк #адвокатнеклеса #неклеса,Адвокат Неклеса,https://www.youtube.com/watch?v=hNaozxiuFuI,
тцк,2026-02-13T14:23:45Z,2.33,🚩Злочини ТЦК будуть розкриті🚩,Геннадій Прищепчук,https://www.youtube.com/watch?v=k7gAMDVKDUk,"Свіжий погляд на події, що відбуваються. Сміливі теми, про які інші мовчать. Гострі дискусії та різні точки зору. Емоції та ..."
тцк,2026-02-13T14:00:05Z,0.12,"ТЦК Кнуренко, скоромовка",Лаборатория вкуса ввшей души.,https://www.youtube.com/watch?v=4Q7uw3rcR7Q,"ТЦК Кнуренко, скоромовка."
тцк,2026-02-13T14:01:31Z,0.9,Что будет с ТЦК после войны ? #тцк #войнавукраине #мобилизация #военные,Arthur [FreeMan],https://www.youtube.com/watch?v=sEtoFCMTVbc,
тцк,2026-02-13T13:56:44Z,0.12,Санта Клаус ПРОТИВ ТЦК #тцк #свинарник,VANILIY22,https://www.youtube.com/watch?v=DCrpOtN34Nw,
тцк,2026-02-13T13:29:40Z,2.87,Як спасли людину #мобілізація #тцк #адвокатнеклеса #неклеса #поліція,Адвокат Неклеса,https://www.youtube.com/watch?v=VlJ2vjUWW2Y,
тцк,2026-02-13T13:24:50Z,0.3,Евакуатор і ТЦК. Сила Права чи право сили #мобілізація #тцк #адвокатнеклеса #неклеса,Адвокат Неклеса,https://www.youtube.com/watch?v=MBGtE4OvWrw,
тцк,2026-02-13T13:13:41Z,0.63,Чому виникла проблема з ТЦК? Розповідвє Дмитро Чекалкин. #інтервʼю #війна #тцк,Перший Правий Канал,https://www.youtube.com/watch?v=mEdu7CSPlYw,
тцк,2026-02-13T13:00:11Z,8.67,"ІСТОМІН ВИЙШОВ ЗАХИЩАТИ ТЦК — І СКАЗАВ ТАКЕ, ЩО РОЗЛЮТИЛО ЛЮДЕЙ",Чесний Розбір | Пояснюю по-людськи ,https://www.youtube.com/watch?v=3c0DhjNdQcg,"ІСТОМІН ВИЙШОВ ЗАХИЩАТИ ТЦК — І СКАЗАВ ТАКЕ, ЩО РОЗЛЮТИЛО ЛЮДЕЙ https://youtu.be/3c0DhjNdQcg."
тцк,2026-02-13T12:21:04Z,1.02,#тцк #новини,Посилання на повне відео в описі профілю,https://www.youtube.com/watch?v=mxFPNPIaXhE,
тцк,2026-02-13T12:02:07Z,0.18,#мем #шуточное #юмор #мемас #прикол #тцк,Orlov New ,https://www.youtube.com/watch?v=HZzGNY_s-UU,
тцк,2026-02-13T11:43:33Z,2.28,"ЛУБИНЕЦ,ТЦК,МЕНТЫ ЖАЛОБЫ И МОТИВАЦИЯ...",Stanislav Tyshchenko,https://www.youtube.com/watch?v=Y83HA3PNp5o,
тцк,2026-02-13T11:39:20Z,0.37,"Евакуація, Костянтинівка. #новини #зсу #новиниукраїни #політика #тсн #україна #тцк #війна",НОВИННИЙ РАДАР. НОВИНИ УКРАЇНИ ТА СВІТУ,https://www.youtube.com/watch?v=7Ezeo1O0BMI,Більше інформації в нашому телеграм-каналі. Підтримайте підпискою.
тцк,2026-02-13T11:17:10Z,0.28,Что за Лев этот Тигр???))) #рекомендации #рекомендації #рек #україна #тцк #юмор #life #live #смех,Krivbass UA,https://www.youtube.com/watch?v=1GWUdkC8GPE,
тцк,2026-02-13T11:00:08Z,0.58,🔥Убежал от ТЦК: Поменял Рюкзак На Свободу!,Пильний Дніпрянин,https://www.youtube.com/watch?v=6677VXLj2rU,Убежал от ТЦК: Поменял Рюкзак На Свободу! https://youtube.com/shorts/6677VXLj2rU?feature=share В центрі Дніпра ...
тцк,2026-02-13T11:00:05Z,0.28,Предполагаемое оружие ТЦК,Слово за Тарасом,https://www.youtube.com/watch?v=5cMDwOlnhe8,Предполагаемое оружие ТЦК.
тцк,2026-02-13T10:17:52Z,0.65,СУД СКАСУВАВ ВІДМОВУ ТЦК,Любомир Назаревич,https://www.youtube.com/watch?v=ZSedi_2rabI,ТЦК відмовив у наданні відстрочки. Суд визнав дії ТЦК незаконними.
тцк,2026-02-13T10:00:38Z,9.37,"⚡️&quot;ХЛЮПАЛА КРОВ, а ТЦК його товкли!&quot; Зеленський дав звірам у формі повний КАРТБЛАНШ / ФЕДИНА",БлогерКлубСенс,https://www.youtube.com/watch?v=NbGjjnqEmYg,"Верховна Рада створила небезпечний прецедент, ЖОРСТКО дискримінувавши тих, хто добровільно пішов захищати ..."
тцк,2026-02-13T10:01:12Z,7.45,Як НЕ правильно вирішувати питання з ТЦК !? Мобілізація виключених !?,Адвокат Олексій МЕНДРУХ,https://www.youtube.com/watch?v=mQ3xTgdFt1Y,"Як НЕ треба вирішувати питання з ТЦК !? Одна помилка у багатьох !? Якщо виникла потреба у приватній консультації, ..."
тцк беспредел,2026-02-13T10:01:01Z,3.35,"До ТЦК нарешті добрались, тільки послухайте",Незалежна Україна,https://www.youtube.com/watch?v=ZGK6ljbuMTI,Останні новини тут https://www.youtube.com/playlist?list=PLmqG0eLtg0wbtukGNUTPIDFo2wA3IRHFc До ТЦК нарешті ...
тцк,2026-02-13T10:00:31Z,14.65,Одесский ТЦК: новый супер скандал / Юрий Севрук,Свободный,https://www.youtube.com/watch?v=FcP3gafIEGM,Этот полный разговор можно и нужно смотреть/слушать в приложении «Свободный». Не бойся быть Свободным!
тцк,2026-02-13T09:52:41Z,0.42,#тцк #новини,Посилання на повне відео в описі профілю,https://www.youtube.com/watch?v=Aza0dOaySpE,
тцк,2026-02-13T09:00:56Z,0.12,"Загиблий у Дніпрі від побиття представниками ТЦК мав трьох дітей. Йому було 55 років, 6 лютого він",ВСЕ ПРО ЦІКАВЕ,https://www.youtube.com/watch?v=_of1tyv1WZ0,"Загиблий у Дніпрі від побиття представниками ТЦК мав трьох дітей. Йому було 55 років, 6 лютого він вийшов із собакою у ..."
тцк,2026-02-13T09:00:10Z,1.3,Як змінити підхід до мобілізації  ветеран про &#39;бусифікацію&#39; та ТЦК,UKRLIFETV,https://www.youtube.com/watch?v=6JWwe8TOIIg,"І там стояли хлопці, яких перших тільки почали у час повномасштабу переводити з бойових бригад по стану здоров'я в ТСК."
тцк,2026-02-13T08:56:00Z,0.98,Декларація очільника ТЦК #новини #війна #тцк #україна,SBC news Media,https://www.youtube.com/watch?v=IenV67-GEgE,
тцк,2026-02-13T08:53:19Z,11.0,Пришёл в БОЛЬНИЦУ ЗА ПОМОЩЬЮ!  Сдали в ТЦК,Skorpion,https://www.youtube.com/watch?v=f7Rk4TGOd1c,ухилянти #бусификация #мобілізація #сзч #бусифікація.
тцк,2026-02-13T08:52:16Z,0.65,СУД С КАСУВАВ ВІДМОВУ ТЦК,Любомир Назаревич,https://www.youtube.com/watch?v=Edkg0jcS_jY,"Якщо у вас виникли питання, пишіть їх у коментарях під відео. Для отримання індивідуальної консультації, пишіть на ..."
тцк,2026-02-13T08:16:18Z,2.27,Петер Сійярто: в Україні йде полювання на людей.#Сійярто #Угорщина #ТЦК #Мобілізація #ПраваЛюдини,JustTolik,https://www.youtube.com/watch?v=vbs1fjOxqPo,"В Україні — злочинець, в Угорщині — герой. ⚖️     Петер Сійярто відкрито заявив про захист угорця, який допомагав ..."
тцк,2026-02-13T06:54:47Z,6.52,ОДЕССА ХАОС! ПОРТ УНИЧТОЖЕН! ВЗРЫВЫ НА РЫНКЕ! ТЦК ХОДЯТ ПО ДОМАМ! БЕЗ ТЕПЛА И ВОДЫ!,NEMO,https://www.youtube.com/watch?v=9gWwmXq6LuI,
тцк,2026-02-13T06:30:17Z,1.47,Суд зобов’язав ТЦК оформити відстрочку,адвокат Макеєв,https://www.youtube.com/watch?v=gQilj4RcuoQ,Суд зобов'язав ТЦК надати чоловіку відстрочку від мобілізації згідно з п.13 ч.1 ст.23 Закону України через догляд за матір'ю ...
тцк,2026-02-13T06:00:54Z,0.35,Потужна група оповіщення ТЦК проти однієї людини😳,Пильний Дніпрянин,https://www.youtube.com/watch?v=ynXZLpYvmuw,Потужна група оповіщення ТЦК проти однієї людини   https://youtube.com/shorts/ynXZLpYvmuw?feature=share Ставте ...
тцк,2026-02-13T05:00:00Z,2.32,Сотрудник ТЦК должен вас отпустить после составления протокола.,ЄВСЮТІН Shorts,https://www.youtube.com/watch?v=C_YG_AruLWA,"Я адвокат по военным, миграционным, уголовным, семейным, экономическим, международным делам с 2007 года. Имею ..."
тцк,2026-02-13T05:01:04Z,1.75,"«Зробили засідку», - ТЦК вимкнули світло на щитку. Чоловік вийшов глянути і його схопили ",Інсайдер,https://www.youtube.com/watch?v=oMtEXn893Ik,мобілізація #зсу #тцк #ухилянти #полтава.
тцк,2026-02-12T23:15:13Z,2.53,Ісус про ТЦК… це несподівано,Слава Ісусу Христу! Слава навіки Богу! 🕊️,https://www.youtube.com/watch?v=0r_WgeBsxS4,"Ісус Христос навчає молитися за всіх людей — навіть за тих, з ким важко або кого не розумієш. Чи стосується це ..."
тцк,2026-02-12T20:59:03Z,1.05,Зеленский наградил дисквалифицированного Украинского спортсмена . Память жертвам ТЦК… #у,LISOVSKIY_NEWS,https://www.youtube.com/watch?v=VuYgipjw6a4,
тцк беспредел,2026-02-12T20:56:31Z,2.2,🔴 ОДЕССА !!!  ТЦК и титушки похитили парня прямо из офиса !!! #тцк,ПОВОРОТ НЕ ТУДА ⚖🚷,https://www.youtube.com/watch?v=bfR0qU7gSu8,ТЦК. Беспредел ТЦК и Полиции #тцк #полиция #мобилизациявукраине.
тцк,2026-02-12T19:49:08Z,0.52,Тактика запугивания от ТЦК,Слово за Тарасом,https://www.youtube.com/watch?v=8982QXnYmXY,Тактика запугивания от ТЦК.
тцк,2026-02-12T19:35:08Z,1.42,Балаклавы ТЦК,Адвокат Олег Лукьянчиков,https://www.youtube.com/watch?v=udH4a3eQzqo,Балаклавы ТЦК. ☎️0️⃣6️⃣6️⃣5️⃣5️⃣5️⃣1️⃣0️⃣2️⃣0️⃣   адвокат консультация тцк. #лукьянчиков ...
тцк,2026-02-12T19:31:06Z,0.98,Мати просе захистити сина. Інший син вже загинув. Готова свідчити #тцк #зсу  #адвокатнеклеса,Адвокат Неклеса,https://www.youtube.com/watch?v=Agq8pg2QO2Y,
тцк,2026-02-12T19:07:30Z,2.3,Роскомнадзор заблокирован? Скандал вокруг Telegram и резонансное видео с ТЦК 12.02.2026,Polit Product Chanell,https://www.youtube.com/watch?v=GnwEJK5Ek8E,"В этом выпуске — три резонансные истории, которые вызвали активные обсуждения в соцсетях и медиа. Сообщается о ..."
тцк,2026-02-12T18:58:21Z,0.22,ТЦК з красивими жінками? Нові реформи та твій спокій! #shorts,MIRASLAVE,https://www.youtube.com/watch?v=v-jVDwoYpsI,"У відео діляться враженнями від будинку, представляють персонажів та обговорюють важливі документи. Реформи ..."
тцк,2026-02-12T18:23:03Z,2.83,Генерал Білецький надав свої думки з приводу бусифікації #тцк #мобілізація #адвокатнеклеса #неклеса,Адвокат Неклеса,https://www.youtube.com/watch?v=wUXndQul1-0,
тцк,2026-02-12T18:15:00Z,1.27,Корчинський став на захист ТЦК на тлі заяв про порушення мобілізації,Інсайди,https://www.youtube.com/watch?v=8v12dFiZyOM,"Суперечка довкола мобілізації набирає обертів: омбудсмен заявляє про системні порушення з боку ТЦК, а Дмитро ..."
тцк,2026-02-12T18:01:06Z,1.25,«Черга на війну»: як стояли під ТЦК у Полтаві,Суспільне Полтава,https://www.youtube.com/watch?v=vgXMZO8dlgI,У перші дні повномасштабного вторгнення РФ у Полтаві під військкоматом стояла черга з охочих захищати Україну. Серед ...
тцк,2026-02-12T17:56:42Z,9.27,🔥ТЕПЕР І СОЛДАТИ РОЗДАВАТИМУТЬ ПОВІСТКИ - ЗСУ СТАЛИ ТЦК,CULES,https://www.youtube.com/watch?v=-TrQx-V6cus,"Відтепер, вручати повістки та здійснювати відповідні дії можуть не лише працівники територіальних центрів ..."
тцк,2026-02-12T17:47:03Z,1.38,"Обережно, вимикають світло #тцк #мобілізація #адвокатнеклеса #неклеса #відстрочка",Адвокат Неклеса,https://www.youtube.com/watch?v=Itbb1FjOuUU,
тцк,2026-02-12T17:36:27Z,9.82,ТЦК ВЖЕ ВИКРАДАЄ З ОФІСІВ,Дмитро Гнап,https://www.youtube.com/watch?v=-9LU8n9AhUw,Мій Telegram-канал: https://t.me/gnapinfo Станьте спонсором цього каналу: ...
тцк,2026-02-12T17:26:42Z,1.25,Скільки зберігається відео бодікамер ТЦК #відео  #мобілізація #тцк #адвокатнеклеса #неклеса,Адвокат Неклеса,https://www.youtube.com/watch?v=Mb6N9GXVb7E,
тцк,2026-02-12T17:01:45Z,1.05,"ДБР викрило посадовицю районного ТЦК, яка за гроші вносила зміни до реєстру військовозобов’язаних",Державне бюро розслідувань,https://www.youtube.com/watch?v=zHrZCGflH9I,ТОП NEWS від ДБР 7 лютого 2026 Протидія корупційним зловживанням у сфері військового обліку та забезпечення ...
тцк,2026-02-12T17:01:30Z,8.32,"ПОКИ ВІЙСЬКОВІ НЕДОЇДАЛИ — чиновник купував ЛЮКС і накопичував золото, квартири та готівку",ТСН,https://www.youtube.com/watch?v=w9KxE_39R_E,"Елітні авто, квартири, сотні тисяч доларів готівкою та навіть кілограми банківського золота. Свіжі декларації посадовців ..."
тцк,2026-02-12T17:01:16Z,0.18,ТЦК  Приватна територія #тцк #новини #україна #ухилянти #зсу,НейроТрэш,https://www.youtube.com/watch?v=iyUpW3GSsp8,Відео створено з використанням штучного інтелекту на основі оригінального сценарію автора. Матеріал має виключно ...
тцк,2026-02-12T16:49:37Z,0.93,Норковий піп любить тцк🤡 #влада #новини #українськийютуб #церква #тцк #війна #політикаукраїни,Міркуючі Люди,https://www.youtube.com/watch?v=D0NtlUqHy6M,
тцк,2026-02-12T16:32:33Z,9.93,🔥 ПАРЕНЬ ЗАБЫЛ СВОЁ ФИО — ТЦК ОТСТАЛИ 😇,Правовое Государство,https://www.youtube.com/watch?v=Z3cTeKO7jOw,Авторы категорически осуждают любое нарушение законов Украины и прав человека. А также выступают против призывов ...
тцк,2026-02-12T16:30:46Z,1.43,#україна #новини #тцк #безкарність #несправедливість,Ua_Focus,https://www.youtube.com/watch?v=6wUoQ1CH_Xg,"У ТЦК повідомили, що чоловікові стало зле ще до доставлення до центру. За їхніми словами, саме через погіршення його ..."
тцк,2026-02-12T16:18:25Z,0.72,Бакумов Система ТЦК потребує змін,NFN UKR,https://www.youtube.com/watch?v=8sB-3lV_Am0,"Бакумов наголошує, що ТЦК відіграють ключову роль у забезпеченні обороноздатності та поповненні війська, однак ..."
тцк,2026-02-12T16:01:30Z,0.47,Водія В ТЦК! Авто Хай Стоїть!,Пильний Дніпрянин,https://www.youtube.com/watch?v=ye_aDf3krg4,Водія В ТЦК! Авто Хай Стоїть! https://youtube.com/shorts/ye_aDf3krg4?feature=share Ставте пишіть коментарі та ...
тцк,2026-02-12T16:00:06Z,3.65,"Розшуку ТЦК не існує, але існує доставлення затримання і доставлення",YEVSIUTIN from KYIV CITY,https://www.youtube.com/watch?v=1tdLjaTrhOI,"напишіть мені на +380504776383 у telegram, viber, whatsapp або signal. У разі допомоги на суму від 1500 грн. надаю ..."
тцк,2026-02-12T16:00:44Z,10.38,Чоловіків 50+ більше не мобілізують? Що насправді відбувається в ТЦК,Адвокат Роман Сімутін,https://www.youtube.com/watch?v=T_T9iuBODuA,Останні новини щодо мобілізації чоловіків 50+: як відбувається мобілізація 50+ У новому відео розповім: Який стан справ ...
тцк,2026-02-12T15:59:28Z,0.82,Був «бусифікований» і помер від побиття? Військові ТЦК під арештом: що сталося у Дніпрі?#україна#тцк,Ua_Focus,https://www.youtube.com/watch?v=OFiwyB1AAZk,
тцк,2026-02-12T16:00:00Z,14.38,"Емоційна розмова з нардепами про ТЦК та мобілізацію: «ідіоти, що хапають людей», СЗЧ та бронювання",Новий відлік | Токшоу на Першому,https://www.youtube.com/watch?v=gci-E0j29g8,ДИВИТИСЯ ПОВНИЙ ВИПУСК https://youtube.com/live/h8431BXwqjw З кадровими змінами у владі нові посади отримали ...
тцк,2026-02-12T15:44:51Z,0.17,#роблокс #тцк #россия #украина,Карл Гоголь,https://www.youtube.com/watch?v=-K3y9-ezrLQ,
тцк,2026-02-12T15:43:45Z,1.02,Гончаренко ТЦК треба розпускати,ost media,https://www.youtube.com/watch?v=m48TskPNlkE,"Після останніх подій з'явилась необхідність системних змін у роботі ТЦК. Гончаренко наголошує, що окремі реакції влади ..."
тцк,2026-02-12T15:33:01Z,0.97,Єновина!Нові хитрощі від ТЦК? #влада #політика #блог,Блог Разумовського,https://www.youtube.com/watch?v=AUa8FZ2yjnw,
тцк,2026-02-12T15:30:35Z,1.72,"ТЦК загребли карлика, приняв его за хоббита из властелина колец #украина #война #тцк #людолови",ИнфоДозор. Обзоры и Аналитика,https://www.youtube.com/watch?v=hGdWPucuAQ0,
тцк,2026-02-12T15:18:29Z,0.72,Чому ТЦК ходять в балаклавах ???😂,STO Tepla Теплові насоси,https://www.youtube.com/watch?v=57Q6NR9OFIc,
тцк,2026-02-12T15:14:02Z,0.52,"В Одессе работники ТЦК задержали мужчину вместе с собакой, после чего тот получил повреждения головы",Артем Ретин  🎥 ,https://www.youtube.com/watch?v=pzlX0rfOg-U,
тцк,2026-02-12T15:01:08Z,0.9,ФІКТИВНІ ДІГНОЗИ ЗА ГРОШІ: колишня працівниця ТЦК та СП налагодила бізнес на військовозобов&#39;язаних,ТРК Аверс,https://www.youtube.com/watch?v=yAozBXAhZKg,"Станьте спонсором цього каналу, щоб отримувати бонуси: ..."
тцк,2026-02-12T14:54:10Z,0.25,ТЦК твари. Вместо стариков дожны быть ТЦК.,ВиталяPro Life,https://www.youtube.com/watch?v=kwpu31SPtW4,
тцк,2026-02-12T14:50:16Z,1.55,Омбудсмен Лубінець заявив.ТЦК#мобілізація#рафаэльдвоенкин#закон#врек#новости#топ,Rafael Dvoenkin,https://www.youtube.com/watch?v=mHSc6WN3cVU,
тцк,2026-02-12T14:22:08Z,0.68,😨⚡️СКАНДАЛ НА ВОЛИНІ! Колишня працівниця ТЦК «ТОРГУВАЛА» ДОВІДКАМИ, Телеканал КОНКУРЕНТ ВОЛИНЬ,https://www.youtube.com/watch?v=-48BpO80_1g,конкурентволинь #конкурентtv #конкурент #луцьк #волинь #новини #новинилуцька #новиниволині #новинионлайн ...
тцк,2026-02-12T14:17:57Z,0.3,НЕЗЛАМНІ Захисники України #новини #новиниукраїни #зсу #політика #тсн #україна #тцк,НОВИННИЙ РАДАР. НОВИНИ УКРАЇНИ ТА СВІТУ,https://www.youtube.com/watch?v=fgiB2A4ydgw,Більше інформації в нашому телеграм-каналі. Посилання на сторінці.
тцк,2026-02-12T14:01:16Z,1.1,😱ШОК! Молодого хлопця ЗАБИЛИ ДО СМЕРТІ в ТЦК. 🥺Уповноважений з прав ЛЮДИНИ РОЗКРИВ ПРАВДУ,Бум-Бах!,https://www.youtube.com/watch?v=lJesQeBOYa8,"Станьте спонсором цього каналу, щоб отримувати бонуси: ..."
тцк,2026-02-12T13:57:32Z,1.03,Мой муж работает в ТЦК #тцк,Volkmix Bushcraft,https://www.youtube.com/watch?v=IKe9vRns_6s,
тцк,2026-02-12T13:53:44Z,0.18,Что нужно делать с ТЦК!!! #рекомендации #рекомендації #рек #тцк #україна #live #life #людолови,Krivbass UA,https://www.youtube.com/watch?v=lI2xwpf8KpU,
тцк,2026-02-12T12:19:35Z,0.18,Ось тобі і ТЦК,Творець ,https://www.youtube.com/watch?v=x5N138KVq1s,
тцк,2026-02-12T12:00:18Z,11.08,"Всім ТЦК дали НАКАЗ на ПОВНУ МОБІЛІЗАЦІЮ!!! Всіх в розшук! Облави, обшуки авто!",Віталій Українець,https://www.youtube.com/watch?v=EwuQFtl7_v4,"Всім ТЦК дали НАКАЗ на ПОВНУ МОБІЛІЗАЦІЮ!!! Всіх в розшук! Облави, обшуки авто! ПОЧАЛОСЯ? Посилення ..."
тцк,2026-02-12T11:30:07Z,0.25,тепер в нас тцк як циганка на базарі #шортс #село #гумор #поліція #зима,набір контенту,https://www.youtube.com/watch?v=62D138VoEnk,
тцк,2026-02-12T11:01:38Z,0.75,🔥ТЦК Бухоники: Зробили Мобільний Блокпост!,Пильний Дніпрянин,https://www.youtube.com/watch?v=x_XZ3J8wF-g,ТЦК Бухоники: Зробили Мобільний Блокпост! https://youtube.com/shorts/x_XZ3J8wF-g?feature=share Ставте пишіть ...
тцк,2026-02-12T10:57:07Z,1.25,"Запоминайте всех, кто поддерживают ТЦК. Убийцы нашего народа не должны быть забыты.",Іншими словами ,https://www.youtube.com/watch?v=pU2ZlSKQZ50,
тцк,2026-02-12T10:57:52Z,1.27,ТЦК б&#39;є на сполох: незаконні затримання та беззаконня! #ТЦК #НезаконніДії #Беззаконня #Україна,Геннадій Прищепчук,https://www.youtube.com/watch?v=CJ5tXXdIBYk,"Відео про незаконні затримання ТЦК без рішення суду, порушення статутів та насильство. Влада має звернути увагу на ..."
тцк,2026-02-12T10:57:51Z,1.27,ТЦК б&#39;є на сполох: незаконні затримання та беззаконня! #shorts,Нестер Прищепчук,https://www.youtube.com/watch?v=QRt0IH2HQoQ,"Відео показує незаконні затримання ТЦК без рішення суду, порушення статутів та насильство. Влада має почути про цю ..."
тцк,2026-02-12T10:53:33Z,0.55,Жестокость ТЦК.  Указы сверху?,Слово за Тарасом,https://www.youtube.com/watch?v=kv0e4sDkW0A,Жестокость ТЦК. Указы сверху?
тцк,2026-02-12T10:53:27Z,0.3,Що може робити Генерал ТЦК на UA ONLINE?,ALLEN - UA ONLINE,https://www.youtube.com/watch?v=zk7Yxyuy5r8,Що може робити Генерал ТЦК на UA ONLINE? Реєструй акаунт на UA ONLINE 02 • Вказуй мій нік: Vladislav_Allen ...
тцк,2026-02-12T10:45:58Z,0.72,"Як перевірити себе у розшуку МВС та ТЦК: бази &quot;Армор&quot;, &quot;Оберіг&quot;",ЮРКОНСАЛТ - Адвокат Київ | Запоріжжя,https://www.youtube.com/watch?v=PfuCIp9WUHs,"Дізнайтеся, як перевірити свій статус у базах розшуку МВС (""Армор"") та ТЦК (""Оберіг""). Адвокат Геннадій Працевитий ..."
тцк,2026-02-12T10:30:24Z,0.17,ТЦК  прийшло за Михайлом #тцк #новини #україна #гумор #коміки #ржакадосліз #відеодня,AI Gone Crazy,https://www.youtube.com/watch?v=jtSDTEkxs-8,Відео створено з використанням штучного інтелекту на основі оригінального сценарію автора. Матеріал має виключно ...
тцк,2026-02-12T10:14:10Z,1.03,#тцк #новини,Посилання на повне відео в описі профілю,https://www.youtube.com/watch?v=mzSoGIqEOIo,
тцк,2026-02-12T10:00:35Z,5.87,ТАМИР ШЕЙХ НАРОДНАЯ В0ЙНА ПРОТИВ ТЦК РАСШИРЯЕТСЯ,Генеральный ШТАБ,https://www.youtube.com/watch?v=MFTrTO4svj0,Свежая сводка с фронта. Покровск. Запорожье. Потери. Зеленский. Путин. Трамп. Юрий Подоляка. Михаил Онуфриенко.
тцк,2026-02-12T10:00:10Z,0.73,"💥ТЦК у масці - людолов, а не військовослужбовець❗",Пильний Дніпрянин,https://www.youtube.com/watch?v=4zEHOsVijSw,"ТЦК у масці - людолов, а не військовослужбовець❗ https://youtube.com/shorts/4zEHOsVijSw?feature=share Ставте пишіть ..."
тцк,2026-02-12T09:52:31Z,0.22,"Дорога життя, ПОКРОВСЬК. #новини #новиниукраїни #політика #тсн #україна #мобілізація #тцк",НОВИННИЙ РАДАР. НОВИНИ УКРАЇНИ ТА СВІТУ,https://www.youtube.com/watch?v=Tqpp1ExZWZI,Більше інформації в нашому телеграм-каналі. ПІДТРИМАЙТЕ ПІДПИСКОЮ.
тцк,2026-02-12T09:43:33Z,1.35,"Закон прямої дії: ТЦК, мобілізація, відстрочка – Конституція пояснює #shorts",ЄЗАКОН Адвокат Мамчик,https://www.youtube.com/watch?v=bnGSDIDXbkA,"Закон має вищу юридичну силу, ніж будь-які інструкції. ТЦК зобов'язаний діяти в межах закону, а не чекати роз'яснень."
тцк,2026-02-12T09:25:37Z,9.03,Свавілля ТЦК чи Законні дії? Як відрізнити Є нові аспекти,Адвокат Ігор Липявка,https://www.youtube.com/watch?v=7jzzaWcxS3w,Посилання на судове рішення: https://www.advocate-bureau.com.ua/vijskovy-advocate/ Телеграм канал: ...
тцк,2026-02-12T09:00:33Z,0.5,🔥ТЦК Дніпро: З Магазину До Учебки!,Пильний Дніпрянин,https://www.youtube.com/watch?v=HPF3SLIAHMw,ТЦК Дніпро: З Магазину До Учебки! https://youtube.com/shorts/HPF3SLIAHMw?feature=share Ставте пишіть коментарі та ...
тцк,2026-02-12T09:00:28Z,1.75,Вся правда о методах ТЦК и коррупции  «Бегают полмиллиона»,UKRLIFETV,https://www.youtube.com/watch?v=DMmqyV8-Vjs,"На днях Лубинец, это же наш омбудсмен, заявил о том, что существуют, точнее есть зафиксированные случаи, когда ..."
тцк,2026-02-12T08:43:47Z,5.62,ТРЕШ! Посеред дороги ТЦК намагались витягнути чоловіка з авто,Денис Галандзовський Новини Світу,https://www.youtube.com/watch?v=LOd9EVBJ4Zw,Робота для будівельників в Польщі та Бельгії! Заповни заявку і менеджер надасть всі деталі ...
тцк,2026-02-12T08:30:05Z,0.08,"ТЦК   ЦЕ НЕ СУД, НІЯКІ АДВОКАТИ ТАМ МОБІЛІЗОВАНИМ НЕ ПОТРІБНІ   речник Полтавського ТЦК Роман Істомі",Світло в вірі shorts,https://www.youtube.com/watch?v=6heL2qe1Xug,"Якщо Ви бажаєте Фінансово підтримати канал 1,2,5,10 грн це вже підтримка для нас! Дякуємо! Mono банк 4441 1110 4246 ..."
тцк,2026-02-12T08:12:10Z,2.02,Трагедія в Дніпрі: «допомога» ціною в життя. #дніпро #тцк #влк #свавілля #правалюдини #резонанс,JustTolik,https://www.youtube.com/watch?v=bARB5Rs4-J4,Трагедія в Дніпрі: «допомога» ціною в життя. ⚖️ Цинізм версії підозрюваних працівників ТЦК просто не має меж.
тцк,2026-02-12T07:32:00Z,1.23,ТОТАЛЬНА ПЕРЕВІРКА! 😳 Поліція + ТЦК зупиняють ВСІХ підряд! #shorts,Dima Poltava,https://www.youtube.com/watch?v=CmreWnqHzpE,ТЦК разом з поліцією проводять масові перевірки військово-облікових документів у чоловіків 18–60 років. ЗАХИСТИ себе ...
тцк,2026-02-12T07:30:02Z,8.77,⚠️НАКАЗ ТЦК ВИЛОВИТИ ЧОЛОВІКІВ‼️Бусифікація! Хто НАСТУПНИЙ?,ГОЛОС НАЦІЇ 🇺🇦 ЧЕСНІ НОВИНИ ,https://www.youtube.com/watch?v=5yY_Tj582rQ,Мобілізація в Україні ПОСИЛИЛАСЬ! У ТЦК зробили заяву про БУСИФІКАЦІЮ! Звернення до чоловіків! Залишайте ...
тцк,2026-02-12T07:30:07Z,12.75,🆘 ТЦК разом з поліцією — масові перевірки документів! Це законно?,Юридичний клуб A.D.,https://www.youtube.com/watch?v=GQ5EicqZvBA,ТЦК разом з поліцією проводять масові перевірки військово-облікових документів у чоловіків 18–60 років. Чи законні такі дії ...
тцк,2026-02-12T06:28:00Z,0.77,ТЦК В БЕЛОЙ ЦЕРКВИ!!!,POLITYK UA,https://www.youtube.com/watch?v=SPMDbob1ui4,
тцк,2026-02-12T06:08:20Z,0.5,УХИЛЯНТИ БУДУТЬ ВИЗНАЧАТИ НАШЕ МАЙБУТНЄ #україна #ухилянти #бусифікація #тцк #вибори2026,НЕЗАЛЕЖНІ МЕДІА,https://www.youtube.com/watch?v=qdg4KptUyio,
тцк,2026-02-12T06:08:00Z,5.47,ЛУШПАЇ З ТЦК НЕ ВИВЕЗЛИ РОЗМОВУ ЗІ СМІЛИВИМИ ЖІНКАМИ І ВТЕКЛИ!!!,POLITYK UA,https://www.youtube.com/watch?v=a-d2WlC_Qgs,автор відео: https://www.tiktok.com/@user2501206184761.
тцк,2026-02-12T06:00:03Z,13.35,ШОК З ОДЕСИ! Люди опинились В РЕАНІМАЦІЇ. ТЦК в масках ВЛАШТУВАЛИ РОЗПРАВУ. Нові правила ВЛК ШОКУЮТЬ,СОЛОМКА,https://www.youtube.com/watch?v=3ST406aYUBw,"В Одесі лікарка ВЛК заявляє: придатні 80–90%, фактично всі, якщо людина не лежача. “Придатний” і “здоровий” — це різні ..."
тцк,2026-02-12T05:45:48Z,2.0,Влавсть превратила граждан Украины в преступников. #тцк #мир_украине,Павло Кириленко Соціум ,https://www.youtube.com/watch?v=wrz8E3xpLQE,
тцк,2026-02-12T05:01:00Z,4.3,"Бегу от ТЦК за границу - какой вариант выбрать? Переход через горы, Тиса или Беларусь? Нужен совет !",ТЦК 365,https://www.youtube.com/watch?v=4ZZO0OGxRTs,"Бегу от ТЦК за границу - какой вариант выбрать? Переход через горы, Тиса или Беларусь? Нужен совет ! Я ухожу один."
тцк,2026-02-12T04:27:04Z,1.43,ТЦК Поліція Мобілізація України,Павло007,https://www.youtube.com/watch?v=uv_w4o7rYpk,
тцк,2026-02-12T03:08:06Z,1.4,😁 #creatorsearchinsights #україна #війна #зсу #тцк,stoawuywhyaj,https://www.youtube.com/watch?v=XBNOnOOFLTE,
тцк,2026-02-12T02:58:29Z,1.28,😁 #creatorsearchinsights #ukraine🇺🇦 #Germany #Poland #тцк,stoawuywhyaj,https://www.youtube.com/watch?v=LXWy5z-peuI,
тцк,2026-02-11T23:48:02Z,1.0,"Нет рабства, есть ТЦК.",Снежная Лавина  Егорова,https://www.youtube.com/watch?v=ceANpGEWpEU,
тцк,2026-02-11T21:58:53Z,0.4,Тернопіль тцк б&#39;ють по голові та викрадають чоловіка,ВОЛОНТЕР,https://www.youtube.com/watch?v=MsOtPhvSCTk,
тцк,2026-02-11T21:53:54Z,4.07,Сам себя побил? Одесский ТЦК vs Собака-свидетель. Разбор ИПСО❗️ ,Artur Man ,https://www.youtube.com/watch?v=1zX0EfVs7lI,новости #arturman.
тцк,2026-02-11T20:58:08Z,2.13,ТЦК змусили виконувати функції правоохоронців - Дикий | 2026,ВИШНЕВЕ ,https://www.youtube.com/watch?v=Kq1ei5xUA7Q,"Натомість функція оповіщення людей, які ухиляються від мобілізації, належать правоохоронцям. Натомість у військових ..."
тцк,2026-02-11T20:30:06Z,1.42,⚡️Військовослужбовець ТЦК ЩИРО ЗВЕРНУВСЯ до всіх українців #shorts,24 Канал,https://www.youtube.com/watch?v=X_ydHzQD2r8,"24 Канал запускає подкасти! Шукайте нас на різних, зручних для вас платформах: https://linktr.ee/podcast24tv.ua."
тцк,2026-02-11T20:18:59Z,0.98,"🇺🇦Оксанка призналась, что ее ледибой «работает в ТЦК",lemon564,https://www.youtube.com/watch?v=7TyaBAVQ9BI,"Оксанка призналась, что ее ледибой «работает в ТЦК». «Он забирает людей. Это нехорошо, я этим не горжусь…"
тцк,2026-02-11T20:10:39Z,1.03,Уповноважений про перешкоджання адвокатській діяльності з боку ТЦК  #тцк #мобілізація  #адвокат,Гарант | Новини,https://www.youtube.com/watch?v=hVZzAdxyvYQ,Уповноважений про зафіксовані факти перешкоджання адвокатській діяльності з боку ТЦК та СП.
тцк,2026-02-11T20:07:53Z,7.72,"🤬ДОЖИЛИСЬ! ТЦК отримали ЖОСТКИЙ НАКАЗ на СИЛОВУ МОБІЛІЗАЦІЮ❗️Облави, обшуки авто, ВСІХ у розшук!","MEDIA ""4.5.0.""",https://www.youtube.com/watch?v=JFq_8QNyTxI,"ДОЖИЛИСЬ! ТЦК отримали ЖОСТКИЙ НАКАЗ на СИЛОВУ МОБІЛІЗАЦІЮ❗️Облави, обшуки авто, ВСІХ у розшук!"
тцк,2026-02-11T19:34:36Z,1.33,ТЦК: человек самостоятельно причинил себе вред,Адвокат Олег Лукьянчиков,https://www.youtube.com/watch?v=6hLlWM2ZQqE,ТЦК: человек самостоятельно причинил себе вред. ☎️0️⃣6️⃣6️⃣5️⃣5️⃣5️⃣1️⃣0️⃣2️⃣0️⃣   адвокат ...
тцк,2026-02-11T19:05:38Z,5.13,Так виглядає перевірка військово-облікових документів військовослужбовцями ТЦК?,Денис Галандзовський Новини Світу,https://www.youtube.com/watch?v=qc3vpNU-2TQ,Робота для будівельників в Польщі та Бельгії! Заповни заявку і менеджер надасть всі деталі ...
тцк,2026-02-11T18:44:00Z,7.6,За яких умов розшук ТЦК є законним? Важливе рішення.,Немного о праве от Ростислава Кравца,https://www.youtube.com/watch?v=x4ijC1RGevA,За яких умов поліція не має права проводити розшук за повідомленнями ТЦК  Мій Telegram https://t.me/rkravetsUA Мій ...
тцк,2026-02-11T18:34:30Z,0.92,Снять розыск ТЦК,Адвокат Олег Лукьянчиков,https://www.youtube.com/watch?v=0EHV4fev9yA,Снять розыск ТЦК. ☎️0️⃣6️⃣6️⃣5️⃣5️⃣5️⃣1️⃣0️⃣2️⃣0️⃣   адвокат консультация тцк. #лукьянчиков ...
тцк,2026-02-11T18:25:42Z,10.7,Если у Вас отсрочка -  важное сообщение от ТЦК,Слово за Тарасом,https://www.youtube.com/watch?v=kIO-Tnk9pdU,Если у Вас отсрочка - важное сообщение от ТЦК.
тцк,2026-02-11T18:16:00Z,0.42,❗️ЧЕРГОВА ПЕРЕМОГА В СУДІ: ТЦК ЗОБОВʼЯЗАЛИ ВНЕСТИ ДАНІ ДО РЕЄСТРУ!❗️,ПРАВОВА ПОЗИЦІЯ ,https://www.youtube.com/watch?v=OAu14gRpnvE,Записатись на безкоштовну консультацію і отримати відповідь на Ваше питання можна за інформацією нижче: ...
тцк,2026-02-11T18:00:46Z,0.15,ТЦК Зсу в дії #новини #україна #тцк #ухилянти #зсу,НейроТрэш,https://www.youtube.com/watch?v=fViFpOFqwzo,Відео створено з використанням штучного інтелекту на основі оригінального сценарію автора. Матеріал має виключно ...
тцк,2026-02-11T18:00:22Z,3.75,ТЦК должен вас отпустить в любом случае ,YEVSIUTIN from KYIV CITY,https://www.youtube.com/watch?v=nMNzYJ9hlUo,"Я адвокат по военным, миграционным, уголовным, семейным, экономическим, международным делам с 2007 года. Имею ..."
тцк,2026-02-11T18:00:06Z,13.37,"Чому в Буковелі не відключають світла, ТЦК мобілізує людей з аутизмом та закупка роботів на $100 млн",ITV media group,https://www.youtube.com/watch?v=2aUdNO8N1JE,"Поки в Україні діють графіки відключення світла, в Буковелі відключень немає. Тим часом, в Україні масово мобілізують ..."
тцк,2026-02-11T17:59:07Z,0.65,ТЦК не повинні займатися мобілізацією вулиць,TCP Ukraine,https://www.youtube.com/watch?v=_bAKAFuTHOk,"Бойовий командир пояснює юридичні тонкощі мобілізації. Згідно із законом, примусовим мобілізаційним процесом має ..."
тцк,2026-02-11T17:34:53Z,0.52,❗️Скандал в Одесі: травми після ТЦК,ШОБ ШО?,https://www.youtube.com/watch?v=FtV1NlQublk,В Одесі розгорівся скандал навколо ситуації в ТЦК. У мережі з'явилося фото чоловіка з травмою голови після відвідин ...
тцк,2026-02-11T17:00:06Z,4.38,❗Чи має право ТЦК викликати “для уточнення даних”? — гучне рішення 7 апеляційного суду.,адвокат Макеєв,https://www.youtube.com/watch?v=IrJqc0BE1Q0,"Сьомий апеляційний адміністративний суд ухвалив принципове рішення, яке може кардинально змінити судову практику у ..."
тцк,2026-02-11T16:52:12Z,0.1,⚡️ Влада перетворила ТЦК на гестапо — Друзенко шокував,OXI NEWS,https://www.youtube.com/watch?v=h781HwH4JR8,"Юрист та керівник Першого добровольчого мобільного шпиталю Друзенко заявив, що ТЦК перетворили на організовані ..."
тцк,2026-02-11T16:46:24Z,1.43,В Одеському ТЦК побили чоловіка,Віталій Українець,https://www.youtube.com/watch?v=aW1Hl6DxsFg,
тцк беспредел,2026-02-11T16:44:58Z,13.12,11 февраля ДНЕПР🔥 БЕСПРЕДЕЛ ТЦК🔥ДРАКА ТЦК В ДНЕПРЕ🔥В ОДЕССЕ ТОТ ЖЕ СЦЕНАРИЙ🔥ПРОВЕРКИ В ТЦК ДНЕПРА🔥,dmpro,https://www.youtube.com/watch?v=IO8M_0qFR08,ВСЕМ ПРИВЕТ ДРУЗЬЯ СПАСИБО ЗА ПРОСМОТР И БЛАГОДАРНОСТЬ ЗА ДОНАТ ...
тцк,2026-02-11T16:45:25Z,2.18,"Суд отменил розыск ТЦК, но есть депутаты с запоздалой реакцией)",Жан Новосельцев,https://www.youtube.com/watch?v=bCnUjPBAGHI,ТЦК не уполномочены самостоятельно объявлять граждан в «розыск». Киевский окружной административный суд ...
тцк,2026-02-11T16:32:41Z,2.13,Триває суд над співробітниками ТЦК #новини #зсу #війна #тцк #україна,NextUkraine,https://www.youtube.com/watch?v=5-3R5fGObo8,
тцк,2026-02-11T16:13:32Z,0.62,ТЦК про мобилизацию женщин. Мобілізація жінок. Воєнкині,Серёга Хороль ТВ,https://www.youtube.com/watch?v=nRGTJzDyOiU,
тцк,2026-02-11T16:10:00Z,8.25,Першими ВТЕКЛИ менти! ЦІЛІ колони ТЦК біжить з міста. Тисячі доларів - бунт. ЛЮДИ вийшли,НАС.Інфо,https://www.youtube.com/watch?v=NjkZVrfeNIM,Станьте спонсором каналу: https://www.youtube.com/channel/UCy3biyiu0UWvWjoFTvMcbbw/join.
тцк,2026-02-11T16:01:12Z,0.43,Проблему ТЦК нарешті визнали,Європейська Солідарність Закарпаття,https://www.youtube.com/watch?v=ng21P3dMTNA,"Олексій Гончаренко — про ТЦК, відповідальність і запізнілі прозріння влади."
тцк,2026-02-11T16:02:58Z,0.8,Ультиматум боссам тцк от военных!,Тени Войны,https://www.youtube.com/watch?v=zqcL06Js-JA,
тцк,2026-02-11T16:01:28Z,0.12,Чому ТЦК ховають обличчя? Пояснення речника #ТЦК #Мобілізація #Полтава #Істомін #Україна #Новини,Публіцист,https://www.youtube.com/watch?v=zSBJ2sSBTSk,"Речник Полтавського обласного ТЦК Істомін пояснив, чому військовослужбовці під час перевірок документів часто ..."
тцк,2026-02-11T15:47:14Z,3.92,Мати загиблого в ТЦК Артема Зайцева вимагає відновити розслідування смерті сина,Суспільне Дніпро,https://www.youtube.com/watch?v=l-dsHSevN4o,"Мати Артема Зайцева, який помер у криворізькому ТЦК 5 травня 2024 року, оскаржує в суді закриття справи та вимагає ..."
тцк,2026-02-11T15:19:28Z,0.1,ТЦК ховають обличчя: правда від речника,OXI NEWS,https://www.youtube.com/watch?v=2OSWhEU9HRE,"Речник Полтавського обласного ТЦК Істомін пояснив, чому працівники центрів комплектування іноді закривають обличчя."
тцк,2026-02-11T15:18:59Z,1.1,Чорний: В НАС МОЖУТЬ ПОКАРАТИ ТІЛЬКИ ПРОСТИХ СОЛДАТ! А ТЦК НІХТО НЕ ЧІПАЄ,думайТИ,https://www.youtube.com/watch?v=ALdcmabF7i0,
тцк,2026-02-11T15:10:44Z,0.88,До чого призводять фальсифікації ВЛК #мобілізація #тцк #влк #адвокатнеклеса #неклеса #зсу,Адвокат Неклеса,https://www.youtube.com/watch?v=2JDzLKEZPRA,
тцк,2026-02-11T15:03:37Z,0.1,Корчинський проти Лубінця: новий конфлікт навколо ТЦК,OXI NEWS,https://www.youtube.com/watch?v=lmAvGZf1Nrs,Дмитро Корчинський жорстко відреагував на заяву омбудсмена Дмитра Лубінця щодо можливих порушень з боку ТЦК.
тцк,2026-02-11T14:58:01Z,9.0,"💥ТЦК дали НАКАЗ на ПОВНУ МОБІЛІЗАЦІЮ‼️Облави, обшуки авто! Всіх у розшук!",Українська хвиля,https://www.youtube.com/watch?v=_uHlNuyVJF4,Мобілізація в Україні у лютому набира обертів! ТЦК звернулись до чоловіків з ОФІЦІЙНИМИ ЗАЯВАМИ! ДЕТАЛІ – У ВІДЕО!
тцк,2026-02-11T14:47:05Z,0.3,Відстрочка від мобілізації  контракт 18–25 #закон #тцк Відстрочка#мобілізація ї#Контракт1825,Гарант | Новини,https://www.youtube.com/watch?v=eOVI0xD3Yi4,Новий закон ухвалено. Відстрочка від мобілізації для 18–25 через контракт.
тцк,2026-02-11T14:44:32Z,3.45,⚡️ «САМ РОЗБИВ СОБІ ГОЛОВУ!» Шок-заява Одеського ТЦК про госпіталізованого чоловіка!,КИЇВ24 live,https://www.youtube.com/watch?v=pheDSFDSYwc,В Одеському обласному територіальному центрі комплектування та соціальної підтримки прокоментували інцидент з ...
тцк,2026-02-11T14:38:49Z,2.65,"ТЦК у балаклавах, бо вони сором’язливі",Адвокат Роман Сімутін,https://www.youtube.com/watch?v=ZxaoY2oDwTQ,"Впізнали? Ну що, друзі, це новий рівень правової логіки. Виявляється, працівники ТЦК ховають обличчя в балаклавах, ..."
тцк беспредел,2026-02-11T14:09:56Z,0.97,"Один против троих тцк , пример для молодежы , спорт сила #тцк#Украина#беспредел#",Херсонец1991,https://www.youtube.com/watch?v=YMg_4g_9hNA,
тцк,2026-02-11T13:57:40Z,1.52,"ТЦК ховають обличчя тому що вони люди,-речник ТЦК",Віталій Українець,https://www.youtube.com/watch?v=v-jV_lDSa_s,
тцк,2026-02-11T13:45:09Z,14.97,Кінець «бусифікації»? ТЦК ліквідують? Вся правда про масштабні зміни у війську та аудит «тиловиків»,Burn News,https://www.youtube.com/watch?v=wgeHPig6ZlE,В Україні розпочався етап масштабної трансформації мобілізаційного процесу. З призначенням Михайла Федорова новим ...
тцк,2026-02-11T13:35:55Z,1.07,Військових цькують цивільні? Бояться ТЦК?,Вікторія Кулюк | VIDверто,https://www.youtube.com/watch?v=r94fWiYvPEo,"Військовий відверто говорить про реальність, про яку не всі готові чути — про цькування, упередження і страх у суспільстві."
тцк,2026-02-11T13:33:48Z,0.27,ЗСУ дали відсіч. Лиман.т #новини #зсу #новиниукраїни #політика #тцк #україна #війна #корупція,НОВИННИЙ РАДАР. НОВИНИ УКРАЇНИ ТА СВІТУ,https://www.youtube.com/watch?v=LgdgPWSZh2Y,Більше інформації в нашому телеграм-каналі. ПІДТРИМАЙТЕ ПІДПИСКОЮ.
тцк,2026-02-11T13:18:33Z,0.63,"ТЦК, БЕГИТЕ ЗА КОРДОН #мобілізація #пошук #українськийютуб",SaveUkraine1313,https://www.youtube.com/watch?v=Z-StXNIb__Q,"ТЦК, БЕГИТЕ ЗА КОРДОН #мобілізація #пошук #українськийютуб."
тцк,2026-02-11T13:11:06Z,1.02,Представник ТЦК Громадянам не потрібен адвокат,ost media,https://www.youtube.com/watch?v=lVwCrPG06NM,"У студії обговорюють право громадян на юридичну допомогу під час перебування в ТЦК та СП. Згадується випадок, коли ..."
тцк,2026-02-11T12:56:56Z,2.02,Мобілізований в Одесі потрапив до лікарні після ТЦК з розбитою головою,BOMB NEWS,https://www.youtube.com/watch?v=jX9x9hRXcvY,одесса #мобілізація #тцк.
тцк,2026-02-11T12:36:34Z,3.68,Шокуючі події попали на відео! Звіряча поведінка представників ТЦК та СП.,Денис Галандзовський Новини Світу,https://www.youtube.com/watch?v=hnh6j924w60,Робота для будівельників в Польщі та Бельгії! Заповни заявку і менеджер надасть всі деталі ...
тцк,2026-02-11T12:35:37Z,0.65,ТЦК Рівне #spomer,SPOMER_Ua,https://www.youtube.com/watch?v=lVfb2vOcMio,
тцк беспредел,2026-02-11T12:14:05Z,10.05,Полиция &quot;ЗА&quot; БЕСПРЕДЕЛ ТЦК ?,НЕ правовое государство,https://www.youtube.com/watch?v=7K8qzFp8-Ts,Такая полиция нам не нужна. Стать спонсором канала ...
тцк,2026-02-11T12:13:13Z,1.22,"Черкаси, тцк #окраина #топ #славазсу #славазсу #юмор #юмор #украинскаяармия",Валерія ,https://www.youtube.com/watch?v=NyOQXyKjNjk,
тцк,2026-02-11T12:00:26Z,0.13,Приховане обличчя ТЦК заборонено законом,Світло в вірі shorts,https://www.youtube.com/watch?v=F6tQu26yMnk,"Якщо Ви бажаєте Фінансово підтримати канал 1,2,5,10 грн це вже підтримка для нас! Дякуємо! Mono банк 4441 1110 4246 ..."
тцк,2026-02-11T12:00:43Z,10.68,ТЦК обратились к мужчинам с правом на отсрочку: что следует сделать немедленно,Тарас Никифорчук,https://www.youtube.com/watch?v=NdA_Te_tTaA,Мой телеграм канал подпишитесь https://t.me/TarasOdessa E-mail: odessa-urist@ukr.net.
тцк,2026-02-11T11:57:28Z,0.78,"ТЦК - це не суд, там громадянам не потрібні адвокати, - представник Полтавського обласного ТЦК",Droon Odessit,https://www.youtube.com/watch?v=un2koq--738,
тцк,2026-02-11T11:29:00Z,0.83,Это основная функция ТЦК?,Правовое Государство,https://www.youtube.com/watch?v=kV3J_Hb0VGc,
тцк,2026-02-11T11:01:25Z,0.27,РОЗНІС Я ПОЛІЦІЮ?! ТЦК НЕ МОЖЕ ОГОЛОСИТИ РОЗШУК?! 🕵️,Legal Land,https://www.youtube.com/watch?v=jeCQZKRnoF4,тцк поліція незаконне затримання право на зйомку розшук ухилянтів незаконна мобілізація Водій пояснює поліцейській що ...
тцк,2026-02-11T11:00:00Z,1.5,Істомін «ТЦК — не суд  Адвокати там не потрібні»,ІНФОШТОРМ,https://www.youtube.com/watch?v=NP4G6Xt8lsU,"У відповідь на заяви омбудсмена щодо недопуску адвокатів, Істомін зазначив, що ТЦК — це не судовий процес, тому ..."
тцк,2026-02-11T10:37:50Z,0.55,БІЛА ЦЕРКВА ТЦК,НИЩЕБЛОГЕР,https://www.youtube.com/watch?v=PeHHyDi6iNo,
тцк,2026-02-11T10:30:38Z,0.98,У него был один ШАНС спастись от ТЦК,Правовое Государство,https://www.youtube.com/watch?v=qSoI3isQUoo,
тцк,2026-02-11T10:32:16Z,0.23,Скільки заяв складено на ТЦК ‼️ #news #новинисьогодні #новости #тцк #мобілізація #поліція #бусифікац,Sirius_ua_Official,https://www.youtube.com/watch?v=ceJpXkxwpNo,
тцк,2026-02-11T10:21:55Z,1.15,Могут ли сотрудники ТЦК скрывать лицо в соцсетях?,Alex Ratinsky,https://www.youtube.com/watch?v=VZlhU4XCq1U,"В этом видео обсуждаем, имеют ли право военнослужащие ТЦК закрывать лицо в соцсетях, если нарушают закон."
тцк,2026-02-11T10:15:01Z,1.95,Єновина!Адвокати в ТЦК не потрібні та працівники в масках бобояться соцмереж? #політика #блог,Блог Разумовського,https://www.youtube.com/watch?v=oSv3TjZAq24,
тцк,2026-02-11T10:04:39Z,0.7,В Черкасах чоловік кинув в сторону тцк та поліції предмет схожий на гранату,Віталій Українець,https://www.youtube.com/watch?v=a_O50zY_jpw,
тцк,2026-02-11T09:59:12Z,0.53,ТЦК ТЕЖ ЛЮДИ ЯКІ МАЮТЬ ПРАВО...#тцк #бусифікація #мобілізація #зсу #війна #україна #геноцид,НЕЗАЛЕЖНІ МЕДІА,https://www.youtube.com/watch?v=tNyxAAscvjU,
тцк,2026-02-11T10:00:16Z,5.87,ТАМИР ШЕЙХ НАРОДНАЯ В0ЙНА ПРОТИВ ТЦК РАСШИРЯЕТСЯ,Verter Dr,https://www.youtube.com/watch?v=7ECfbaYD2ho,Свежая сводка с фронта. Покровск. Запорожье. Потери. Зеленский. Путин. Трамп. Юрий Подоляка. Михаил Онуфриенко.
тцк,2026-02-11T09:46:24Z,0.48,ТЦК жорстоко нанесли тяжких тілесних ушкоджень батьку трьох дітей #тцк #мобілізація #війнавукраїні,Які новини?,https://www.youtube.com/watch?v=4kPeuCO1jGA,
тцк,2026-02-11T09:41:34Z,0.47,МИ НЕ ТАКА ДЕРЖАВА ЯК РОСІЯ! МИ НЕ МОЖЕМО ЗАГАНЯТИ ЛЮДЕЙ ПАЛКАМИ НА ВІЙНУ! ВОЛОДИМИР ЗЕЛЕНСКИЙ! #тцк,THE,https://www.youtube.com/watch?v=OyzW_2ha9qg,Український президент Володимир Зеленський висловився про методи роботи ТЦК і підкреслив різницю між підходами ...
тцк,2026-02-11T09:12:48Z,7.42,НАРЕШТІ! Військовим набридли безчинства в ТЦК! Чи буде реакція влади?,Денис Галандзовський Новини Світу,https://www.youtube.com/watch?v=qA3D8fRXGI0,Робота для будівельників в Польщі та Бельгії! Заповни заявку і менеджер надасть всі деталі ...
тцк,2026-02-11T09:02:17Z,1.67,Єновина! Вражений представник ТЦК та мобілізація примусова? #влада #політика #блог,Блог Разумовського,https://www.youtube.com/watch?v=HFybnr4CStI,
тцк,2026-02-11T08:30:18Z,1.32,"ТЦК все понимают, по всё равно пихают в машину!",Правовое Государство,https://www.youtube.com/watch?v=Zjr5Eseor9E,
тцк,2026-02-11T08:02:22Z,0.18,ТЦК знайшли Васю #тцк #бусифікація #україна #shorts  #смішне #ржака #гумор #вірусне #війна #новини,Quickly,https://www.youtube.com/watch?v=tFhsctSKQc0,
тцк,2026-02-11T07:59:46Z,0.18,Не пройшов ВЛК #тцк #бусифікація #україна #вірусне #смішне #залетить #гумор #ржака,1 КГ,https://www.youtube.com/watch?v=w8hrfxMKPnU,
тцк,2026-02-11T08:00:23Z,0.47,🤯Давайте сюда быстрее! Мы его держим! Днепр ТЦК,Пильний Дніпрянин,https://www.youtube.com/watch?v=DKXMHL9wYFE,Давайте сюда быстрее! Мы его держим! Днепр ТЦК Лубінець завтра буде співати що так не можна робити) Треба ж за ...
тцк,2026-02-11T08:00:25Z,1.15,"Оновив дані в ТЦК, але у розшуку: що вирішив суд #shorts",Мережа права | Права військових,https://www.youtube.com/watch?v=QiVqLFWU79k,мережаправа #ТЦК #військовийоблік #оновленняданих Залишити заявку на БЕЗКОШТОВНУ консультацію: ...
тцк,2026-02-11T07:05:57Z,0.25,Как нужно открывать мусорские двери! #рекомендации #рекомендації #рек #мвс #тцк #україна #live #life,Krivbass UA,https://www.youtube.com/watch?v=6XeHJM0bWEE,
тцк,2026-02-11T07:00:03Z,1.02,У Дніпрі На Клочко ТЦК &quot;ПАКУЮТЬ&quot; ЧОЛОВІКА!,Пильний Дніпрянин,https://www.youtube.com/watch?v=4tzMXWS_iaU,"У Дніпрі На Клочко ТЦК ""ПАКУЮТЬ"" ЧОЛОВІКА! Люди намагаються допомогти чоловіку. Люди проти таких методів ..."
тцк,2026-02-11T07:00:06Z,0.55,БУСИФІКАЦІЯ БУДЕ ДО КІНЦЯ ВІЙНИ #тцк #бусифікація #україна,РЕПОРТАЖ,https://www.youtube.com/watch?v=7rVNXlENjZw,тцк #бусифікація #україна.
тцк,2026-02-11T06:45:30Z,1.75,ТЦК не мають права затримувати громадян - Дмитро Лубінець,Amazing Ukraine News,https://www.youtube.com/watch?v=xSX0Id5uPaY,"Уповноважений ВРУ з прав людини Дмитро Лубінець, під час виступу наголосив що представники ТЦК та СП не маю права ..."
тцк,2026-02-11T06:13:23Z,0.35,ТЦК на Дарницькому мосту місто Київ,Київ VS,https://www.youtube.com/watch?v=IoZtzqI85Cg,
тцк,2026-02-11T06:00:11Z,14.93,❗️ВЛАДА ЗНИЖУЄ МОБІЛІЗАЦІЙНИЙ ВІК! ВИРОК ТЦК ЗА ВБИВСТВО. Ухилянтам вже БЛОКУЮТЬ РАХУНКИ,СОЛОМКА,https://www.youtube.com/watch?v=DIjUKJGc-OE,"Заяви про «півтора року мобілізаційного ресурсу», легалізація бусифікації, ідеї арештів рахунків і заборон на виїзд з 18 ..."
тцк,2026-02-11T05:45:01Z,4.72,Суд назважди скасував псевдо розшук ТЦК?,Адвокат Ірина Приліпко,https://www.youtube.com/watch?v=-S9knqywyv4,Онлайн запис на консультацію https://law-office-of-iryna-prylipko.easyweek.com.ua Телефон для отримання послуг +38 068 ...
тцк беспредел,2026-02-11T05:31:27Z,10.28,Одесса -Штурм города! Все в ужасе! Толпы ТЦК заехали и штурмуют город! Беспредел ТЦК!,NEMO,https://www.youtube.com/watch?v=gTW_lbgoJbg,
тцк,2026-02-11T05:29:48Z,0.27,ЗСУ на Покровському напрямку #славазсу #film #news #зсу #разомдоперемоги #війна #тцк #мобілізація,ЗСУ 🇺🇦,https://www.youtube.com/watch?v=KjvaQlC0-qw,
тцк,2026-02-11T05:11:29Z,0.98,"Девушка призналась, что ее парень работает в ТЦК",Сергей Слободянюк - ужгородец,https://www.youtube.com/watch?v=LbpsARVE8jw,"Девушка призналась, что ее парень «работает в ТЦК». «Он забирает людей. Это нехорошо, я этим не горжусь… Хорошего ..."
тцк,2026-02-11T03:02:53Z,1.0,В Дніпрі ТЦК вбили батька 3 дітей. Чоловіка забили в бусі. Трьох військкомів взяли під варту ,Інсайдер,https://www.youtube.com/watch?v=wdTxzk8yBpk,тцк #мобілізація #ухилянти #зсу #дніпро.
тцк,2026-02-10T22:28:56Z,0.45,Сирський - ТЦК немають Альтернатив в Україні по Мобілізації ресурсу | 2026,ВИШНЕВЕ ,https://www.youtube.com/watch?v=iYyzrx7BhzY,Сирський - ТЦК немають Альтернатив в Україні по Мобілізації ресурсу Міський Медіаархів Вишневе Підписуйтесь на ...
тцк,2026-02-10T22:21:43Z,0.58,Вбитий працівниками ТЦК мав трьох дітей. Йому було 55 років | 2026,ВИШНЕВЕ ,https://www.youtube.com/watch?v=bZUUs_7zh5A,У суді Дніпра обрали запобіжні заходи двом співробітникам територіального центру комплектування та соціальної ...
тцк,2026-02-10T22:18:14Z,1.7,Полиция начала войну против ТЦК,Слово за Тарасом,https://www.youtube.com/watch?v=l_t1iLj3guI,Полиция начала войну против ТЦК.
тцк,2026-02-10T22:08:20Z,1.05,ТЦК - це БІЗНЕС💰,Голос Сумління,https://www.youtube.com/watch?v=Xuh6b2Hries,Нічого особистого - це просто бізнес.
тцк,2026-02-10T22:01:41Z,2.77,Олексій Гончаренко про вбивства та катування в ТЦК. 10 лютого 2026 р.,Алгоритм,https://www.youtube.com/watch?v=GnzX-Zc4JWc,"Олексій Гончаренко про вбивства та катування громадян працівниками Оргагізованої Злочинної Групи (ОЗГ) ""ТЦК"". Виступ ..."
тцк,2026-02-10T21:50:09Z,3.07,Анна Скороход про поліцейську державу та тцк. 10 лютого 2026 р.,Алгоритм,https://www.youtube.com/watch?v=iagog1LnCAs,
тцк,2026-02-10T20:44:37Z,0.43,Захист од ТЦК #зсу #київ #топ #україна #новини #киев #війна #львів #дніпро #харьков #одесса #тцк,Юрист В. Бондаренко,https://www.youtube.com/watch?v=CRfYj-xlU-o,
тцк,2026-02-10T20:04:20Z,0.28,"Воювати набагато легше, ніж працювати в ТЦК.",Pushok,https://www.youtube.com/watch?v=TS-Z0dKkIus,"Воювати набагато легше, ніж працювати в ТЦК. Це дуже тяжка робота, — голова Пологівського Центру комплектування ..."
тцк,2026-02-10T19:53:12Z,0.22,10 02 26  Подільськ Харе Крішна! Облава ТЦК на окрузі&quot;піклуна Гончаренко,Репресований корупцією !,https://www.youtube.com/watch?v=zieTqUd2Gb0,
тцк,2026-02-10T19:49:52Z,0.78,тцк в рамках &quot;закона&quot;,Голос_україни,https://www.youtube.com/watch?v=S0QXv2f0-sg,тцк #тцктасп #тцксп #новини #війна #зсу #новости #війна_в_україні #война #всу #news.
тцк беспредел,2026-02-10T19:45:16Z,0.7,ПАЛКОЙ МУСОРУ ПО Е.АЛУ  #тцк #зрадник #police #prank #prankvideo  #беспредел #полиция,Одесский Моряк,https://www.youtube.com/watch?v=-qoP1L5KweE,Почта: odesskymoryak@gmail.com Telegram: https://t.me/OdesskyMoryak ❗❗❗ ВНИМАНИЕ ❗❗❗ Контент размещенный ...
тцк,2026-02-10T19:43:43Z,0.93,Білецький про ТЦК і їх методи,ГУЧНІ ЗАЯВИ,https://www.youtube.com/watch?v=ii5gOCGWc_c,
тцк,2026-02-10T19:29:41Z,0.75,ПРАВА В ТЦК - Уповноважений #тцк #закон #ПраваГромадян#ПраваВТЦК#Уповноважений,Гарант | Новини,https://www.youtube.com/watch?v=QhclNQztreg,"Це відео корисне кожному, хто має справу з ТЦК або хоче знати свої права відео отримано із ютуб каналу Алексея ..."
тцк,2026-02-10T19:00:35Z,1.3,Диверсия против Украины: как ТЦК подрывают обороноспособность,Наташа Ревская-РЕВСОВЕТ,https://www.youtube.com/watch?v=V27awK0i2Q8,"Действия ТЦК сегодня всё чаще называют не ошибкой и не перегибами, а прямой диверсией против Украины. Насилие по ..."
тцк,2026-02-10T18:26:53Z,0.45,Що зараз твориться на вулиці #мобілізація #тцк #адвокатнеклеса #неклеса,Адвокат Неклеса,https://www.youtube.com/watch?v=97kVEQF61H4,
тцк беспредел,2026-02-10T18:16:59Z,4.55,"Військові ТЦК вже під вартою: нова смерть через «бусифікацію»? Деталі, свідчення та відео з місця",Радіо Свобода Україна,https://www.youtube.com/watch?v=KtPQ2g7k-6c,У 2025 році уповноважений з прав людини Дмитро Лубінець отримав від українців 6 тисяч 127 скарг на ТЦК. Про це він сам ...
тцк,2026-02-10T18:07:01Z,0.33,Працівникам ТЦК великий привіт.,Виталя Pro,https://www.youtube.com/watch?v=tQCDgZh27ag,
тцк,2026-02-10T18:04:45Z,0.33,Працівникам ТЦК великий привіт.,Виталя Pro,https://www.youtube.com/watch?v=zA_0JZohmBE,
тцк,2026-02-10T18:00:36Z,0.17,#зсу #новини #україна #тцк #гумор #military,НейроТрэш,https://www.youtube.com/watch?v=R5JvxxzN7IA,Відео створено з використанням штучного інтелекту на основі оригінального сценарію автора. Матеріал має виключно ...
тцк,2026-02-10T17:49:46Z,5.2,Копурційний скандал в чернівецькому ТЦК! Гроші для них не пахнуть?,Денис Галандзовський Новини Світу,https://www.youtube.com/watch?v=JnbuBRGVFiY,Робота для будівельників в Польщі та Бельгії! Заповни заявку і менеджер надасть всі деталі ...
тцк,2026-02-10T17:40:01Z,1.75,ТЦК или человек - кого защищает суд,Адвокат Олег Лукьянчиков,https://www.youtube.com/watch?v=TGTutJPfDjc,ТЦК или человек - кого защищает суд. ☎️0️⃣6️⃣6️⃣5️⃣5️⃣5️⃣1️⃣0️⃣2️⃣0️⃣   адвокат консультация ...
тцк,2026-02-10T17:38:29Z,1.47,ТЦК не может задерживать,Адвокат Олег Лукьянчиков,https://www.youtube.com/watch?v=50p9B_mmmkY,ТЦК не может задерживать. ☎️0️⃣6️⃣6️⃣5️⃣5️⃣5️⃣1️⃣0️⃣2️⃣0️⃣   адвокат консультация тцк.
тцк,2026-02-10T17:38:27Z,1.87,"ТЦК, где бодикамеры? ☎️0️⃣6️⃣6️⃣5️⃣5️⃣5️⃣1️⃣0️⃣2️⃣0️⃣👈 адвокат консультация тцк",Адвокат Олег Лукьянчиков,https://www.youtube.com/watch?v=b9Vbh_aAH3Q,"ТЦК, где бодикамеры? ☎️0️⃣6️⃣6️⃣5️⃣5️⃣5️⃣1️⃣0️⃣2️⃣0️⃣   адвокат консультация тцк."
тцк,2026-02-10T17:38:30Z,1.22,ТЦК нарушают и не отвечают,Адвокат Олег Лукьянчиков,https://www.youtube.com/watch?v=IJhKUL0tM68,ТЦК нарушают и не отвечают. ☎️0️⃣6️⃣6️⃣5️⃣5️⃣5️⃣1️⃣0️⃣2️⃣0️⃣   адвокат консультация тцк.
тцк,2026-02-10T17:38:34Z,0.98,ТЦК - количество жалоб выросло за время мобилизации в Украине,Адвокат Олег Лукьянчиков,https://www.youtube.com/watch?v=GhTq1IYIFDc,ТЦК - количество жалоб выросло за время мобилизации в Украине.
тцк,2026-02-10T17:38:47Z,0.85,ТЦК не может носить балаклавы,Адвокат Олег Лукьянчиков,https://www.youtube.com/watch?v=lXSIfzngxQA,ТЦК не может носить балаклавы. ☎️0️⃣6️⃣6️⃣5️⃣5️⃣5️⃣1️⃣0️⃣2️⃣0️⃣   адвокат консультация тцк.
тцк,2026-02-10T17:28:08Z,0.23,#politics #politicalnews #политика #политикасегодняроссиясшаукраина #политикатаро #політика #тцк #ос,tiharam,https://www.youtube.com/watch?v=SnnupFuZW0s,
тцк,2026-02-10T17:07:17Z,0.43,Поважайте ТЦК 🤣🤣🤣 #yarchik #ярчік #тцк #гумор #жарти #ярчик #україна #shorts #shortvideo #short,Yarchik,https://www.youtube.com/watch?v=nJSX3GXClJs,
тцк,2026-02-10T17:00:05Z,0.6,Кровь на улицах: кто ответит за убийства ТЦК,Наташа Ревская-РЕВСОВЕТ,https://www.youtube.com/watch?v=31Vl_dHOi64,"Убийство в Днепре стало не трагической случайностью, а символом того, к чему привела нынешняя система мобилизации."
тцк,2026-02-10T17:00:09Z,13.43,😱 НАПАД на військових ТЦК | Суддя ЗБИЛА ДИТИНУ | Програма енергонезалежності СВІТЛОДІМ,TPK MAPT,https://www.youtube.com/watch?v=7je03ABPKoc,"У Кривому Розі сталася ДТП за участі судді районного суду, у Черкасах затримали чоловіка за напад на ..."
тцк,2026-02-10T16:59:06Z,2.32,Перетин державного кордону #мобілізація #виїздзакордон #тцк #адвокатнеклеса #неклеса,Адвокат Неклеса,https://www.youtube.com/watch?v=i2HsoLgZZL8,
тцк,2026-02-10T16:47:40Z,2.83,Військові про ТЦК у 2026 #мобілізація #тцк #зсу #адвокатнеклеса #неклеса,Адвокат Неклеса,https://www.youtube.com/watch?v=lNINKjRqXfY,
тцк,2026-02-10T16:04:12Z,0.7,💣 Кинув БОЄПРИПАС по патрулю ТЦК у Черкасах,TPK MAPT,https://www.youtube.com/watch?v=HtpHRMwzD2k,
тцк,2026-02-10T16:00:20Z,10.27,"Началось. ТЦК перешли черту — Зеленский молчит, страну трясёт",Наташа Ревская-РЕВСОВЕТ,https://www.youtube.com/watch?v=6otxb__QjOE,"Пока официальные сводки говорят об «усилении позиций», на улицах украинских городов происходит нечто куда более ..."
тцк,2026-02-10T15:50:51Z,8.32,Новая вводная для ТЦК: как раньше уже не будет,Морской юрист Николай Гольбин,https://www.youtube.com/watch?v=l7svMUBl9qY,Подписывайтесь на телеграм канал https://t.me/NikolayGolbin ◇ Очередные новшества от ТЦК и для ТЦК. Что с этим ...
тцк,2026-02-10T15:43:42Z,0.9,Навіщо викликав поліцію? #мобілізація #тцк #відстрочка #адвокатнеклеса #неклеса,Адвокат Неклеса,https://www.youtube.com/watch?v=0X7l9p9c7Cs,
тцк беспредел,2026-02-10T15:39:47Z,1.08,МЕТОДЫ ГЕСТАПО В ТЦК? ⛓️ ЗА БЕСПРЕДЕЛ ПРИДЕТСЯ ОТВЕЧАТЬ В ТЮРЬМЕ! ⚖️,Michael Woke - inside,https://www.youtube.com/watch?v=b1syyNWWCBI,"Самая острая аналитика и инсайды, которые боится озвучивать телемарафон, — в моем Telegram-канале: ..."
тцк,2026-02-10T15:37:44Z,0.35,ТЦК Бусик #twitch #dyinglight #ТЦК #mm9ir,нарезки mm9ir ,https://www.youtube.com/watch?v=TE3brifQtn0,
тцк беспредел,2026-02-10T15:37:37Z,7.43,❗️ НЕЗАКОННЕ ЗАТРИМАННЯ ТЦК! Адвокат про КРИЧУЩІ ВИПАДКИ порушення прав,Апостроф TV,https://www.youtube.com/watch?v=GL5G4DMRmz8,"В етері: Євген Филипець, адвокат Омбудсмен Дмитро Лубінець заявив, що ТЦК не мають повноважень затримувати чи ..."
тцк,2026-02-10T15:39:02Z,0.62,ПРАЦІВНИКИ ТЦК ЗАБИЛИ ДО СМЕРТІ 55-РІЧНОГО ЧОЛОВІКА У ДНІПРІ,КИЇВ24 live,https://www.youtube.com/watch?v=CzYqRt6MxRE,Підписуйтесь на наш канал: https://www.youtube.com/channel/UCT8m5Ltxs5tkhRzvHeAPrtA?sub_confirmation=1 Головні ...
тцк,2026-02-10T15:21:11Z,0.43,Бліндаж із середини #зсу #тцк #влк #militaryukraine,NEWS IN UA / НОВИНИ В УКРАЇНІ,https://www.youtube.com/watch?v=xSt4pAYxdn4,ВІДЕО - .evgeniy101k ⬇ПІДПИСУЙТЕСЬ ДЛЯ БІЛЬШОГО⬇ https://www.youtube.com/channel/UCU2zzEc9xnLRGAIeNh7K2YQ ...
тцк,2026-02-10T15:15:24Z,1.4,КОНЕЦ БЫСТРОГО БРОНИРОВАНИЯ! ТЦК ЖДУТ У ПРОХОДНЫХ ⛓️ МОБИЛИЗАЦИЯ УКРАИНЦЕВ ЗА ГРАНИЦЕЙ,Michael Woke - inside,https://www.youtube.com/watch?v=CTA0GjtRFGc,"Все юридические тонкости, инсайды и документы, которые помогут вам защититься, я выложил в своем Telegram-канале: ..."
тцк,2026-02-10T15:11:02Z,0.23,Наступальна операція.Гуляйполе. #новини #зсу #новиниукраїни #мобілізація #політика #тцк #тсн,НОВИННИЙ РАДАР. НОВИНИ УКРАЇНИ ТА СВІТУ,https://www.youtube.com/watch?v=ohbH_XznvMY,Більше інформації в нашому телеграм-каналі. Підтримайте ПІДПИСКОЮ.
тцк,2026-02-10T15:10:05Z,1.27,Безумство ТЦК!,Інша правда,https://www.youtube.com/watch?v=VhfmqM5uXCM,"Люди гинуть під час полювання ТЦК, командування ВСУ та Зеленський мовчать!"
тцк,2026-02-10T15:04:57Z,10.2,Вся правда о ТЦК,Адвокат Олег Лукьянчиков,https://www.youtube.com/watch?v=x3NrKgeY7eU,Мой Telegram канал: https://t.me/Oleg_legalist/6947 Стать спонсором канала: ...
тцк,2026-02-10T15:01:47Z,0.12,В Офісі президента виправдали ТЦК: «Без них фронт був би по Дніпру» #ТЦК #Війна #Україна #Новини,Публіцист,https://www.youtube.com/watch?v=zi5KcMJRjtQ,"Заступник керівника Офісу президента Павло Паліса заявив, що проблема мобілізації полягає не у самій системі, а в її ..."
тцк,2026-02-10T15:01:44Z,0.5,15 млн за бійця | 7 років для ТЦК #shorts #новини,Новини 1+2,https://www.youtube.com/watch?v=xr0ne1KGo_Q,"15 млн за бійця | 7 років для ТЦК Тепер сімʼя повернутого з полону бійця повинна віддати державі назад 15 млн грн виплат, ..."
тцк,2026-02-10T15:01:43Z,0.13,ТЦК схопили чоловіка #тцк #новини #україна #зсу #ухилянти,НейроТрэш,https://www.youtube.com/watch?v=vJES7XyQYag,Відео створено з використанням штучного інтелекту на основі оригінального сценарію автора. Матеріал має виключно ...
тцк,2026-02-10T14:59:30Z,2.58,Проблеми бронювання. Як захиститися #мобілізація #тцк #адвокатнеклеса #неклеса #відстрочка #влк,Адвокат Неклеса,https://www.youtube.com/watch?v=lzyOi5BdlxE,
тцк,2026-02-10T15:00:08Z,1.57,25 000 за свободу: как ТЦК превратились в систему страха,Наташа Ревская-РЕВСОВЕТ,https://www.youtube.com/watch?v=4wS6tzqqQg8,"То, что сегодня называют мобилизацией, всё больше выглядит как отлаженный механизм запугивания и заработка."
тцк,2026-02-10T15:00:35Z,0.32,ЗУПИНИВ Я ТЦК?! ПОВІСТКУ ПОШТОЮ МЕНІ?! ✉️,Legal Land,https://www.youtube.com/watch?v=HTBzuxB6uZg,тцк поліція незаконне затримання право на зйомку розшук ухилянтів незаконна мобілізація 1 факт = 1 норма: Вручення ...
тцк,2026-02-10T14:55:43Z,1.32,"ТЦК з Вараша затримали волонтера в розшуку не був, який віз авто на ремонт військовим",Кузнецовськ,https://www.youtube.com/watch?v=Tvbs6H8JEBQ,"ТЦК з Вараша затримали волонтера в розшуку не був, який віз авто на ремонт військовим. Пропонували домовитись з ..."
тцк,2026-02-10T14:49:03Z,0.22,"ТЦК на дороге останавливают машины, Киев",Arani,https://www.youtube.com/watch?v=hLNu-Bt5QZ4,"7 ТЦКшников. Выборочно тормозили автомобили и проверяли документы, но никого при мне не заловили. С ними было 2 ..."
тцк,2026-02-10T14:47:12Z,0.58,#тцк #новини,Посилання на повне відео в описі профілю,https://www.youtube.com/watch?v=y0cu9HQnjvY,
тцк,2026-02-10T14:47:12Z,8.15,"Рабства немає і безкорисні, святі ТЦК.",Не святий Українець.,https://www.youtube.com/watch?v=OF48wpz5-io,"В зв'язку з тим що мій канал на ютубі періодично блокують на дві неділі, підписуйтесь на телеграм https://t.me/medoid55, ..."
тцк,2026-02-10T14:47:26Z,0.57,ПРОСТО СЕРЕД БІЛОГО ДНЯ!😱 Конфлікт із ТЦК закінчився ВИБУХОМ — перші деталі,Телеканал Конкурент Україна,https://www.youtube.com/watch?v=hXUGuFzuNLc,У Черкасах під час заходів з оповіщення стався гучний інцидент із військовими та поліцією. Чоловік відмовився показувати ...
тцк,2026-02-10T14:47:36Z,0.17,Задумувались? #yarchik #ярчік #гумор #жарти #тцк #поліція #мобілізація #україна #shorts #shortvideo,Yarchik,https://www.youtube.com/watch?v=sjaH7_-B15Q,
тцк,2026-02-10T14:42:28Z,1.33,ТЦК бусифікували волонтера,Віталій Українець,https://www.youtube.com/watch?v=u9Ggb_405ko,
тцк,2026-02-10T14:37:51Z,1.77,Систему ТЦК треба негайно розпустити!,Європейська Солідарність - Одеська область,https://www.youtube.com/watch?v=Wwdnx_INm5o,"Є проста математична закономірність: чим більше бусифікації, тим більше СЗЧ #олексійгончаренко #рекомендации ..."
тцк,2026-02-10T14:23:14Z,0.85,Доповідь про &quot;найгірші&quot; тцк. #тцк #мобілізація #новини #важливо #врекомендації,Україна Онлайн,https://www.youtube.com/watch?v=dwhN92j34rA,
тцк беспредел,2026-02-10T14:21:00Z,11.22,10 февраля ДНЕПР🔥 БЕСПРЕДЕЛ ТЦК🔥 ЗЕЛЕНСКИЙ ЗАЯВИЛ - &quot;РАБСТВА НЕТ &quot;🔥ТЦК ИДУТ ПО ДОМАМ🔥,dmpro,https://www.youtube.com/watch?v=0cTOri3vsAA,ВСЕМ ПРИВЕТ ДРУЗЬЯ ПОДДЕРЖКА КАНАЛА КАРТА 4400 0055 5351 9510 грн 4323 3473 5341 0514 дол ...
тцк,2026-02-10T14:20:14Z,4.52,⭕ВБИВСТВО 55-річного чоловіка в ТЦК: підозрюваним обрали запобіжний захід!,КИЇВ24 | Телеканал Київ  ,https://www.youtube.com/watch?v=P6vpB0towzc,У суді Дніпра обрали запобіжні заходи двом співробітникам територіального центру комплектування та соціальної ...
тцк,2026-02-10T14:00:39Z,0.58,М€нты и ТЦК пробили колесо мужчине,Правовое Государство,https://www.youtube.com/watch?v=KmHONv7FR3U,Авторы категорически осуждают любое нарушение законов Украины и прав человека. А также выступают против призывов ...
тцк,2026-02-10T13:56:10Z,0.55,Співробітник ТЦК вирвав сумку у жінки в Одесі, KHVL INFO,https://www.youtube.com/watch?v=njeBXj7B24c,Співробітник ТЦК вирвав сумку у жінки в Одесі.
тцк,2026-02-10T13:54:04Z,6.1,АРЕСТ ТЦК 😱 и ПОВЫШЕНИЕ до 4 РАНГА | ПУТЬ В СБУ #3 - UA ONLINE,Maxim Larionov,https://www.youtube.com/watch?v=yWtb9EmSEBs,Скачать UA ONLINE ГТА УКРАЇНА! ✨https://ua-online.games/?ref=larik Играю на 04 сервере Промокод: #larik даст ...
тцк,2026-02-10T13:51:48Z,3.6,Власть превратила ТЦК в гестапо,VVV VVV,https://www.youtube.com/watch?v=PwSUnaNg8lw,"Власть превратила ТЦК в гестапо. Это организованные преступные группировки. Большинство из них сядут после войны, ..."
тцк,2026-02-10T13:50:12Z,0.3,ТЦК воруют энергетиков в Одессе,Слово за Тарасом,https://www.youtube.com/watch?v=-iKeYVN30OY,ТЦК воруют энергетиков в Одессе.
тцк,2026-02-10T13:49:10Z,0.1,«Ми не били»: заява працівника ТЦК після смерті чоловіка в Дніпрі,OXI NEWS,https://www.youtube.com/watch?v=vOlmJvJhxyU,"Один із працівників ТЦК, якого підозрюють у причетності до смерті жителя Дніпра, заявив, що військові нібито знайшли ..."
тцк,2026-02-10T13:46:14Z,0.9,Власть превратила ТЦК в гестапо,VVV VVV,https://www.youtube.com/watch?v=b_BauvQsPOw,"Власть превратила ТЦК в гестапо. Это организованные преступные группировки. Большинство из них сядут после войны, ..."
тцк,2026-02-10T13:32:41Z,1.32,Чи підтримують одесити методи роботи ТЦК?,DumskayaTV,https://www.youtube.com/watch?v=-bahxd0Onao,
тцк,2026-02-10T13:23:54Z,10.15,ТЦК просто ВЫНУЖДЕНЫ заниматься БУСИФИКАЦИЕЙ,НЕ правовое государство,https://www.youtube.com/watch?v=6ZC-G9qdTfI,Стать спонсором канала - https://www.youtube.com/channel/UCp7HWABmkkNM960mu6SlWSA/join ...
тцк,2026-02-10T13:22:24Z,3.48,Звернення бійця ЗСУ до piderasiv в тцк і мвс!!!,ВОЛОНТЕР,https://www.youtube.com/watch?v=zuPR0BM1nb8,
тцк,2026-02-10T13:14:02Z,0.18,Что думают военные о ТЦК?! #рекомендации #рекомендації #україна #рек #тцк #life #live #зеленський,Krivbass UA,https://www.youtube.com/watch?v=6bKUjcG7YHc,
тцк,2026-02-10T13:14:30Z,7.47,БЕЛЕЦКИЙ ЗА БУСИФИКАЦИЮ?🤔 КТО УДАЛЯЕТ ЗАПИСИ ПРЕСТУПЛЕНИЙ ТЦК?🤫,ВЫЖИТЬ В УКРАИНЕ ,https://www.youtube.com/watch?v=jPQabfbTJQk,ИНДУЛЬГЕНЦИЯ НА БЕЗЗАКОНИЕ ТЦК   ПРАВДА ОТ ВЕТЕРАНА АЙДАР ...
тцк,2026-02-10T13:14:26Z,0.82,"Військовослужбовці ТЦК, за даними слідства, могли бути причетні до смерті 55-річного чоловіка",PTRK – новини Павлограда,https://www.youtube.com/watch?v=mjMnHF2KB0E,
тцк,2026-02-10T13:11:54Z,0.37,Вбивство військового ТЦК  #трукраймукраїнською #новини,Чи боїшся ти темряви? Трукрайм,https://www.youtube.com/watch?v=JbPxgi7W5rQ,Повний випуск про кримінальні історії Пирятина вже на каналі.
тцк,2026-02-10T12:14:22Z,1.25,РАБСТВО ОТМЕНИЛИ!!!🇺🇦 ТЦК ЗАПРЕТИЛИ САМОДЕЯТЕЛЬНОСТЬ ☝️#україна #війнавукраїні #тцк #новости,LISOVSKIY_NEWS,https://www.youtube.com/watch?v=pEsnqvnaRUE,
тцк,2026-02-10T12:01:59Z,11.15,ПОЧАЛОСЯ! Мобілізація 55 +! ТЦК забили до смерті чоловіка 55 років!,Віталій Українець,https://www.youtube.com/watch?v=Yn9F_vUIJYo,ПОЧАЛОСЯ! Мобілізація 55 +! ТЦК забили до смерті чоловіка 55 років! ПОЧАЛОСЯ? Посилення МОБІЛІЗАЦІЇ Розпочато!
тцк,2026-02-10T12:00:28Z,1.68,ЕЛИСЕВИЧ: «Очень много столкновений с ТЦК! Люди дают жесткий отпор!»,Yelisevych TV,https://www.youtube.com/watch?v=BAtIkJXt5V8,"Остановить произвол ТЦК нереально, система прогнила насквозь!» — такой вердикт выносит Денис ЕЛИСЕВИЧ в новом ..."
тцк,2026-02-10T11:45:00Z,8.57,Кошмар в Одесі! Військовий ТЦК пограбував бабусю за проросійські погляди?! Гляньте що БУЛО ДАЛІ,PTV UA,https://www.youtube.com/watch?v=5h5HNg7u-ak,Працівник ТЦК пограбував пенсіонерку Стань нашим спонсором на YouTube: ...
тцк,2026-02-10T11:42:32Z,0.6,Чи зловживає ТЦК своїми повноваженнями?,Інсайдер ЗСУ,https://www.youtube.com/watch?v=jhamHvGfCnc,
тцк,2026-02-10T11:39:46Z,4.2,ТЦК - це ІПСО чи ні?,Доста  Павлов Павло,https://www.youtube.com/watch?v=J06Ngyn3nus,
тцк,2026-02-10T11:16:52Z,0.45,🔥 Суд дав 7 років: ТЦК працівнику за розбій у Одесі,ШОБ ШО?,https://www.youtube.com/watch?v=43AR4sZ1pVQ,"В Одесі суд ухвалив вирок - 7 років вʼязниці для співробітника ТЦК. Його визнали винним у розбої, поєднаному з ..."
тцк,2026-02-10T11:15:34Z,1.98,ТЦК це злочинна організація!,Pravda-UА🇺🇦,https://www.youtube.com/watch?v=JpHWdBSrTyE,"У суботу, 7 лютого, правоохоронці затримали трьох військових ТЦК, які до смерті побили чоловіка у Дніпропетровській ..."
тцк,2026-02-10T11:13:46Z,8.4,ТЦК скоро прикриють❗ Є багато сигналів які це підтверджують ❗,Volya-Freedom ,https://www.youtube.com/watch?v=w6iLDg_LIO0,"На виживання, лікування і підтримку ,хто має бажання ось банка буду дуже вдячний ..."
тцк,2026-02-10T10:48:52Z,6.57,ШОК! Працівники ТЦК прийдуть за кожним? чому немає жодної реакції влади?,Денис Галандзовський Новини Світу,https://www.youtube.com/watch?v=qEws1SMqeSM,Робота для будівельників в Польщі та Бельгії! Заповни заявку і менеджер надасть всі деталі ...
тцк беспредел,2026-02-10T10:41:06Z,0.52,МУСОРСКИЕ ЛЮДОЛОВЫ ПРОДОЛЖАЮТ тотальный БЕСПРЕДЕЛ  #тцк #беспредел #зсу #police #prank #prankvideo,Одесский Моряк,https://www.youtube.com/watch?v=uaFMOfQU4u0,Почта: odesskymoryak@gmail.com Telegram: https://t.me/OdesskyMoryak ❗❗❗ ВНИМАНИЕ ❗❗❗ Контент размещенный ...
тцк,2026-02-10T10:42:14Z,1.65,ТЦКшнику НАБИЛИ ЕБ.ЛЬНИК #тцк #police #prank,Одесский Моряк live,https://www.youtube.com/watch?v=f3IgjYTnfss,Почта: odesskymoryak@gmail.com Telegram: https://t.me/OdesskyMoryak #одесскийморяк #коррупция #общение #диалог ...
тцк,2026-02-10T10:30:11Z,0.17,Коли позаду руїни — вони йдуть уперед #зсу #тцк #новини #україна #ухилянти #війнавукраїні,НейроТрэш,https://www.youtube.com/watch?v=Hap8lCp0qA8,Розбиті багатоповерхівки. Дим у повітрі. Четверо бійців ЗСУ виходять із укриття та йдуть уперед. Без страху. Без пауз.
тцк,2026-02-10T10:20:00Z,13.87,‼️&quot;Дайте сказати!&quot; Євген Дикий зірвався на питаннях про ТЦК та мобілізацію,Апостроф TV,https://www.youtube.com/watch?v=Sf7xmrKY0zE,"В ефірі: Євген Дикий, ветеран російсько-української війни, колишній командир роти батальйону Айдар Чи має право ТЦК ..."
тцк,2026-02-10T10:16:19Z,0.58,Шокуюча статистика порушень ТЦК,TCP Ukraine,https://www.youtube.com/watch?v=QOGMS-AOAt4,Омбудсман Дмитро Лубінець оприлюднив приголомшливу статистику: кількість скарг на дії ТЦК зросла в сотні разів ...
тцк,2026-02-10T10:04:34Z,0.98,#тцк #новини,Посилання на повне відео в описі профілю,https://www.youtube.com/watch?v=Zva0fJSAE2M,
тцк,2026-02-10T10:03:57Z,9.13,ТЦК в Балаклаві підстава для звільнення з ЗСУ,Адвокат Ігор Липявка,https://www.youtube.com/watch?v=kZQ5KGcSUaU,Сайт: advocate-bureau.com.ua Телеграм канал: https://t.me/advocate_Igor_Lypiavka ✓ ПІДТРИМКА КАНАЛА - ⚡️mono 4441 ...
тцк,2026-02-10T10:01:00Z,0.17,Нарешті не буде відключення світла #україна #новини #коміки #ржакадосліз #гумор #тцк,AI Gone Crazy,https://www.youtube.com/watch?v=XK9Bg7qz2sg,Відео створено з використанням штучного інтелекту на основі оригінального сценарію автора. Матеріал має виключно ...
тцк,2026-02-10T10:00:58Z,1.55,Полиция умоляет проехать в ТЦК,Правовое Государство,https://www.youtube.com/watch?v=eyKmYpN08xw,Авторы категорически осуждают любое нарушение законов Украины и прав человека. А также выступают против призывов ...
тцк,2026-02-10T10:01:51Z,0.73,ТЦК на украине #новости #украина,ИнфоДозор. Обзоры и Аналитика,https://www.youtube.com/watch?v=h6xGQt2Ni_E,
тцк,2026-02-10T10:00:09Z,5.87,ТАМИР ШЕЙХ НАРОДНАЯ В0ЙНА ПРОТИВ ТЦК РАСШИРЯЕТСЯ,Svod Front,https://www.youtube.com/watch?v=5H77RVoF2Dg,Свежая сводка с фронта. Покровск. Запорожье. Потери. Зеленский. Путин. Трамп. Юрий Подоляка. Михаил Онуфриенко.
тцк,2026-02-10T10:00:28Z,1.63,Ось що робить ТЦК Разумков депутатам розплющив очі,FEMIDA NEWS,https://www.youtube.com/watch?v=HsJrWUvgNRU,Правова допомога в Україні https://femida.kiev.ua Ось що робить ТЦК Разумков депутатам розплющив очі Наш канал ...
тцк,2026-02-10T09:49:12Z,3.0,1 ПИТАННЯ — 3 ХВИЛИНИЩо має змінитися з ТЦК і  чому це більше неможливо терпіти?,Світ Очима Пастора,https://www.youtube.com/watch?v=nM-32-HAva0,
тцк,2026-02-10T09:33:01Z,0.27,Доброго ранку. ТАКСІ ІХАЛО - ВОДІЯ ЗАБРАЛО ТЦК. ПАСАЖИРІ БЕЗ ГРОШЕЙ 💰💸 #українці #я #україна #тцк,Моє життя в Україні ,https://www.youtube.com/watch?v=OP3O8Xiam2c,Україна #київ #киев #вукраине #вкиеве #правда #правдапровійну #військові #війнавукраїні #війна.
тцк,2026-02-10T09:11:57Z,1.75,Лубінець про ТЦК  #news #життя,ForPost24,https://www.youtube.com/watch?v=HHGatIWvCbc,"У цьому відео ми обговорюємо важливі аспекти щодо повноважень ТЦК в ukraine. Ми наголошуємо, що будь-яке обмеження ..."
тцк,2026-02-10T09:09:48Z,1.13,Суд над ТЦК-шниками: полный разбор дела и видео доказательства,Alex Ratinsky,https://www.youtube.com/watch?v=TdsqsqXBo0g,"В этом видео рассказываем о судебном процессе над ТЦК-шниками, которые жестоко избили человека. Их версии ..."
тцк,2026-02-10T09:02:36Z,0.18,"Віталіка нема, але є Федір #тцк #бусифікація #україна #війна #новини #гумор #вірусне #смішне",Quickly,https://www.youtube.com/watch?v=ZWZ7GyBMmkk,
тцк,2026-02-10T09:00:30Z,1.48,Полиция нашла розыск в ТЦК,Правовое Государство,https://www.youtube.com/watch?v=HGiQYM4Khag,Авторы категорически осуждают любое нарушение законов Украины и прав человека. А также выступают против призывов ...
тцк,2026-02-10T08:43:39Z,0.63,Почему Я не воюю за Родину? #украина #тцк #Россия #Донбасс #войнавукраине #сво,Михаил Исследователь,https://www.youtube.com/watch?v=4uI0jfaZyAo,
тцк,2026-02-10T08:35:00Z,0.88,Судять трьох працівників ТЦК за нанесення смертельних ударів цивільному чоловіку!,𝗔𝗡𝗗𝗥𝗜𝗜 𝗢𝗦𝗧𝗔𝗡𝗗,https://www.youtube.com/watch?v=QcZe7KBgh8w,"Суд над ТЦК за вбивство Один з працівників ТЦК, якого підозрюють у побитті до смерті дніпрянина заявив, що вони ..."
тцк,2026-02-10T08:22:02Z,0.23,#база #войнавукраине #тцк,LIFE CHANGE,https://www.youtube.com/watch?v=8Aa9JH3iNVI,
тцк,2026-02-10T08:05:24Z,0.9,#shrots #відеодня #україна #поліція #тцк,Тай таке😉,https://www.youtube.com/watch?v=3BEHaGL0W8g,
тцк,2026-02-10T08:02:50Z,2.92,Зросла кількість порушень прав людини з боку ТЦК,BOMB NEWS,https://www.youtube.com/watch?v=bcvORyNu52k,тцк #мобілізаціявукраїні #омбудсмен #новини #правалюдини #конституция.
тцк,2026-02-10T07:55:03Z,0.9,Єновина! Совісті в ТЦК немає версія розвалилась? #блог #влада #політика,Блог Разумовського,https://www.youtube.com/watch?v=aHQmJ1SLwvM,
тцк,2026-02-10T07:11:32Z,0.18,Собаки напали на ТЦК🫣,Творець ,https://www.youtube.com/watch?v=PtJdGX9zr_U,
тцк,2026-02-10T07:00:49Z,0.55,🔥ТЦК Ловлять Людей Замість Захисту Країни!,Пильний Дніпрянин,https://www.youtube.com/watch?v=oxMfEdRsQ5A,ТЦК Ловлять Людей Замість Захисту Країни! https://youtube.com/shorts/oxMfEdRsQ5A?feature=share Ставте пишіть ...
тцк,2026-02-10T06:59:06Z,0.18,Інвалідність #viral #ржакадосліз #бусифікація #відеодня #залетить #україна #гумор #поліція #тцк,CLIPPY WOW,https://www.youtube.com/watch?v=ImW-Y__QAIU,
тцк,2026-02-10T06:31:00Z,0.9,НЕУДАЧНЫЙ ДЕНЬ ДЛЯ ТЦК!!!,POLITYK UA,https://www.youtube.com/watch?v=3uFHVc9m2fc,
тцк,2026-02-10T05:38:45Z,5.45,Жінка до кінця захищає від ТЦК незнайомого чоловіка,vibroplus,https://www.youtube.com/watch?v=p_Sm5SH1olQ,"5351 1606 0041 6875 - підтримати автора донатом та його місії, всі стріми проводяться в Тік ток ..."
тцк,2026-02-10T05:30:25Z,11.37,ЦЕ ТРЕШ! ТЦК ЗНОВ ЗАЛАМУЮТЬ ЛЮДЕЙ! НОВІ ФАКТИ БУСИФІКАЦІЇ!,5 канал,https://www.youtube.com/watch?v=oNJko_aWibo,Патреон: https://patreon.com/projects5 Долучайтеся до збору на рації для ЗСУ: https://send.monobank.ua/jar/5AEPyNCvkG ...
тцк,2026-02-10T05:00:40Z,10.52,БАРАХОЛКА ТВ ПОЙМАЛО ТЦК. ОЛЕГ БУДЕТ ЗАЩИЩАТЬ РОДИНУ,Скрытая Камера,https://www.youtube.com/watch?v=WU0XLKBs-xM,В городе Днепр ТЦК задержало блогера Барахолка ТВ ВИДЕО НЕСЕТ РАЗВЛЕКАТЕЛЬНЫЙ ХАРАКТЕР ВСЕ ИМЕНА И ...
тцк,2026-02-10T02:54:56Z,7.25,история тцк и сп ...,николай анатольевич,https://www.youtube.com/watch?v=mZIAAk86DSI,
тцк,2026-02-09T23:57:09Z,3.25,09/02/2026 🔥 Дмитро Лубінець : Кількість скарг на ТЦК з початку повномасштабки зросла у 333 рази ,Slavko Koutchinsky,https://www.youtube.com/watch?v=oG_vwBbmZIc,09/02/2026. #УкраїнськаПравда #Лубінець : Кількість скарг на ТЦК з початку повномасштабного вторгнення зросла у 333 ...
тцк,2026-02-09T23:34:51Z,1.12,В Одесі ТЦК задули чоловіка. Але він пішов в сутичку і провів декілька потужних бокових ,Інсайдер,https://www.youtube.com/watch?v=2IZIhe53kic,мобілізація #тцк #ухилянти #зсу #одеса.
тцк,2026-02-09T22:29:41Z,0.38,Тцк відправляють на фронт? Ого,Варто знати ,https://www.youtube.com/watch?v=tWHqDDN-kC8,новини #новинионлайн #война #київ #тцк.
тцк,2026-02-09T22:14:48Z,0.15,купіть собі собаку і до тебе тцк не підійде #славазсу #animals #ржакадосліз #cute #разомдоперемоги,Денис Колісніченко Січень підпишись ,https://www.youtube.com/watch?v=FWUmcOe0DDs,
тцк,2026-02-09T21:51:47Z,0.9,Працівники ТЦК приховують свої обличчя під час мобілізаційних заходів.Це порушення законодавства#тцк,Vladyslav Lysiak ,https://www.youtube.com/watch?v=9wi_6Glc_xM,
тцк,2026-02-09T21:52:49Z,0.78,⚡Працівники ТЦК не мають права затримувати і утримувати Працівники #shorts #fyp #політика #україна,Лев Шульман,https://www.youtube.com/watch?v=om41JwFNY1g,Працівники ТЦК не мають права затримувати і утримувати Працівники ТЦК не мають права затримувати та утримувати ...
тцк,2026-02-09T21:39:49Z,3.38,"«Ці бідні ТЦК вимушені займатися «бусифікацією», їм нема куди подітися. ",Володимир Євменов ,https://www.youtube.com/watch?v=qBu-9t4l6N4,
тцк,2026-02-09T21:36:50Z,1.5,Вахтанг Кіпіані:&quot;Якщо не буде ТЦК - не буде армії. Не буде армії - не буде України&quot;ПІДТР!,Володимир Євменов ,https://www.youtube.com/watch?v=Y8xVKGZcVdM,
тцк,2026-02-09T21:23:00Z,0.53,"🤯НЕ ЛИШЕ ТЦК! Дізнайтесь, хто ще тепер МОБІЛІЗУЄ",Новини.LIVE,https://www.youtube.com/watch?v=r5tLyoyNrQw,Джерело відео: ексклюзив Новини.LIVE #НовиниLIVE #мобілізація #ТЦК ПРИЄДНУЙСЯ: Актуальні новини України та ...
тцк беспредел,2026-02-15T11:48:34Z,1.0,Стих: Рабства нет или отлов 🐷 на Украине #стихи #украина #тцк #беспредел,AndreDetox,https://www.youtube.com/watch?v=5rvBNiFXSLA,
тцк беспредел,2026-02-14T17:37:54Z,0.22,🔴ХАРЬКОВ !!! ТЦКуны тянут парня!!! &quot;Добровольная&quot; мобилизация!!!! #тцк,ПОВОРОТ НЕ ТУДА ⚖🚷,https://www.youtube.com/watch?v=lEIdquD-7CU,ТЦК. Беспредел ТЦК и Полиции #тцк #полиция #мобилизациявукраине.
тцк беспредел,2026-02-13T12:48:33Z,1.27,"Снова беспредел ТЦК в Днепре , брызнули газовым баллончиком пенсионеру #ТЦК #Днепр #Беспредел #13",Topmovie,https://www.youtube.com/watch?v=hIINbwEUXPg,
тцк беспредел,2026-02-12T21:19:13Z,0.73,"🔴ТЦК и мусора хотели забрать ЛИЛИПУТА вместо себя на мясо !!! Б..ТЬ, ЭТО ПРОСТО ДНО !!! #тцк",ПОВОРОТ НЕ ТУДА ⚖🚷,https://www.youtube.com/watch?v=83qL27yE9bY,ТЦК. Беспредел ТЦК и Полиции #тцк #полиция #мобилизациявукраине.
тцк беспредел,2026-02-12T16:12:09Z,0.47,🔴ЛЬВОВ. ТЦК и мусора вытянули человека из авто и запаковали в бус!Авто осталось на дороге открытаи !,ПОВОРОТ НЕ ТУДА ⚖🚷,https://www.youtube.com/watch?v=7V1wfQ8U9ag,ТЦК. Беспредел ТЦК и Полиции #тцк #полиция #мобилизациявукраине.
тцк беспредел,2026-02-12T05:54:10Z,7.2,ОДЕССА В АДУ❗️ХАОС В ОДЕССЕ❗️БОМБЯТ ОДЕССУ❗️ОДЕССА БЕЗ СВЕТА❗️ТЦК БЕСПРЕДЕЛ❗️,NEMO,https://www.youtube.com/watch?v=mBnw5KBfPzg,
тцк беспредел,2026-02-11T22:41:41Z,0.73,Беспредел с ТЦК #самвеладамян #saveliyad,Страсти Самвелиады ,https://www.youtube.com/watch?v=wUJdMy1azHk,
тцк беспредел,2026-02-09T17:20:42Z,6.88,Справа про смерть чоловіка після затримання ТЦК | Працівників ТЦК доправили до суду,Суспільне Новини,https://www.youtube.com/watch?v=j-FMxvurxTI,"У суді Дніпра обрали запобіжні заходи двом із трьох працівників ТЦК – їх взяли під варту без права внесення застави, щодо ..."
тцк беспредел,2026-02-09T17:00:07Z,8.17,ТЕРМІНОВО! В ТЦК ЗВЕРНУЛИСЯ ДО УКРАЇНСЬКИХ ЧОЛОВІКІВ!,ТСН,https://www.youtube.com/watch?v=3SkpZlWtc1Q,"Терміново! ТЦК звернулися до чоловіків, які мають право на відстрочку від мобілізації. Наявність підстав ще не гарантує ..."
тцк беспредел,2026-02-09T15:00:29Z,4.18,ТЦК підозрюють у вбивстві ветерана поліції та втеча з колонії,Дніпро Оперативний - життя великого міста,https://www.youtube.com/watch?v=HFna3CFnWks,Представників ТЦК затримали за підозрою у вбивстві чоловіка та смерть на зупинці. Які кримінальні події сталися у Дніпрі ...
тцк беспредел,2026-02-09T07:05:04Z,6.47,ОДЕССА В АДУ❗️ВЗРЫВ ЗА ВЗРЫВОМ! БОМБЯТ ОДЕССУ! ТЦК БЕСПРЕДЕЛ!,NEMO,https://www.youtube.com/watch?v=dL7xMUfhCxQ,
тцк беспредел,2026-02-13T18:34:08Z,4.78,"БЕСПРЕДЕЛ ТЦК! УКРАИНА ТЦК, ОХОТА НА ЛЮДЕЙ!",newlife,https://www.youtube.com/watch?v=eF-05UDxPQ0,"Бандиты из ТЦК, охотятся на людей!"
тцк беспредел,2026-02-10T11:13:04Z,0.48,Беспредел ТЦК,SternenkoooNews,https://www.youtube.com/watch?v=uxBraqdSnI4,
тцк беспредел,2026-02-10T11:13:26Z,0.65,Беспредел тцк в Днепре,SternenkoooNews,https://www.youtube.com/watch?v=yGpz-8e8p7k,
тцк беспредел,2026-02-09T12:11:21Z,0.48,ТЦК Днепр ....полный беспредел,Serhii Kuznetsov,https://www.youtube.com/watch?v=tDinXydIFLo,
