query,publishedAt,duration_min,title,channelTitle,url,description
бусификация,2026-04-05T07:02:25Z,0.23,ТЦК везуть на фронт😁 #бусификация #бусифікація #новини #тцк,ЗлийКіт,https://www.youtube.com/watch?v=QLshygjVn68,
бусификация,2026-04-05T04:00:00Z,1.63,Бусификация усиливается,ЄВСЮТІН Shorts,https://www.youtube.com/watch?v=sU_-iPiNMaI,"Я могу разобрать вашу ситуацию и дать консультацию, а также предоставить другую правовую помощь. В 80% случаев ..."
бусификация,2026-04-04T20:08:24Z,1.17,В Виннице «бусификация» обернулась серьёзным инцидентом и потерями среди сотрудников ТЦК,M_GUR,https://www.youtube.com/watch?v=xWZ67QRpEz8,Военнослужащие роты охраны ТЦК ЗСУ вместе с полицией остановили мужчину для проведения «бусификации».
тцк,2026-04-04T17:12:39Z,0.43,В ТЦК не має військових⁉️ #бусификация #бусифікація #бусификация #тцк,ЗлийКіт,https://www.youtube.com/watch?v=eOMpLGVQNa4,
тцк беспредел,2026-04-04T09:55:22Z,1.0,ТЦК Самооборона | CCCS Self-defence #shorts #тцк #прикол #юмор #беспредел #криминал #бусификация,Sensor all world,https://www.youtube.com/watch?v=wn24vuDCBOM,
бусификация,2026-04-03T18:45:00Z,10.4,Когда закончится &quot;бусификация&quot;: Длигач о об иностранцах в ЗСУ вместо массовой мобилизации,Yuriy Romanenko,https://www.youtube.com/watch?v=a77_iRDCUkc,Известный футуролог и стратег Андрей Длигач вместе с экспертами Анатолием Амелиным и Виктором Куртевым ...
бусификация,2026-04-03T14:00:22Z,0.33,Мужик херачить ТЦКашників😁 #бусификация #бусифікація #новини,ЗлийКіт,https://www.youtube.com/watch?v=DtR3HEsIEnU,
бусификация,2026-04-03T07:00:27Z,2.62,БЕСПРЕДЕЛЬНАЯ МОБИЛИЗАЦИЯ: «Бусификация — это черная страница в истории Украины» — Денис ЕЛИСЕВИЧ,Yelisevych TV,https://www.youtube.com/watch?v=fYnRsj7M_RQ,"Жесткая правда о беспределе на улицах и циничных заявлениях политиков, которую пытаются скрыть от народа! В эфире ..."
бусификация,2026-04-03T04:01:00Z,0.23,За кермом бурят?🤔 #бусификация #бусифікація #новини #news,ЗлийКіт,https://www.youtube.com/watch?v=pk775EH9T-U,
бусификация,2026-04-02T15:38:42Z,0.87,Добровольная мобилизация в Украине ТЦК ВСУ полицаи фашисты воруют людей национальная бусификация,AUTOCHECK,https://www.youtube.com/watch?v=60Ebg5DL9Vw,
бусификация,2026-04-02T08:48:16Z,8.6,БУСИФИКАЦИЯ В УКРАИНЕ. Самые жёсткие моменты №3 (2026),Недомобилизованный Украинец,https://www.youtube.com/watch?v=u1RPhIj4zF4,"Очередная подборка, которая уже стала доброй традицией. Перед вами третий выпуск за 2026 самых жёстких эпизодов ..."
тцк,2026-04-02T06:09:14Z,0.27,Одеса #бусификация #бусифікація #новини #тцк,ЗлийКіт,https://www.youtube.com/watch?v=tCtMsczgQ1s,
тцк,2026-04-01T21:39:37Z,0.88,"ТЦК Бусификация, Награда | CCCS Busification Award #shorts #тцк #бусификация #юмор #прикол",Sensor all world,https://www.youtube.com/watch?v=IcaZGzdT5P4,
тцк,2026-04-01T04:04:27Z,0.98,РЕФОРМА ТЦК #тцк #мобилизация #бусификация #украина,ПОЛИТКУХНЯ,https://www.youtube.com/watch?v=7yUXL6jVtnQ,
бусификация,2026-03-31T19:37:06Z,0.28,"ТЦК продовжують бити жінок, пока їх чоловіки воюють. #бусификация #бусифікація #новини",ЗлийКіт,https://www.youtube.com/watch?v=M1kP2KE-YU8,
бусификация,2026-03-31T18:42:29Z,0.28,"ЗАТО В УКРАИНЕ БУСИФИКАЦИЯ, - ГОВОРИЛИ ОНИ",ekzuperi,https://www.youtube.com/watch?v=ERcVMGPbRF0,
бусификация,2026-03-31T12:56:46Z,0.52,ЗА ЧТО ТЫ ВОЮЕШЬ? #украина #россия #мобилизация #бусификация #тцк #война,ПОЛИТКУХНЯ,https://www.youtube.com/watch?v=qeFhnroy25I,
тцк,2026-03-31T05:45:31Z,0.68,Начало бусификация женщин! #тцк #ухилянт,Михаил Исследователь,https://www.youtube.com/watch?v=zdYtISQjX60,
тцк,2026-03-31T04:05:01Z,0.67,МОБИЛИЗОВАТЬ 2 МИЛЛИОНА #украина #война #мобилизация #бусификация #тцк #азаров,ПОЛИТКУХНЯ,https://www.youtube.com/watch?v=8OU9e3htsQ8,
тцк беспредел,2026-03-30T22:06:07Z,0.98,ТЦК ПРЕСТУПЛЕНИЯ | CCCS Crime #shorts #тцк #прикол #юмор #бусификация #беспредел #криминал,Sensor all world,https://www.youtube.com/watch?v=1AjQBAVBDKg,
бусификация,2026-03-30T19:09:09Z,2.43,⚠️ «НОВАЯ РЕАЛЬНОСТЬ? Бусификация на улицах Украины»,Lanita Chernii,https://www.youtube.com/watch?v=4CHrexatIhU,
бусификация,2026-03-30T19:09:40Z,2.43,🚐 «БУСИФИКАЦИЯ: как людей увозят в ТЦК — разбор»,Lanita Chernii,https://www.youtube.com/watch?v=7Pklg-amHJA,
бусификация,2026-03-30T19:08:12Z,2.43,😱 «БУСИФИКАЦИЯ В КИЕВЕ: что реально происходит на улицах»,Lanita Chernii,https://www.youtube.com/watch?v=c0maEw9uoNE,
бусификация,2026-03-30T14:13:06Z,0.1,ЕДЕМ В ШОТЛАНДИЮ! Бусификация с долей юмора#ТЦК #Мобілізація#ПраваЛюдини#Конституція#войнавукраине,Ошуканий Українець,https://www.youtube.com/watch?v=d-FYdyx2cp0,
бусификация,2026-03-30T14:05:50Z,0.2,КАКОЕ ЖЕ ПОЗОРИЩЕ бусификация и ТЦК#ТЦК #Мобілізація#ПраваЛюдини#Конституція#войнавукраине2022💔🙏,Ошуканий Українець,https://www.youtube.com/watch?v=oqy4WdBWy9A,
бусификация,2026-03-30T11:00:00Z,11.85,Загадочная &quot;бусификация&quot;: подвезли и бросили на дороге  Трудный путь домой обычного украинца,Тарас Никифорчук,https://www.youtube.com/watch?v=dTd0lc9rKvc,Мой телеграм канал подпишитесь https://t.me/TarasOdessa E-mail: odessa-urist@ukr.net.
тцк,2026-04-05T06:36:00Z,12.12,🔥Банда переодягнена у ТЦК ВИКРАДАЄ ЛЮДЕЙ. Мобілізація ЖІНОК. Воєнний стан і Громадянська. Телеграм,hi! ТАРО I ХайТаро I Таро Прогноз Онлайн,https://www.youtube.com/watch?v=gEG7WWvPhSE,ТЦК Таро прогноз Карма. Закон свободи волі Коли закінчиться війна в Україні? Блокування Телеграм в Україні.
тцк,2026-04-05T05:20:00Z,9.3,ПОКИ КРАЇНА ВОЮЄ: Шокуючі статки ТЦК та ВЛК у новому звіті НАЗК | Подробиці,Подробиці,https://www.youtube.com/watch?v=CtWlEQ9Qc50,"Скільки насправді заробляють ті, хто керує країною? Новий сезон електронного декларування 2025 офіційно відкрито!"
тцк,2026-04-05T03:00:06Z,1.18,В Дніпрі один чоловік захищав іншого від ТЦК. Обох запакували ,Інсайдер,https://www.youtube.com/watch?v=6QxdWksfT_4,тцк #ухилянти #дніпро #зсу #мобілізація.
тцк,2026-04-05T00:30:31Z,0.07,НАПАДЕНИЕ В ВИННИЦЕ: МУЖЧИНА С НОЖОМ РАНИЛ СОТРУДНИКОВ ТЦК #новости,BloxNews,https://www.youtube.com/watch?v=NaNylh4Q9ik,В ВИННИЦЕ произошло нападение на сотрудников ТЦК: мужчина с ножом атаковал двоих военкомов. Один из ...
тцк,2026-04-04T21:56:34Z,0.53,ТЦК: не дамо тобі інтервʼю 😁 #тцк,vibroplus,https://www.youtube.com/watch?v=Uqft9CEFruA,
тцк,2026-04-04T18:22:30Z,0.4,У Вінниці чоловік напав з ножем на двох працівників ТЦК.,Львівська Мануфактура Новин,https://www.youtube.com/watch?v=a6LbCVebqQY,"Як повідомили в обласному Центрі комплектування, військові намагались перевірити документи чоловіка, коли той дістав ..."
тцк,2026-04-04T18:04:29Z,0.07,😱 Зустріч із ТЦК закінчилася комою,NOWUA,https://www.youtube.com/watch?v=J7EZf5tF--4,"новини #новинисьогодні #новинионлайн У Дніпрі чоловік впав у кому після побиття невідомими, — ЗМІ. 25 березня він ..."
тцк,2026-04-04T17:52:41Z,0.68,У бывшего начальника ТЦК отобрали имущество!,В Курсе UA,https://www.youtube.com/watch?v=JE8tYsm0ewM,У экс начальника ТЦК отобрали имущество! Новости Украины.
тцк,2026-04-04T17:36:47Z,11.33,ВБИВСТВО ВІЙСЬКОВОГО ТЦК У ЛЬВОВІ🔻Напад з ножем на ТЦК у Вінниці🔻ПРОБЛЕМИ МОБІЛІЗАЦІЇ ПОРТНИКОВ,Espreso.TV,https://www.youtube.com/watch?v=isi9yLqXQDQ,"Те, що ми спостерігаємо, — це наслідок тривалої війни, коли люди не бачать чіткої перспективи її завершення. З часом у ..."
тцк,2026-04-04T17:00:22Z,0.52,ХАРЬКОВ ПРОТИВ ТЦК,Недомобилизованный Украинец,https://www.youtube.com/watch?v=MMJaO0P8-tM,"Харьковчане вступились за парня, которого ТЦК хотели бусифицировать. В бой пошла даже старушка с палочкой."
тцк,2026-04-04T16:47:47Z,0.0,"Как шёл 10 ДНЕЙ через горы, чтобы НЕ ПОПАСТЬ в ТЦК? Шокирующая правда!",Тарас Юрист Адвокат Одесса,https://www.youtube.com/watch?v=4YNCtQWb6LA,Канал Владимира ПОДПИШИТЕСЬ https://www.youtube.com/@online.sokolov/videos.
тцк,2026-04-04T16:27:25Z,0.77,Нападение на ТЦК в Виннице!Люди обозлились!,В Курсе UA,https://www.youtube.com/watch?v=eRiHZL4r-_o,Нападение на ТЦК в Виннице! Люди обозлились! Новости Украины!
тцк,2026-04-04T16:17:10Z,0.98,"В Україні діють банди, які перевдягаються в ТЦК і запихують людей в буси, — нардеп Княжицький",СЛУХИ,https://www.youtube.com/watch?v=rA181txwYpU,"Вони кажуть або ти нам платиш, або ми тебе завозимо у ТЦК. Діють за домовленістю із поліцією. Таке вже було в Дніпрі»."
тцк,2026-04-04T16:06:43Z,2.42,У Львові попрощалися з вбитим військовим ТЦК / hromadske,hromadske,https://www.youtube.com/watch?v=OGnEvLItusM,"У Львові попрощалися з Олегом Авдєєвим — військовим ТЦК та СП, якого убили 2 квітня. Чоловік був дворазовим учасником ..."
тцк,2026-04-04T15:54:17Z,13.25,🚨 КРИВАВІ НАПАДИ НА ВІЙСЬКОВИХ ТЦК&quot;: Снєгирьов розкрив шокуючу причину,КИЇВ24 | Телеканал Київ  ,https://www.youtube.com/watch?v=UWpNG6QSuoE,"Кривавий тиждень для ТЦК: напади у Львові, Вінниці та Одесі. Дмитро Снєгирьов про системну помилку мобілізації та ..."
тцк,2026-04-04T15:03:28Z,1.0,🤯 На двох військових ТЦК напали з ножем у Вінниці,Факти ICTV,https://www.youtube.com/watch?v=31Qdhqq0EeY,У Вінниці поранено двох співробітників ТЦК внаслідок нападу. Чоловік здійснив напад на ТЦК із ножем під час зупинки для ...
тцк,2026-04-04T15:00:57Z,1.4,Какая численность работников ТЦК в Україне???  #тцк #тцктасп #количество #вукраине #правдапровійну,Моє життя в Україні ,https://www.youtube.com/watch?v=Xa83zmQOWT0,правдапровійну #люди #арміяукраїни #армия #правдажизни #українці #життя #україна #я #ми.
тцк,2026-04-04T14:53:38Z,11.45,5 СПОСОБОВ ПОЙМАТЬ УХИЛЯНТА !!! ХИТРОСТИ ТЦК !!!002,Алексей Сидоров мнение.,https://www.youtube.com/watch?v=IzW_82dubo8,5 СПОСОБОВ ПОЙМАТЬ УХИЛЯНТА !!! ХИТРОСТИ ТЦК !!!002.
тцк,2026-04-04T14:50:51Z,1.23,Нападение на ТЦК Винница,Адвокат Олег Лукьянчиков,https://www.youtube.com/watch?v=BMII_worMFc,Нападение на ТЦК Винница. ☎️0️⃣6️⃣6️⃣5️⃣5️⃣5️⃣1️⃣0️⃣2️⃣0️⃣   юридическая консультация ...
тцк,2026-04-04T14:51:08Z,1.23,Мобилизация ТЦК Буданов,Адвокат Олег Лукьянчиков,https://www.youtube.com/watch?v=KFwvUEO1QH8,Мобилизация ТЦК Буданов. ☎️0️⃣6️⃣6️⃣5️⃣5️⃣5️⃣1️⃣0️⃣2️⃣0️⃣   юридическая консультация ...
тцк,2026-04-04T14:20:01Z,7.83,Буданов розкрив МОТОРОШНУ правду про напад на військового ТЦК у Львові! Ви не повірите ХТО дав НАКАЗ,PTV UA,https://www.youtube.com/watch?v=iIIlWS043Q8,Україна здригнулася від зухвалих злочинів - масові напади на військових ТЦК Стань нашим спонсором на YouTube: ...
тцк,2026-04-04T13:50:13Z,4.82,⚡ПОСЛЕ ЭТОГО ТЦК РАСПУСТЯТ! В ДНЕПРЕ ТЦК ИЗБ#ЛИ ДО КОМЫ! ЗЕЛЕНСКИЙ МОЛЧИТ! ГДЕ ЕРМАК? ЧТО ПРОИСХОДИТ,Алексей Гончаренко,https://www.youtube.com/watch?v=xF4R-O9TTf4,"В Днепре случилась трагедия: ТЦК изб#или мужчину до комы! В этом видео рассказываю, как это случилось, почему молчит ..."
тцк,2026-04-04T13:45:05Z,0.08,🚨 Омбудсмен: зростає агресія до ТЦК,OXI NEWS,https://www.youtube.com/watch?v=a5dHbZ-pE5k,"Військовий омбудсмен Решетилова заявила про зростання агресії до ТЦК з боку окремих громадян, а також про випадки ..."
тцк,2026-04-04T13:35:58Z,0.33,Омбудсман повідомив про порушення під час моніторингу в Ужгородському ТЦК.,Телеканал D1,https://www.youtube.com/watch?v=k2kfz5oV1Lw,Омбудсман повідомив про порушення під час моніторингу в Ужгородському ТЦК. Йдеться про можливе незаконне ...
тцк,2026-04-04T13:30:04Z,13.65,Убийство людолова во Львове !!! | Преступления ТЦК ...,Arthur [FreeMan],https://www.youtube.com/watch?v=3nIzGgpdZT0,тцк #войнавукраине #мобилизация #армия #зсу #полиция #выживание #
тцк,2026-04-04T13:26:42Z,0.07,🚨 Скандал ТЦК Ужгород,NOWUA,https://www.youtube.com/watch?v=LmyB6IEUwAs,новини #новинисьогодні #новинионлайн Омбудсмен Дмитро Лубінець оприлюднив результати перевірки Ужгородського ...
тцк,2026-04-04T12:47:24Z,11.1,ВИБУХИ У НІКОПОЛІ: масові жертви🔻Львів прощається з вбитим військовим ТЦК🔻УДАР по Коростеню | Новини,Espreso.TV,https://www.youtube.com/watch?v=R4VRf8kAKWU,У Нікопольському районі внаслідок двох атак загинули 5 людей і 25 поранені: дрони влучили в ринок! У Коростені після ...
тцк,2026-04-04T12:45:00Z,5.17,Новое нападение на ТЦК с ножом: как ухилянты переходят грань,Кирило Сазонов,https://www.youtube.com/watch?v=3yf88Urc6dY,В Виннице очередной скандал с ТЦК: при проверке документов мужчина напал на военных с ножом и порезал двоих ...
тцк,2026-04-04T12:27:30Z,3.43,"Прощання з працівником ТЦК, якого смертельно поранили ножем у Львові",Суспільне Новини,https://www.youtube.com/watch?v=QNIvYUOP_t8,"У Львові попрощалися із військовослужбовцем ТЦК Олегом Авдєєвим, який загинув внаслідок ножового поранення у шию."
тцк,2026-04-04T12:05:00Z,0.97,Хамство‼️ПІДПИШИСЬ НОВИНИ ТУТ ❤️#тцк #поліція #життя #fun #up,@Новини-Юри,https://www.youtube.com/watch?v=-_pkkoOGvZY,"ДИСКЛЕЙМЕР ‼️ Цей канал створено виключно з освітньою, аналітичною та соціально-інформативною метою."
тцк,2026-04-04T12:00:28Z,4.1,ЛЬВІВ ПОПРОЩАВСЯ зі смертельно пораненим ВІЙСЬКОВИМ ТЦК! Чи буде ВІДЕО З НАГРУДНОЇ КАМЕРИ?!,ТСН,https://www.youtube.com/watch?v=L0edoq_77xI,"У Львові попрощалися із військовослужбовцем ТЦК, якого смертельно поранили під час мобілізаційних заходів. Похорон ..."
тцк,2026-04-04T12:01:23Z,1.05,ЧОГО ВИ ТУТ???ПІДПИШИСЬ НОВИНИ ТУТ❤️#тцк #поліція #політика #fun #up,@Новини-Юри,https://www.youtube.com/watch?v=sA_t6AxtrKI,"ДИСКЛЕЙМЕР ‼️ Цей канал створено виключно з освітньою, аналітичною та соціально-інформативною метою."
тцк,2026-04-04T11:35:01Z,1.32,МЕСТЬ ТЦК: подробности убийства,Новости без пропаганды ,https://www.youtube.com/watch?v=pctnSmCsscA,"Подозреваемый озвучил подробности конфликта с ТЦК, после которого произошла смерть сотрудника. В видео — все ..."
тцк,2026-04-04T10:03:37Z,3.53,"Суперечка, штовханина і смертельне поранення: що розповів підозрюваний у вбивстві працівника ТЦК",Радіо Свобода Україна,https://www.youtube.com/watch?v=QGvu37Jl_dY,3 квітня Личаківський районний суд обрав запобіжний захід у вигляді тримання під вартою без права внесення застави ...
тцк,2026-04-04T09:58:03Z,0.98,СКІЛЬКИ ЛЮДИНУ МОЖУТЬ ТРИМАТИ В ТЦК,Адвокат Дмитро Соловйов,https://www.youtube.com/watch?v=MZpOvfzu1jE,"Для отримання консультації пишіть в Telegram, Viber, WhatsApp +38 (093) 529-91-16✓     #адвокат #тцк #мобілізація ..."
тцк,2026-04-04T09:08:19Z,0.27,ТЦК: &quot;Дайте нам зброю&quot;. А чего вы ожидали?,Недомобилизованный Украинец,https://www.youtube.com/watch?v=3De92lm0Cd8,Сначала ловили людей. Теперь просят оружие. #ТЦК #мобилизация #Украина #бусификация.
тцк,2026-04-04T09:03:54Z,0.62,"У Львові прощаються із військовим ТЦК Олегом Авдєєвим, який загинув від ножового поранення 2 квітня",ТВОЯ ЛЬВІВЩИНА,https://www.youtube.com/watch?v=U_QL7eizlY8,"У Львові прощаються із військовослужбовцем ТЦК Олегом Авдєєвим, який загинув внаслідок ножового поранення 2 квітня."
тцк,2026-04-04T09:00:58Z,0.32,Я ФІКСУЮ ТЦК А КОП СМІЄТЬСЯ🤡?!,Legal Land,https://www.youtube.com/watch?v=nHhcp-jJYak,"тцк, поліція, незаконне затримання, право на зйомку, розшук ухилянтів, незаконна мобілізація Авто ТЦК припарковане на ..."
тцк,2026-04-04T09:00:10Z,4.57,Реформа тцк. Что изменится?,Кирило Сазонов,https://www.youtube.com/watch?v=9c-XSBQXyd0,"Вокруг реформы ТЦК и мобилизации в Украине сейчас очень много споров и взаимных претензий. Возмущаются те, кто не ..."
тцк,2026-04-04T09:00:34Z,1.27,ТЦК начинает бояться людей,Наташа Ревская-РЕВСОВЕТ,https://www.youtube.com/watch?v=R9QOAhyPyZg,Ситуация внутри страны становится всё более напряжённой — и это уже ощущается на уровне общества.
тцк,2026-04-04T08:35:34Z,0.9,"Львів прощається з Олегом Авдєєвим, військовослужбовцем ТЦК, яким трагічно загинув 2 квітня",Львівська Мануфактура Новин,https://www.youtube.com/watch?v=8RIho-CJM0Y,Смертельний напад на військового у Львові. Трагедія сталася на вулиці Патона під час проведення заходів оповіщення.
тцк,2026-04-04T08:17:27Z,1.43,ЛЬВІВ ПРОЩАЄТЬСЯ зі смертельно пораненим 52-річним військовим ТЦК,ТСН,https://www.youtube.com/watch?v=Wee1wrWzHzM,"У Львові нині прощаються із військовослужбовцем ТЦК, якого смертельно поранили під час мобілізаційних заходів."
тцк,2026-04-04T08:00:43Z,2.3,Штрафи для ТЦК за помилки в “Оберіг”,Адвокат Роман Сімутін,https://www.youtube.com/watch?v=iTQVsedqbaY,"У Верховній Раді зареєстрували одразу три законопроєкти: №15114, №15115 та №15116, які покликані унеможливити ..."
тцк,2026-04-04T07:00:34Z,2.0,​❤️‍🔥ОДЕСА ДАЄ ВІДСІЧ ТЦК: Оточили Дастер Та Відбили Хлопця!,Пильний Дніпрянин,https://www.youtube.com/watch?v=Y-pp7TxdILU,"Одеса! Десятки машин зупинили рух, щоб не дати силовикам вивезти людину в невідомому напрямку! Кадри неймовірної ..."
тцк,2026-04-04T06:00:35Z,0.97,ПІДОЗРЮВАНИЙ у вбивстві військового ТЦК на суді ПРОСИВ М’ЯКШОГО ПОКАРАННЯ?!,ТСН,https://www.youtube.com/watch?v=m-rt4XB4GRk,"Два місяці під вартою без права на заставу. Такий запобіжний захід суд обрав працівнику Львівської митниці, якого ..."
тцк,2026-04-04T05:09:01Z,0.23,Контрштурмова операція. Лиман #новиниукраїни #зсу #україна #новини #політика #мобілізація #тсн #тцк,НОВИННИЙ РАДАР. НОВИНИ УКРАЇНИ ТА СВІТУ,https://www.youtube.com/watch?v=9h0iv2sPQcs,Більше інформації в нашому телеграм-каналі. Посилання на сторінці.
тцк,2026-04-04T05:00:15Z,1.47,Народ против ТЦК. Кто победит?,Наташа Ревская-РЕВСОВЕТ,https://www.youtube.com/watch?v=9M8Bx7s4ONY,Ситуация становится всё более напряжённой — и это уже невозможно игнорировать. Конфликт между государственной ...
тцк,2026-04-03T19:12:01Z,0.1,🔪 У Львові ВБИЛИ працівника ТЦК ножем — затримали інспектора митниці #тцк #львів,З Україною 🇺🇦,https://www.youtube.com/watch?v=s7mZpogvFnQ,У Львові під час мобілізаційних заходів чоловік вдарив ножем у шию працівника ТЦК — той помер. Затриманий — 35-річний ...
тцк,2026-04-03T19:10:00Z,0.87,Жіночий скандал із ТЦК не вщухає! Чому жінок подають у розшук?,ТСН,https://www.youtube.com/watch?v=IbQ-2_ofBeE,"Жіночий скандал з ТЦК не вщухає. Жінок в Україні, яких незаконно поставили на військовий облік, стає дедалі більше."
тцк,2026-04-03T19:07:22Z,2.8,Вбивство працівника ТЦК: чому мобілізація зайшла в глухий кут?,Espreso.TV,https://www.youtube.com/watch?v=3ow5Rlvl_78,Вбивство українського військового та колишнього олімпійця під час перевірки документів знову підняло гостру і болючу тему ...
тцк,2026-04-03T17:44:00Z,6.7,Чи мають право ТЦК на електронні повістки?,Немного о праве от Ростислава Кравца,https://www.youtube.com/watch?v=QrMar4JeE9g,"ТЦК та електронні повістки, детально розберемось чи це законно  Мій Telegram https://t.me/rkravetsUA Мій TikTok ..."
тцк,2026-04-03T17:30:02Z,11.02,СМЕРТЬ працівника ТЦК у Львові І ПОСИЛЕННЯ МОБІЛІЗАЦІЇ у квітні І БУСИФІКАЦІЯ чи МІФ,Espreso.TV,https://www.youtube.com/watch?v=B0wVrsWKbNA,Трагічна загибель 52-річного офіцера ТЦК Олега Авдієва у Львові під час виконання службових обов'язків оголила глибоку ...
тцк,2026-04-03T17:30:01Z,12.3,❗️ЗДУРІТИ! НАРОД ЗІ ЗБРОЄЮ ПІШОВ НА ТЦК. Є вбиті і поранені. В Одесі бійня з ЦІПКАМИ ТА БИТАМИ,Сейчас,https://www.youtube.com/watch?v=1obJW2tcV5c,"Країна входить у небезпечну фазу — коли конфлікти більше не приховані, а вибухають просто на вулицях. В Одесі ..."
тцк,2026-04-03T17:25:01Z,0.98,"1,5 людини на день: одкровення співробітника ТЦК",DumskayaTV,https://www.youtube.com/watch?v=h7t2LLigsO0,У цьому випуску подкасту «Думська» — відверта розмова з колишнім співробітником ТЦК. Без цензури обговорюємо ...
тцк,2026-04-03T17:17:18Z,0.55,Єновина!Тактика одеситів спрацювала проти ТЦК? #політика #влада #блог,Блог Разумовського,https://www.youtube.com/watch?v=udbjgdvTtOU,
тцк,2026-04-03T17:15:01Z,0.67,Начальник ТЦК поплыл. Гончаренко давит,Недомобилизованный Украинец,https://www.youtube.com/watch?v=2DgtN30kzkY,Гончаренко спрашивает про записи с бодикамер во время бусификации. Начальник ТЦК начинает путаться в ответах.
тцк,2026-04-03T17:01:17Z,4.1,Підозрюваний у вбивстві військовослужбовця ТЦК у Львові ховався від телекамер у суді,ТСН,https://www.youtube.com/watch?v=syURnbmRQDA,Запобіжний захід підозрюваному в умисному вбивстві військовослужбовця терцентру комплектування 3 квітня обирали у ...
тцк,2026-04-03T17:01:26Z,1.3,"⚡️Підозрюваний у вбивстві працівника ТЦК у Львові розповів, як сталася сутичка",То є Львів!,https://www.youtube.com/watch?v=nwEvdR8xLz4,
тцк,2026-04-03T17:00:38Z,2.98,Трагедия на похоронах превратилась в смертельный конфликт с ТЦК,Наташа Ревская-РЕВСОВЕТ,https://www.youtube.com/watch?v=TgC07_0p8Vg,"Трагедия, которая произошла в обычной семье, внезапно превратилась в историю, вызывающую тревожные вопросы ко ..."
тцк,2026-04-03T16:38:19Z,9.85,Підозра митнику через напад на ТЦК | Тарифи на проїзд у Львові можуть зрости | ПравдаТУТ Львів,ПравдаТУТ Львів,https://www.youtube.com/watch?v=IKAzWXyA3II,У цьому випуску «Новини В Темі» з Олегом Корейбою: Співробітнику Львівської митниці Андрію Трушу оголосили підозру у ...
тцк,2026-04-03T16:00:08Z,0.3,Я ВИКРИВ П&#39;ЯНОГО ТЦК ШОК 😱?!,Legal Land,https://www.youtube.com/watch?v=Mu6TeOkmVLA,"тцк, поліція, незаконне затримання, право на зйомку, розшук ухилянтів, незаконна мобілізація. Перебування ..."
тцк,2026-04-03T16:00:01Z,6.48,Вбивство працівника ТЦК у Львові! В Криму розбився літак з генералом | ЗСУ знищили РЕБ «Палантін»,Espreso.TV,https://www.youtube.com/watch?v=aX9RpmNoStU,У Львові під час перевірки документів смертельно поранили ножем військовослужбовця ТЦК Олега Авдєєва — у нападі ...
тцк,2026-04-03T15:52:43Z,8.47,⚡ВБUВЦЯ військового ТЦК ХОВАВСЯ ВІД КАМЕР! 🛑НАЖИВО всі подробиці з Личаківського райсуду Львова,5 канал,https://www.youtube.com/watch?v=5d2xDQU_8U8,60 діб під вартою без права на заставу. Личаківський райсуд Львова обрав запобіжний захід підозрюваному у вбивстві ...
тцк,2026-04-03T15:52:18Z,1.67,Сколько стоит снять розыск ТЦК? ☎️0️⃣6️⃣6️⃣5️⃣5️⃣5️⃣1️⃣0️⃣2️⃣0️⃣👈 юридическая консультация адвоката,Адвокат Олег Лукьянчиков,https://www.youtube.com/watch?v=gFGEDZ4VCMw,Сколько стоит снять розыск ТЦК? ☎️0️⃣6️⃣6️⃣5️⃣5️⃣5️⃣1️⃣0️⃣2️⃣0️⃣   юридическая консультация ...
тцк,2026-04-03T15:35:10Z,2.63,Убийство ТЦК Львов часть 7,Адвокат Олег Лукьянчиков,https://www.youtube.com/watch?v=JYD6H1Qn16M,Убийство ТЦК Львов часть 7. ☎️0️⃣6️⃣6️⃣5️⃣5️⃣5️⃣1️⃣0️⃣2️⃣0️⃣   юридическая консультация ...
тцк,2026-04-03T15:27:55Z,0.23,😱ОСЬ ВІН! Підозрюваний у вбивстві військового #ТЦК,Новини.LIVE,https://www.youtube.com/watch?v=HIgcRNoNNqc,Джерело: Новини.LIVE #Львів #ТЦК #вбивство #Україна #поліція ПРИЄДНУЙСЯ: Наш сайт - https://novyny.live Instagram ...
тцк,2026-04-03T15:09:45Z,0.53,У Львові підозрюють митника у вбивстві офіцера ТЦК,Львівська Мануфактура Новин,https://www.youtube.com/watch?v=fFuYEx-hKGQ,"Правоохоронці повідомили про підозру 34-річному працівнику Львівської митниці Андрію Трушу, який смертельно поранив ..."
тцк,2026-04-03T15:00:29Z,0.25,Я ВИКРИВ ЯК ТЦК ХОВАЄ ЛИЦЕ 😱?!,Legal Land,https://www.youtube.com/watch?v=LQh-qMS0_-M,"тцк, поліція, незаконне затримання, право на зйомку, розшук ухилянтів, незаконна мобілізація. Представник ТЦК з ..."
тцк,2026-04-03T14:46:41Z,2.58,❗ ВБИВСТВО ВІЙСЬКОВОГО ТЦК У ЛЬВОВІ: ДЕТАЛІ ІЗ СУДУ | НОВИНИ на FM Галичина,FM Галичина ,https://www.youtube.com/watch?v=QhdfoJrVYUI,Справа про вбивство військового ТЦК розгортається у Львові. У Личаківському суді відбулося перше засідання. Деталі та ...
тцк,2026-04-03T14:37:00Z,10.98,❌ТЦК дали НАКАЗ на ПОВНУ МОБІЛІЗАЦІЮ‼️Українцям ПРИГОТУВАТИСЬ⚠️,Українська хвиля,https://www.youtube.com/watch?v=fqtKOFUwrbw,Міноборони готує РЕФОРМУ МОБІЛІЗАЦІЇ в Україні! У Раді розкрили ПЛАНИ! ДЕТАЛІ – У ВІДЕО! Дізнайтесь ПЕРШИМИ!
тцк,2026-04-03T14:23:53Z,0.47,❗️Суд обирає запобіжний захід підозрюваному у вбивстві військовослужбовця ТЦК у Львові #тцк #львів,FM Галичина ,https://www.youtube.com/watch?v=j2jghmr7Zug,
тцк,2026-04-03T14:10:13Z,1.68,МИТНИК у СУДІ розповів СВОЮ ВЕРСІЮ вбивства військового ТЦК у Львові | ТСН,ТСН,https://www.youtube.com/watch?v=sM8e3sJNs90,33-річний інспектор митниці Андрій Труш завдав удару ножем у шию представнику територіального центру ...
тцк,2026-04-03T14:01:08Z,0.35,СЕЛО ЗУПИНИЛО ТЦК НА ТЕСТ 🛑?!,Legal Land,https://www.youtube.com/watch?v=i2SJTHs5j8g,"тцк, поліція, незаконне затримання, право на зйомку, розшук ухилянтів, незаконна мобілізація. Блокування громадянами ..."
тцк,2026-04-03T13:20:00Z,14.0,ЖАХЛИВЕ ВБUВСТВО СПІВРОБІТНИКА ТЦК У ЛЬВОВІ: РОЗКРИТО ПРИЧИНУ І ДЕТАЛІ ПРО ПІДОЗРЮВАНОГО!,ТСН,https://www.youtube.com/watch?v=QSHbgZ80YZ4,У Львові 2 квітня жорстоко вбили військовослужбовця ТЦК. Інцидент викликав резонанс по всій країні. Водночас з'явилися ...
тцк,2026-04-03T13:15:06Z,0.53,ЛЬВОВ: спас брата от бусификации. Сотрудник ТЦК погиб,Недомобилизованный Украинец,https://www.youtube.com/watch?v=YavhT-_oZDo,Попытка бусификации закончилась трагедией. Таможенник спас брата. Сотрудник ТЦК погиб. Напряжение в обществе ...
тцк,2026-04-03T13:03:28Z,10.03,УБИТ СОТРУДНИК ТЦК !!!  НОЖОМ ПО ГОРЛУ !!!,Алексей Сидоров мнение.,https://www.youtube.com/watch?v=ZI8dSBGl6nQ,УБИТ СОТРУДНИК ТЦК !!! НОЖОМ ПО ГОРЛУ !!!
тцк,2026-04-03T12:53:05Z,10.33,ЗАЧЕМ ТЦК МИЛЛИОНЫ БИТКОИНОВ?,CULES,https://www.youtube.com/watch?v=nBoSr7DfF4Y,Обычный офицер ТЦК задекларировал 10 миллионов долларов в биткоинах. Откуда у ТЦК криптовалюта ✈️ Наш ...
тцк,2026-04-03T12:31:00Z,0.1,"Несподівано, ми його провели до ТЦК!  #вибір  #гідність",Дорослий арХів,https://www.youtube.com/watch?v=b1x4GnLNzz8,Ігор Кондратюк відомий продюсер та ведучій нещодавно розповів про військову службу сина Сергія. Несподівано для всіх ...
тцк,2026-04-03T12:20:00Z,13.77,"😮СААКЯН: показники МОБІЛІЗАЦІЇ проваляться, якщо прикрити &quot;діяльність&quot; ТЦК",Апостроф TV,https://www.youtube.com/watch?v=zb3sxQsH4QY,"В етері: Олег Саакян, політолог, співзасновник Національної платформи стійкості та згуртованості Підпишіться на канал ..."
тцк,2026-04-03T12:09:01Z,0.43,❗️ЩОЙНО! ОГОЛОСИЛИ ПІДОЗРУ у справі НАПАДУ на ТЦК у Львові | Нові ДЕТАЛІ,Телеканал Конкурент Україна,https://www.youtube.com/watch?v=S06nHpovQWI,"ДБР повідомило про підозру працівнику Львівської митниці, який смертельно поранив військовослужбовця ТЦК 2 квітня."
тцк,2026-04-03T12:03:08Z,3.33,РОЗСЛІДУВАННЯ ВБИВСТВА військового ТЦК у Львові🔻Митник проти працівника ТЦК🔻Трагедія у Львові,Espreso.TV,https://www.youtube.com/watch?v=wGREaeRjzdQ,У Львові стався резонансний інцидент. Працівника ТЦК Олега Авдєєва смертельно поранили ножем під час перевірки ...
тцк,2026-04-03T12:01:07Z,0.43,❗Потужні ТЦК Наїлися Грибів І Керують Країною,Пильний Дніпрянин,https://www.youtube.com/watch?v=gActT6DSFbQ,Ти коли-небудь бачив ТАКУ поведінку від людей у формі? Ці кадри змусять тебе сумніватися в їхній адекватності!
тцк,2026-04-03T11:33:06Z,0.83,Результативний супровід клієнта до ТЦК та СП | Адвокат у Вінниці - Лобанова Вікторія,Адвокат у Вінниці - Лобанова Вікторія ,https://www.youtube.com/watch?v=0GVlCsK9Zpo,Здіснено результативний супровід до Тульчинського ТЦК та СП. Явка потповістці.
тцк,2026-04-03T11:29:20Z,13.12,❗️РЕФОРМА МОБІЛІЗАЦІЇ! Реакція Міноборони на напад на ТЦК у Львові,Апостроф TV,https://www.youtube.com/watch?v=Qztn7cV-87c,"Напад на військового ТЦК у Львові. У Міноборони відреагували: ""Система мобілізації потребує змін, і вони будуть ..."
тцк,2026-04-03T10:32:27Z,2.8,ВБИВСТВО ВІЙСЬКОВОГО ТЦК у Львові: як реагували українці🔻ЯНА ЗІНКЕВИЧ про проблеми мобілізації і ТЦК,Espreso.TV,https://www.youtube.com/watch?v=4g907TYZqUk,Трагічна загибель військовослужбовця ТЦК у Львові від рук працівника митниці під час виконання службових обов'язків ...
тцк,2026-04-03T09:30:06Z,8.12,"У лікарні всі ТРЕМТЯТЬ! Ось що побачили в тілі військового ТЦК Львова, на якого напали з НОЖЕМ!",PTV UA,https://www.youtube.com/watch?v=FQS5A5wsdiI,У Львові напали з ножем на співробітників ТЦК Стань нашим спонсором на YouTube: ...
тцк,2026-04-03T09:18:34Z,0.78,Боєць ЗСУ про ТЦК та ухилянтів. Новини України,Дія INFO,https://www.youtube.com/watch?v=MXUOUeuGlHQ,Боєць ЗСУ про ТЦК та ухилянтів. Новини України #новини #війна #Україна #ТЦК #ухилянти.
тцк,2026-04-03T09:15:09Z,0.93,"У Львові митник напав з ножем на військового ТЦК, щоб завадити мобілізації брата",Король Данило,https://www.youtube.com/watch?v=9JahBoVl2vo,
тцк,2026-04-03T09:02:53Z,1.2,Хто винен у конфліктах з ТЦК? Час міняти систему! 🧨,Олексій Голобуцький,https://www.youtube.com/watch?v=hz1ZJtvd7is,"Трагедія у Львові, де працівник митниці вбив співробітника ТЦК, — це лише верхівка айсберга. Чому виникають такі ..."
тцк,2026-04-03T09:00:04Z,7.78,Розшук ТЦК і офіційна робота — що потрібно знати!? Що каже Держпраці !?,Адвокат Олексій МЕНДРУХ,https://www.youtube.com/watch?v=2QZWqIc5X4k,Чи можна взяти на роботу людину в розшуку ТЦК !? Роз'яснення Держпраці! Якщо виникла потреба у приватній ...
тцк,2026-04-03T08:59:34Z,0.7,"ТЦК мають шукати реально спроможних служити/воювати, а не шкодити Україні &quot;бусифікацією&quot;",Народний депутат Мазурашу,https://www.youtube.com/watch?v=xdpdNvENqOo,
тцк,2026-04-03T09:00:13Z,1.48,🔥Поліція Дніпра: Закували В Кандали! Везуть До ТЦК!,Пильний Дніпрянин,https://www.youtube.com/watch?v=8rcgQWi6Xf4,Причина перевірки та затримання невідома. Що людина порушила невідомо. Що буде з країною невідомо. Одне очевидно ...
тцк,2026-04-03T08:00:32Z,9.9,АТАКА на Україну. Мінус генерал у Криму. НАПАД на ТЦК: ТРАГЕДІЯ у Львові. Молдова ПОСЛАЛА РФ / 3.04,УНІАН TV,https://www.youtube.com/watch?v=PKCElZ6VAC4,UA - У Львові стався напад на працівника ТЦК - унаслідок інциденту загинув 52-річний офіцер. Тим часом у світі триває ...
тцк,2026-04-03T07:07:00Z,0.53,"Називають себе ВІЙСЬКОВОСЛУЖБОВЦЯМИ, хоча вони гнилі овочі🫣 #життя #funny #automobile #тцк",@Новини-Юри,https://www.youtube.com/watch?v=S0d0x-PerEs,
тцк,2026-04-03T07:00:39Z,14.4,🔴ГУЧНЕ ВБИВСТВО ТЦК-шника у ЛЬВОВІ! УКРАЇНА ПОМСТИЛАСЬ: ЗСУ ВИНОСЯТЬ НПЗ РФ!— РАНОК 03.04.2026,УКРАЇНА СЬОГОДНІ,https://www.youtube.com/watch?v=iM9U-iIiUIc,"Затримали військового, котрого затримали через напад на працівника ТЦК: що про це відомо про інцидент та загиблого?"
тцк,2026-04-03T06:41:02Z,0.33,Вбивство працівника ТЦК у Львові 2.04.2026,True Crime Ukraine,https://www.youtube.com/watch?v=ftmgHuBiPig,"Події 2 квітня 2026 року у Львові сколихнули місто. Ось деталі трагедії, що сталася на вулиці Патона: Хронологія подій • Час ..."
тцк,2026-04-03T06:30:03Z,0.47,Вбитий у Львові військовослужбовець ТЦК учасник двох Олімпійських ігор,Львівська Мануфактура Новин,https://www.youtube.com/watch?v=3hCyScYYplM,Вчора 2 квітня у Львові внаслідок смертельного було вбито офіцера Галицько-Франківського ТЦК Олега Авдєєва. 52-річний ...
тцк,2026-04-03T06:07:49Z,1.5,"Митник вдарив ножем працівника ТЦК, захищаючи свого брата",BOMB NEWS,https://www.youtube.com/watch?v=hPL6FWmwD8E,львів #новости #поліція #криминал.
тцк,2026-04-03T06:00:00Z,0.63,ПОЛНОЕ ВИДЕО ПРО ПОБЕГ ИЗ УКРАИНЫ УЖЕ НА КАНАЛЕ! #побег #тцк #втеча #уклонисты #україна  #втік,Илюха Trip Sitter,https://www.youtube.com/watch?v=ZhxTkqStqOs,Супер подробный сериал о побеге смотри у меня на канале. Всем добра!
тцк,2026-04-03T05:51:37Z,0.43,«Закон на стороні ТЦК»,Голос Народу,https://www.youtube.com/watch?v=xdAvDBlX9AM,
тцк,2026-04-03T05:00:05Z,0.68,❗Луцьк ТЦК: Вдерлися В Дім Та Викрали Людину!,Пильний Дніпрянин,https://www.youtube.com/watch?v=3I1XtITsaSI,ТГ Пильний Дніпрянин https://t.me/pylnyidnipro https://policeofdnipro.mssg.me/ ❗Луцьк ТЦК: Вдерлися В Дім Та Викрали ...
тцк,2026-04-03T04:46:58Z,13.42,Після вбивства співробітника ТЦК влада оголосила радикальну реформу мобілізації! | Факти ICTV,Факти ICTV,https://www.youtube.com/watch?v=NZ3k0RsjJpk,"Команда телеканалу ICTV підготувала останні та актуальні новини у випуску новин за 07:00, 3 квітня. Чергова тривожна ніч: ..."
тцк,2026-04-03T04:30:05Z,2.23,Обвинувачений у справі вбивства військового ТЦК на Полтавщині повідомив про підроблення документів,Суспільне Полтава,https://www.youtube.com/watch?v=AI2EwAvczfw,Один з обвинувачених у справі вбивства військового ТЦК на заправці в Пирятині на Полтавщині заявив про можливе ...
тцк,2026-04-03T04:00:53Z,1.58,"В Одесі чоловік відгатив ТЦК ланцюгом і розтрощив вікно буса, коли вони тікали ",Інсайдер,https://www.youtube.com/watch?v=gikMeb9Zlfo,тцк #мобілізація #ухилянти #зсу #одеса.
тцк,2026-04-02T20:48:27Z,0.23,"Чоловік убив працівника ТЦК, щоб захистити брата: деталі справи #ТЦК #УкраїнськіНовини #Правоохоронц",Curious Elephant,https://www.youtube.com/watch?v=XB6dWH-z8aQ,
тцк,2026-04-02T20:45:00Z,1.75,Убивство військовослужбовця ТЦК у Львові,ПЕРШИЙ ЗАХІДНИЙ,https://www.youtube.com/watch?v=DbabxZHC078,Підписуйтесь на Телеканал Перший Західний в YouTube - https://bit.ly/2WCZkrI. ТРК ПЕРШИЙ ЗАХІДНИЙ. Твій. СПРАВЖНІЙ ...
тцк,2026-04-02T20:30:13Z,2.07,МИТНИК ВБИВ УДАРОМ НОЖА В ШИЮ ОФІЦЕРА ТЦК! ДЕТАЛІ ЖОРСТОКОЇ ПОДІЇ у ЛЬВОВІ!,ТСН,https://www.youtube.com/watch?v=kEjZ5YN5PYI,"У Львові загинув офіцер Олег Авдєєв, який працював у ТЦК лише пів року. Військовослужбовець загинув внаслідок ..."
тцк,2026-04-02T19:39:41Z,0.57,Військові не підтримують дії ТЦК,Голос Народу,https://www.youtube.com/watch?v=6sZY2uN7Jdw,
тцк,2026-04-02T19:00:37Z,8.73,Ветеран про напад на військових та роль ТЦК,Львівська Мануфактура Новин,https://www.youtube.com/watch?v=iYMO4IIYMuM,"У цьому Андрій Каспшишак – ветеран, керівник Офісу ветеранів та їхніх родин УКУ розповідає про недавній напад на ..."
тцк,2026-04-02T18:55:25Z,3.22,⚡ У МІНОБОРОНИ ВІДРЕАГУВАЛИ НА РЕЗОНАНСНЕ ВБИВСТВО військового ТЦК у Львові,КИЇВ24 | Телеканал Київ  ,https://www.youtube.com/watch?v=eRQsqeJHq8k,У Міністерстві оборони України відреагували на смертельне поранення військового ТЦК у Львові. «Сьогодні Україна ...
тцк,2026-04-02T18:33:00Z,1.5,😱ЛЬВІВ У ЖАХУ! Жорстоке ВБИВСТВО військового ТЦК. Всі ПОДРОБИЦІ з місця події. Ви будете В ШОЦІ,Новини.LIVE,https://www.youtube.com/watch?v=Hg3a02Lj2fk,У Львові сталося жахливе вбивство військового з територіального центру комплектування. Поліція працює на місці злочину.
тцк,2026-04-02T18:17:25Z,1.27,ч.2 ТЦК вручили мне повестку 😱,Владимир Соколов,https://www.youtube.com/watch?v=gRJCdd9ow9U,
тцк,2026-04-02T18:04:57Z,0.83,ВБИВСТВО ТЦКшника #тцк #вбивство #мобілізація #бусифікація #зсу #україна,НЕЗАЛЕЖНІ МЕДІА,https://www.youtube.com/watch?v=r2BXQwoFO-Y,
тцк,2026-04-02T18:00:17Z,4.42,С камнем на ТЦК | Туск : &quot;Идеальный план Путина&quot; | Макрон против Трампа | Развал НАТО и кризис в ЕС,есть такая тема,https://www.youtube.com/watch?v=FZjT2UpgA_0,"Трамп ссорится с Макроном. Премьер Польши Туск в панике фантазирует об ""идеальном плане Путина"". Пока весь мир ..."
тцк,2026-04-02T18:00:27Z,11.87,Вбивство військового ТЦК у Львові: нові деталі нападу та реакція ОК «Захід»,Львівська Мануфактура Новин,https://www.youtube.com/watch?v=YWjdfuu4nhQ,У Львові сталася резонансна трагедія - внаслідок ножового нападу загинув військовослужбовець ТЦК. За попередньою ...
тцк,2026-04-02T17:50:30Z,1.7,Убийство ТЦК Львов,Адвокат Олег Лукьянчиков,https://www.youtube.com/watch?v=orXw8CsVhzo,Убийство ТЦК Львов. ☎️0️⃣6️⃣6️⃣5️⃣5️⃣5️⃣1️⃣0️⃣2️⃣0️⃣   юридическая консультация адвоката.
тцк,2026-04-02T17:51:39Z,2.17,Во Львове убили ТЦК,Адвокат Олег Лукьянчиков,https://www.youtube.com/watch?v=8-q6M0ygLIY,Во Львове убили ТЦК. ☎️0️⃣6️⃣6️⃣5️⃣5️⃣5️⃣1️⃣0️⃣2️⃣0️⃣   юридическая консультация адвоката.
тцк,2026-04-02T17:44:00Z,6.63,Штрафи від ТЦК можна оскаржити? Юридичні підстави,Немного о праве от Ростислава Кравца,https://www.youtube.com/watch?v=aNejkAFGNv8,Юридичні підстави скасування штрафів ТЦК  Мій Telegram https://t.me/rkravetsUA Мій TikTok ...
тцк,2026-04-02T17:42:45Z,0.45,Без мобілізації немає України #військо #тцк,Вікторія Кулюк | VIDверто,https://www.youtube.com/watch?v=-v0ToOm1LpQ,"Скандали з ТЦК та примусова мобілізація, що це і що робити з проблемами ЗСУ. Ситуація в ukraine вже не буде такою, ..."
тцк,2026-04-02T17:35:08Z,3.05,СМЕРТЬ ОФІЦЕРА: у Львові митник жорстоко вбив представника ТЦК. Що відомо про жертву,Подробиці,https://www.youtube.com/watch?v=Jj4cD3jri7w,"У Львові сталася жахлива трагедія, яка сколихнула всю країну. Посеред білого дня на вулиці Патона було скоєно зумисне ..."
тцк,2026-04-02T17:30:03Z,12.75,❗️Шок! ТЦК ЗБИЛИ ВАГІТНУ В ЛУЦЬКУ! Народ ЗІРВАВСЯ. Натовп ГРОМИТЬ БУСИ. Поліція НЕ СПРАВЛЯЄТЬСЯ,Сейчас,https://www.youtube.com/watch?v=3gyED4zCIlM,"Вагітну жінку тягнуть на капоті, чоловіків забирають на очах у дітей, села залишаються без людей — напруга зашкалює."
тцк,2026-04-02T17:25:06Z,4.5,ТЦК - зачистка Одессы!!!,NEMO,https://www.youtube.com/watch?v=S1w3Hm6HUfI,
тцк,2026-04-02T17:21:49Z,3.67,"⚡ «ЗАРІЗАВ ВІЙСЬКОВОГО ТЦК, ЗАХИЩАЮЧИ БРАТА»: Глагола приголомшив деталями вбивства у Львові!",КИЇВ24 | Телеканал Київ  ,https://www.youtube.com/watch?v=_kNP-8KQ4xg,"Журналіст Віталій Глагола заявив, що інспектор митниці, який у четвер, 2 квітня, зарізав військовослужбовця ТЦК, захищав ..."
тцк,2026-04-02T17:20:21Z,4.92,Напад на працівника ТЦК у Львові | Підозрюють держінспектора митниці | Нові деталі слідства,Суспільне Новини,https://www.youtube.com/watch?v=Raj3s5FqCJI,"Сьогодні у Львові військовослужбовця ТЦК вдарили ножем в шию. Підозрюваний втік, а працівник ТЦК від отриманого ..."
тцк,2026-04-02T17:18:50Z,0.68,"З’ЯСУВАЛОСЬ, ХТО ВБИВ працівника ТЦК у ЛЬВОВІ! ДЕТАЛІ СПРАВИ!",ТСН,https://www.youtube.com/watch?v=swrC_56pRWo,Напад на співробітника терцентру комплектування у Львові. Від травм 52-річний офіцер помер. Нападника затримали за ...
тцк,2026-04-02T17:20:00Z,4.97,❗ Напад на військового ТЦК у ЛЬВОВІ! Ось що реально сталося,Апостроф TV,https://www.youtube.com/watch?v=zw-mwbCF_GQ,Напад на ТЦК у Львові. Під час проведення заходів оповіщення невідомий завдав ножового поранення в шию військовому.
тцк,2026-04-02T17:18:37Z,2.15,Ви ОНІМІЄТЕ від почутого. ОСЬ ХТО ЗАРІЗАВ працівника ТЦК у Львові. ВБИВЦЮ ЗАТРИМАЛА поліція,Ми - Україна,https://www.youtube.com/watch?v=iHYMLmWvlow,У Львові сьогодні скоєно черговий злочин проти працівників ТЦК. Посеред білого дня вбили військовослужбовця ...
тцк,2026-04-02T17:09:33Z,1.32,У білий день на вулиці Патона інспектор митниці накинувся на службовця ТЦК  | ПравдаТУТ Львів,ПравдаТУТ Львів,https://www.youtube.com/watch?v=K5ytJdF_fWg,"Шокуючий злочин, і не менш резонансне затримання. У білий день на вулиці Патона інспектор митниці накинувся на ..."
тцк,2026-04-02T17:09:50Z,1.95,Ответ пользователю @Олександр Кто такие ТЦК по Конституции Украины?,Адвокат Олег Лукьянчиков,https://www.youtube.com/watch?v=uQGakRNN1hs,Ответ пользователю @Олександр Кто такие ТЦК по Конституции Украины?
тцк,2026-04-02T17:00:00Z,0.1,Поліція затримала вбивцю працівника ТЦК у Львові! #україна #тцк #мобілізація #поліція #львів,Victor Korenivskiy,https://www.youtube.com/watch?v=apXDRjIZxZo,
тцк,2026-04-02T17:00:22Z,0.33,Днепр. ТЦК КРЕПКО ОТГРЕБЛИ,Недомобилизованный Украинец,https://www.youtube.com/watch?v=P6eKOQ0GSy0,"Народные протесты против беспредела ТЦК и незаконной мобилизации, похоже, набирают обороты. В этот раз — Днепр."
тцк,2026-04-02T16:54:30Z,8.05,"⚡️Трагедія з працівником ТЦК, суд у справі Ірина Фаріон та уламки «шахеда» | ПравдаТУТ Львів",ПравдаТУТ Львів,https://www.youtube.com/watch?v=3K6prXsZqNg,"У випуску «Новини В ТЕМІ» — резонансні події Львова та області: трагічний інцидент із працівником ТЦК, нові деталі суду у ..."
тцк,2026-04-02T16:43:56Z,0.43,Мишаню схватили ТЦК?! SOS - я залишився один... #сзч #реки #зсу #україна #тцк,Liss Barbariss,https://www.youtube.com/watch?v=NTc5g3zUVJk,Мишаню схватили ТЦК?! SOS - я залишився один... #сзч #реки #зсу #україна #тцк.
тцк,2026-04-02T16:45:06Z,1.45,У Львові вбили військовослужбовця ТЦК,ПЕРШИЙ ЗАХІДНИЙ,https://www.youtube.com/watch?v=0Ah3pUyCWbs,Підписуйтесь на Телеканал Перший Західний в YouTube - https://bit.ly/2WCZkrI У Львові вбили військовослужбовця ТЦК.
тцк,2026-04-02T16:37:50Z,6.83,⚡СРОЧНО! ПЕРЕКРЫТЫ МОСТЫ! В КИЕВЕ ТЦК ЗАБЛОКИРОВАЛИ МАРШРУТКИ! РЕЙДЫ ПРОДОЛЖАЮТСЯ! ЖЕСТЬ!,Алексей Гончаренко,https://www.youtube.com/watch?v=rRGH0nIIK94,Продолжаем разбирать кейсы бусификации! ✓Подписывайтесь на мой телеграм канал   https://t.me/oleksiihoncharenko ...
тцк,2026-04-02T16:34:35Z,13.98,Саня во Флориде Украинский фронт - зарезали ТЦК. 53 тела под Покровском. Раз вал НАТО. 02.04.26,Саня Флоридович,https://www.youtube.com/watch?v=xvyqj4B2wWw,Саня во Флориде Украинский фронт - зарезали ТЦК. 53 тела под Покровском. Раз вал НАТО. 02.04.26.
тцк,2026-04-02T16:35:00Z,1.9,"це важливо знати, якщо додому прийшли із #повісткою про явку до #ТЦК",Юрист Олексій Дударенко,https://www.youtube.com/watch?v=YzdSqqeBW1M,
тцк,2026-04-02T16:33:15Z,1.78,Напад на військового: у Львові затримали підозрюваного у вбивстві співробітника ТЦК,Суспільне Львів,https://www.youtube.com/watch?v=1jU2jbs5uwc,"2 квітня близько 14:15 на спецлінію 102 надійшло повідомлення про те, що на вулиці Патона у Львові під час проведення ..."
тцк,2026-04-02T16:31:27Z,0.58,@IvanMelnychuk_Official #ТЦК #Війна #Бусифікація #ІванМельничук,Ivan Ivanovich Melnychuk ,https://www.youtube.com/watch?v=cBca-ItjIqw,
тцк,2026-04-02T16:26:45Z,3.55,❗❗ САДОВИЙ ВІДРЕАГУВАВ на ШОКУЮЧЕ ВБИВСТВО ВІЙСЬКОВОГО ТЦК У ЛЬВОВІ,КИЇВ24 | Телеканал Київ  ,https://www.youtube.com/watch?v=fFdf6shAQ8g,"Вдень 2 квітня у Львові невідомий вбив військовослужбовця ТЦК. Міський голова Львова Андрій Садовий заявив, що ..."
тцк,2026-04-02T16:19:44Z,0.18,ТЦК та бабуся #україна #funny #viral #ржакадосліз #serial #automobile #cat #camedy #тцк,CLIPPY WOW,https://www.youtube.com/watch?v=_sVrZv_xKoI,
тцк,2026-04-02T16:17:37Z,2.02,Офицер ТЦК Роман Данилишин и критовалюта на 10 млн,Адвокат Олег Лукьянчиков,https://www.youtube.com/watch?v=l8yTY02_kgQ,Офицер ТЦК Роман Данилишин и критовалюта на 10 млн. ☎️0️⃣6️⃣6️⃣5️⃣5️⃣5️⃣1️⃣0️⃣2️⃣0️⃣   ...
тцк,2026-04-02T16:02:38Z,0.53,Маєте розшук ТЦК? Чи можна оформити бронювання #shorts,Офіс юридичної допомоги | Юрист Київ,https://www.youtube.com/watch?v=tkJs-EFs2SE,"Часте питання: чи можна оформити бронювання, якщо є статус «розшук ТЦК». На практиці такі ситуації потребують ..."
тцк,2026-04-02T16:01:23Z,0.23,Я ЗНЯВ ЯК В МАРШРУТЦІ ШОК 😱?!,Legal Land,https://www.youtube.com/watch?v=wwXybVmfSOw,"тцк, поліція, незаконне затримання, право на зйомку, розшук ухилянтів, незаконна мобілізація. Військовий у балаклаві ..."
тцк,2026-04-02T15:54:48Z,0.12,#врех #смех #мем #жиза #юмор##мелстроймемы #тцк,bam_bam_MELLSTROY_bam_bam,https://www.youtube.com/watch?v=HLPUUkkWp88,
тцк,2026-04-02T15:48:10Z,0.75,YarCHiK - Це не мобілізація 🎶🎶🎶 #yarchik #ярчік #музика #тцк #корупція #youtubemusic #shorts,Yarchik,https://www.youtube.com/watch?v=Kepzx2gJlkk,
тцк,2026-04-02T15:45:36Z,2.25,ЗАТРИМАННЯ ТЦК: ЯК ЗАХИСТИТИ СВОЇ ПРАВА,"Юридичний маркетплейс ""Консультант""",https://www.youtube.com/watch?v=rl67N1PO-40,"ЗАТРИМАННЯ ТЦК: ЯК ЗАХИСТИТИ СВОЇ ПРАВА У цьому відео розповімо, як захистити ваші права при затриманні ..."
тцк,2026-04-02T15:39:06Z,0.85,У Львові помер працівник ТЦК,Віталій Українець,https://www.youtube.com/watch?v=5lziB7DKlWs,https://t.me/Kombaynist мій телеграм канал.
тцк,2026-04-02T15:37:15Z,0.7,"ТЦК мобілізує людей, які перебувають на замісній терапії: Руслан Циганков",Радіо Свобода,https://www.youtube.com/watch?v=okyTUuHPWp0,"Руслан Циганков, перший заступник Військового омбудсмана, в інтерв'ю Радіо Свобода розповів про те, що ТЦК призиває ..."
тцк,2026-04-02T15:26:34Z,7.47,Військовий ТЦК зазнав смертельних поранень | ОК &quot;Захід&quot; про напад у Львові,Суспільне Новини,https://www.youtube.com/watch?v=LG-1Zl7AMK8,"2 квітня у Львові на офіцера групи оповіщення ТЦК скоїли напад із ножем, через тяжкі поранення згодом він помер попри ..."
тцк,2026-04-02T15:24:48Z,0.53,Погиб сотрудник ТЦК во Львове!,В Курсе UA,https://www.youtube.com/watch?v=vJ3Oru_qz2Y,
тцк,2026-04-02T15:18:26Z,6.72,ЗАГИНУВ ПРАЦІВНИК ТЦК: деталі вбивства у Львові. Хто був нападником? | НОВИНИ на FM Галичина,FM Галичина ,https://www.youtube.com/watch?v=wT4E209p-YQ,2 квітня у Львові внаслідок удару ножем загинув працівник ТЦК. Головні деталі події — у новому відео FM Галичина! #війна ...
тцк,2026-04-02T15:17:52Z,0.62,Чому вдарив працівника ТЦК?,PRYVOZ,https://www.youtube.com/watch?v=PXPNhOxrVR4,Чому Данило Колесник виклав відео бійки з ТЦК в соц.мережі?
тцк,2026-04-02T15:15:33Z,0.3,У Львові вбили військового ТЦК,Шелтер Shorts,https://www.youtube.com/watch?v=ycWavtQWwfE,"У Львові вбили військового ТЦК. Його смертельно поранили в шию. За даними поліції, підозрюваного вже затримали."
тцк,2026-04-02T15:07:44Z,0.08,🚨 Вбивство працівника ТЦК: загрожує довічне,OXI NEWS,https://www.youtube.com/watch?v=IPN4_3vpqyA,У Львові під час заходів оповіщення було смертельно поранено співробітника ТЦК. Нападник завдав ножового удару та ...
тцк,2026-04-02T15:01:45Z,1.48,Єновина!Чому інспектор митниці вбив працівника ТЦК у Львові? #блог #політика,Блог Разумовського,https://www.youtube.com/watch?v=LHH-8RKl7sU,
тцк,2026-04-02T15:00:40Z,2.87,Чоловік у комі після спілкування з ТЦК у Дніпрі,Суспільне Дніпро,https://www.youtube.com/watch?v=Q4rnxrnp5O0,"Дніпрянка Валентина розповідає, що 25 березня на її чоловіка Сергія напали невідомі в балаклавах. За словами жінки, він ..."
тцк,2026-04-02T15:00:00Z,1.25,В Украине бунт против мобилизации и беспредела ТЦК! Шокирующие последствия,Денис Лукьянов Новости Мира,https://www.youtube.com/watch?v=RFdWisFh0Sc,Лучший сервис денежных переводов из Европы в Украину!
тцк,2026-04-02T14:55:06Z,0.68,Ветеран про смертельний напад на працівника ТЦК у Львові #тцк #мобілізація #військові #shorts,FM Галичина ,https://www.youtube.com/watch?v=1_jNPAkymPM,
тцк,2026-04-02T14:51:07Z,11.55,ТРАГЕДІЯ У ЛЬВОВІ: СПІВРОБІТНИКУ ТЦК ПЕRERIЗАЛИ ШИЮ! Хто вбивця?!,ТСН,https://www.youtube.com/watch?v=0kZzkQX2-JU,"У 2 квітня у Львові співробітнику ТЦК перерізали шию: військовослужбовець помер, а нападник зник з місця злочину. Згодом ..."
тцк,2026-04-02T14:47:26Z,4.0,"Ось ТОЙ, хто ЖОРСТОКО розправився з працівником ТЦК у Львові! ЙОГО ВЖЕ ВЗЯЛИ!",Подробиці,https://www.youtube.com/watch?v=wbZoIb2u1pM,"У Львові відбулося резонансне затримання чоловіка, якого підозрюють у вбивстві військовослужбовця територіального ..."
тцк,2026-04-02T14:45:00Z,5.47,⚡️ДЕТАЛІ СТРАШНОЇ РІЗАНИНИ У ЛЬВОВІ! Працівнику ТЦК ПЕРЕРІЗАЛИ ГОРЛО У ВСІХ НА ОЧАХ. Почалась ПОГОНЯ,Фабрика новин,https://www.youtube.com/watch?v=mc2pO3f-OHA,Підписуйтесь на наш канал https://www.youtube.com/channel/UCMp5Buw-6LpbbV9r9Sl_5yg?sub_confirmation=1 У Львові ...
тцк,2026-04-02T14:44:57Z,0.2,‼️ІНЦИДЕНТ ІЗ ТЦК У ЛУЦЬКУ #тцк #мобілізація #бусифікація #луцьк,ВІДВЕРТО,https://www.youtube.com/watch?v=Q-r5P3OdzmI,
тцк,2026-04-02T14:40:06Z,0.23,🤯ВБИТОГО військового ТЦК везуть в морг #shorts,Новини.LIVE,https://www.youtube.com/watch?v=01CCAN1k1Cg,Джерело відео: ексклюзив Новини.LIVE #Львів #ТЦК #вбивство #Україна #поліція ПРИЄДНУЙСЯ: Наш сайт ...
тцк,2026-04-02T14:36:03Z,0.65,5 БУСІВ ТЦК ЗА ОДНІЄЮ ЛЮДИНОЮ #голоссвободи #voiceoffreedomua #voiceoffreedom,ГОЛОС СВОБОДИ,https://www.youtube.com/watch?v=I3TXmyE4GQE,"Одразу кілька бусів і велика кількість людей у балаклавах прибули до шиномонтажу, де працював лише один чоловік."
тцк,2026-04-02T14:36:02Z,0.27,"йдемо на позиції, Лиман. #новиниукраїни #новини #зсу #україна #тсн #тцк #новинионлайн",НОВИННИЙ РАДАР. НОВИНИ УКРАЇНИ ТА СВІТУ,https://www.youtube.com/watch?v=3vddwkqeJZo,Більше інформації в групі ЗСУ. Посилання на сторінці.
тцк,2026-04-02T14:37:17Z,0.62,УДАРОМ НОЖА У ШИЮ: У ЛЬВОВІ ВБ1ЛИ ВІЙСЬКОВОГО ТЦК,КИЇВ24 live,https://www.youtube.com/watch?v=aDEU50EPhP4,Підписуйтесь на наш канал: https://www.youtube.com/channel/UCT8m5Ltxs5tkhRzvHeAPrtA?sub_confirmation=1 Головні ...
тцк,2026-04-02T14:33:31Z,2.48,"Напад на ТЦК у Львові! Військовий загинув, нападника спіймали - всі деталі",РБК-Україна,https://www.youtube.com/watch?v=bajqEu4Sqj4,У Львові 2 квітня напали на військовослужбовця ТЦК. Невідомий підійшов до офіцера і вдарив його ножем. Від отриманих ...
тцк беспредел,2026-04-02T14:30:28Z,8.57,😲ВДАРUВ Н0ЖЕМ у ШUЮ військовослужбовця ТЦК! ⚡Поліція затримала нападника. ❗НАЖИВО всі подробиці,5 канал,https://www.youtube.com/watch?v=gIsHnDntLIA,"У Львові затримали зловмисника, який скоїв напад на військовослужбовця ТЦК. Від травм військовий помер. Докладніше ..."
тцк,2026-04-02T14:26:01Z,11.25,❌ТЦК ЛОВЛЯТЬ по-НОВОМУ‼️ОБЛАВИ у містах! З 1 квітня МОБІЛІЗАЦІЮ ПОСИЛИЛИ!,Українська хвиля,https://www.youtube.com/watch?v=wioycAjwndo,Мобілізація в Україні з 1 квітня: ПОСИЛЕНО рейди у містах! Заява з Верховної Ради! ДЕТАЛІ – У ВІДЕО! Дізнайтесь ...
тцк,2026-04-02T14:24:04Z,1.12,Убийство военнослужащего ТЦК во Львове подозреваемый задержан,Адвокат Олег Лукьянчиков,https://www.youtube.com/watch?v=sgK1vXZar1g,Убийство военнослужащего ТЦК во Львове подозреваемый задержан.
тцк,2026-04-02T14:22:42Z,0.9,‼️Удар у шию і смерть: напад на ТЦК у Львові. Нападник — працівник митниці #Львів #ТЦК #Військові,Львівська Мануфактура Новин,https://www.youtube.com/watch?v=hbR71XqTo4E,"Смертельний напад на військового ТЦК у Львові! Нападника затримано, мотиви невідомі. Реакція поліції, військових та ..."
тцк,2026-04-02T14:21:06Z,0.28,"У Львові співробітнику ТЦК перерізали горло, він помер",Новини з нуля,https://www.youtube.com/watch?v=8KKCPBCdUDE,"Загиблому співробітнику ТЦК, якого у Львові поранили в шию, було 52 роки. Група невідомих втекла з місця події, ..."
тцк,2026-04-02T14:20:26Z,0.45,🚨ТЕРМІНОВО: нові деталі про вбивство у Львові #ТЦК,Новини.LIVE,https://www.youtube.com/watch?v=nyAyAVzcEKY,Джерело відео: ексклюзив Новини.LIVE #Львів #ТЦК #вбивство #Україна #поліція ПРИЄДНУЙСЯ: Наш сайт ...
тцк,2026-04-02T14:18:45Z,11.33,10000$ ЗА ВЫХОД ИЗ ТЦК! Несправедливая мобилизация в Украине и взятки в ТЦК,Вадим Фолькер,https://www.youtube.com/watch?v=uXePYRVzMLE,"В Украине сотрудники ТЦК требуют $5 тысяч за то, чтобы отпустить мужчину из «буса» и $10 тысяч из помещения ТЦК."
тцк,2026-04-02T14:12:31Z,0.32,#новини #війнавукраїні #тцк #мобілізація,Суть по суті,https://www.youtube.com/watch?v=qquQgnwOHfE,
тцк,2026-04-02T14:07:57Z,0.55,Нападником на військового ТЦК у Львові ВИЯВИВСЯ інспектор митниці,Медіа-хаб ТВОЄ МІСТО,https://www.youtube.com/watch?v=QVfh01iTpn0,
тцк,2026-04-02T14:06:04Z,1.32,Вбивство ТЦКшника у Львові #україна #тцк #мобілізація #львів,Architektor,https://www.youtube.com/watch?v=UvByxDTICCU,
тцк,2026-04-02T14:03:04Z,1.85,Приговор на 5 лет и при чем здесь ТЦК? ☎️0️⃣6️⃣6️⃣5️⃣5️⃣5️⃣1️⃣0️⃣2️⃣0️⃣👈 юридическая консультация,Адвокат Олег Лукьянчиков,https://www.youtube.com/watch?v=tg26crko6mo,Приговор на 5 лет и при чем здесь ТЦК? ☎️0️⃣6️⃣6️⃣5️⃣5️⃣5️⃣1️⃣0️⃣2️⃣0️⃣   юридическая ...
тцк,2026-04-02T14:01:29Z,0.25,ТЦК ЗБИЛИ ЛЮДИНУ ЖАХ ⚠️?!,Legal Land,https://www.youtube.com/watch?v=uypq30r4k_0,"тцк, поліція, незаконне затримання, право на зйомку, розшук ухилянтів, незаконна мобілізація. Відеофіксація наслідків ДТП ..."
тцк,2026-04-02T13:49:55Z,0.25,Вбивство військовослужбовця ТЦК у Львові #новини #україна #мобілізація,Народні Новини,https://www.youtube.com/watch?v=AP1fEMgiJ_8,новини #україна #мобілізація.
тцк,2026-04-02T13:45:01Z,12.08,🔴 ТЕРМІНОВО! ВБИВСТВО У ЛЬВОВІ! Військовому ТЦК ПЕРЕРІЗАЛИ ножем ГОРЛО! Деталі,Факти ICTV,https://www.youtube.com/watch?v=NQJ8MTLuXN8,"Телеканал Інтер зібрав головні новини України та світу на 16:00, 2 квітня. Троє поранених та понад 900 обстрілів за добу у ..."
тцк,2026-04-02T13:42:08Z,0.37,У Львові смертельно поранили співробітника ТЦК,BOMB NEWS,https://www.youtube.com/watch?v=IM1TbJRXGVU,львів #новости #війнавукраїні.
тцк,2026-04-02T13:37:33Z,0.3,🚨ВБИЛИ військового у Львові! #ТЦК,Новини.LIVE,https://www.youtube.com/watch?v=f8zQXZHm0sg,Джерело: Новини.LIVE #Львів #ТЦК #вбивство #Україна #поліція ПРИЄДНУЙСЯ: Наш сайт - https://novyny.live Instagram ...
тцк,2026-04-02T13:32:28Z,0.53,НАПАДНИКА на працівника ТЦК затримали❗️ Деталі розповів журналіст Глагола #війна #новини #тцк,FM Галичина ,https://www.youtube.com/watch?v=wov04Rb_L0I,
тцк,2026-04-02T13:30:29Z,0.1,У Львові напад на співробітника ТЦК закінчився фатально,Світло в вірі shorts,https://www.youtube.com/watch?v=X5ZJWRpxze8,"Якщо Ви бажаєте Фінансово підтримати канал 1,2,5,10 грн це вже підтримка для нас! Дякуємо! Mono банк 4441 1110 4246 ..."
тцк,2026-04-02T13:29:15Z,5.32,Свіжі подробиці мобідізації. Ратрулі ТЦК і Бронювання,Адвокат Ігор Липявка,https://www.youtube.com/watch?v=4xWjnGKGHiM,
тцк,2026-04-02T13:28:30Z,0.15,Нападение на сотрудника ТЦК #Львов #ТЦК #Украина #Мобилизация #Новости #новини #україна #львів,Публіцист,https://www.youtube.com/watch?v=08oCZ_LeLVg,"Во Львове во время попытки принудительной мобилизации был смертельно ранен сотрудник ТЦК, сообщает журналист ..."
тцк,2026-04-02T13:23:17Z,0.33,"У ЛЬВОВІ РОЗШУКУЮТЬ ЧОЛОВІКА, який НОЖЕМ ПЕРЕРІЗАВ ШИЮ ПРАЦІВка ТЦК",ТСН,https://www.youtube.com/watch?v=4XL9DWkeKRo,"У Львові вбили військовослужбовця ТЦК ударом ножем у шию. За інформацією ЗМІ, сутичка сталася між працівниками ТЦК ..."
тцк,2026-04-02T13:25:01Z,0.22,ЖЕСТОКАЯ МЕСТЬ ТЦК,Новости без пропаганды ,https://www.youtube.com/watch?v=CrU8pvM58V0,"Во Львове произошло резонансное нападение: сотрудник ТЦК погиб после удара ножом в шею, а подозреваемый скрылся."
тцк,2026-04-02T13:19:44Z,11.45,Жорстоке вб*вство працівника ТЦК у Львові| Новини 2 квітня,Подробиці,https://www.youtube.com/watch?v=9Br9mRmpYEI,"Останні новини України та світу за 16:00 у четвер 2 квітня 2026 року, в ефірі «Подробиць», у межах телемарафону «Єдині ..."
тцк,2026-04-02T13:15:10Z,9.22,Днепр Взрывы🔥ТЦК ПЕРЕРЕЗАЛИ ШЕЮ🔥Украинцы Радуются в Комментариях🔥СЕЛО НАПАЛО НА ТЦК 2 апреля 2026 г.,Барахолка ТВ,https://www.youtube.com/watch?v=fgwCMZ1k8FA,пропитание. : rolandofgilead@ukr.net (PayPal)-Международные Переводы Банковская Карта: 4441111066579164 (Украина) ...
тцк,2026-04-02T13:14:25Z,0.4,У Львові вбили військового ТЦК. Що відомо #shorts #львів #новини,BBC News Україна,https://www.youtube.com/watch?v=C60NZhfZ_uw,"У Львові військовослужбовця ТЦК та СП смертельно поранили в шию – врятувати його не вдалося, повідомив керівник ..."
тцк,2026-04-02T13:04:20Z,3.02,#обзор #я #позавтракаем #гуляем #тцк #израиль #песах #прогулка,ДашаРулит,https://www.youtube.com/watch?v=dibrbbN79bg,
тцк,2026-04-02T13:04:15Z,0.7,СМЕРТЕЛЬНО ПОРАНИЛИ ТЦК ❗️ У Львові розшукують нападника #війна #новини #тцк #shorts,FM Галичина ,https://www.youtube.com/watch?v=44fFLN_gg6g,
тцк,2026-04-02T13:00:52Z,0.43,"ЗАМЕС СО СТРЕЛЬБОЙ. Полиция, ТЦК, военные",Недомобилизованный Украинец,https://www.youtube.com/watch?v=Vf95vl28Hzw,"В Запорожье произошел конфликт, начавшийся при попытке бусификации гражданского сотрудниками ТЦК и полиции."
тцк,2026-04-02T13:00:00Z,1.5,Осторожно.  Ряженые ТЦК,Слово за Тарасом,https://www.youtube.com/watch?v=cX7vDQoi6Gg,Осторожно. Ряженые ТЦК.
тцк,2026-04-02T13:00:44Z,0.45,У Львові з ножем напали на військового ТЦК: він загинув,Львівська Мануфактура Новин,https://www.youtube.com/watch?v=PfFGduGnLCM,"Сьогодні, 2 квітня, на спецлінію 102 надійшло повідомлення про те, що на вулиці Патона у Львові під час проведення ..."
тцк беспредел,2026-04-02T13:01:22Z,11.42,ТЦК бегут спасая свои шкуры !!! | Могилизация провалилась...,Arthur [FreeMan],https://www.youtube.com/watch?v=r2WRLEcLuMA,тцк #войнавукраине #мобилизация #армия #полиция #зсу #выживание.
тцк,2026-04-02T13:01:38Z,4.68,ПОЛІЦІЯ ТА ТЦК МАСОВО СТАВЛЯТЬ БЛОКПОСТИ! ЩО ВОДІЯМ ПОТРІБНО ЗНАТИ?,Dima Poltava,https://www.youtube.com/watch?v=waSepce5wME,Зараз на дорогах масово з'являються блокпости — і ось що це значить” ЗАХИСТИ себе на дорозі вже сьогодні ...
тцк,2026-04-02T12:56:23Z,0.63,У ЛЬВОВІ ПЕРЕРІЗАЛИ ГОРЛО ВІЙСЬКОВОМУ ТЦК,Espreso.TV,https://www.youtube.com/watch?v=nhZlM4nJU_Q,"У Львові вбили військовослужбовця ТЦК, йому перерізали шию. Поліція наразі розшукує причетного до злочину. #тцк #сбу ..."
тцк,2026-04-02T12:47:09Z,1.9,Военнослужащий ТЦК погиб во Львове,Адвокат Олег Лукьянчиков,https://www.youtube.com/watch?v=li0aavYH9wg,Военнослужащий ТЦК погиб во Львове. ☎️0️⃣6️⃣6️⃣5️⃣5️⃣5️⃣1️⃣0️⃣2️⃣0️⃣   юридическая ...
тцк,2026-04-02T12:48:16Z,1.0,"Єновина!На вулиці війна, а ви чекайте реформу ТЦК до Літа? #влада #політика #блог",Блог Разумовського,https://www.youtube.com/watch?v=25E_J3PJ1CI,
тцк,2026-04-02T12:44:08Z,0.38,У Львові вбили військового ТЦК,Медіа-хаб ТВОЄ МІСТО,https://www.youtube.com/watch?v=81uudhxA5iQ,
тцк,2026-04-02T12:37:03Z,0.17,❗У Львові під час нападу з ножем загинув працівник ТЦК #тцк  #новини  #новинисвіту #львів,Телеканал Конкурент Україна,https://www.youtube.com/watch?v=XVYNPdzvnVQ,конкурентукраїна #конкурентtv #новини #конкурент #новиниукраїни #новинисвіту #новинионлайн #наживо.
тцк,2026-04-02T12:24:26Z,0.5,💥РІЗАНИНА У ЛЬВОВІ! Працівник ТЦК ЗАГИНУВ - шукають нападників,Телеканал Конкурент Україна,https://www.youtube.com/watch?v=WiS6I11eo_w,"У Львові стався напад, унаслідок якого загинув працівник ТЦК. Нападників розшукують, обставини події встановлюють ..."
тцк,2026-04-02T12:09:20Z,1.23,ТЦК в Эмиратах: угроза войны и глобальные последствия,Alex Ratinsky,https://www.youtube.com/watch?v=_45mUwHyjyc,"Эмираты готовятся открыть ТЦК? ОАЭ готовы воевать с Ираном. В то время как нефть и стратегические резервы на грани, ..."
тцк,2026-04-02T12:00:26Z,0.92,#новини #тцк,Посилання на повне відео в описі профілю,https://www.youtube.com/watch?v=9aZF_hhBR2k,
тцк,2026-04-02T11:14:48Z,2.25,«Папа!»: затримання батька на очах у дитини.#тцк #мобілізація #правадитини#свавілля #дітивійни#закон,JustTolik,https://www.youtube.com/watch?v=ZysLbhsz7is,"Чергові кадри жорсткої мобілізації: представники ТЦК силоміць тягнуть чоловіка до буса, поки його маленький син кричить ..."
тцк,2026-04-02T11:00:56Z,0.18,#тцк #корупція #корупціявукраїні #новини #війна,КОРУПЦІЯ,https://www.youtube.com/watch?v=gW972n6c6H0,
тцк,2026-04-02T11:00:00Z,1.32,"Что будет, если не открывать двери ТЦК?",Слово за Тарасом,https://www.youtube.com/watch?v=evGvRGotXOo,"Что будет, если не открывать двери ТЦК?"
тцк,2026-04-02T10:20:05Z,0.93,"Анна Скороход: Як довести, що оборона від ТЦК законна?",Анна Скороход,https://www.youtube.com/watch?v=CHLRoJpyviM,"Ні для кого не секрет, що працівники ТЦК регулярно порушують права людей під час мобілізаційних дій. У випуску №8 ..."
тцк,2026-04-02T10:09:55Z,1.02,У скандалах навколо ТЦК винні обидві сторони,РБК-Україна,https://www.youtube.com/watch?v=poAGj1OdvUg,Усі новини – на нашому сайті https://www.rbc.ua Читайте та обговорюйте новини у Facebook ...
тцк,2026-04-02T10:01:21Z,0.33,МЕНЕ КИНУЛИ В БУС ЦЕ ШОК 😱?!,Legal Land,https://www.youtube.com/watch?v=sEJ06a5lNKA,"ТЦК, незаконне затримання, право на зйомку, незаконна мобілізація, розшук ухилянтів, поліція. Примусове силове ..."
тцк,2026-04-02T10:00:35Z,0.8,🔥Мужик ЦІПКОМ ⛓️ Розігнав ТЦК в Одесі,Пильний Дніпрянин,https://www.youtube.com/watch?v=Men3Buti8_M,"Засуджуємо будь-який прояв насильства проти будь-кого! Такого одеського ""прийому"" ТЦК точно не очікували — у хід пішов ..."
тцк,2026-04-02T09:44:06Z,0.32,🤯 Поліція затримала дівчину через розшук ТЦК #TandemNews #Війна #Новини #Харків #Мобілізація #спорт,Tandem News,https://www.youtube.com/watch?v=kQTh0zYDKsA,
тцк,2026-04-02T09:28:04Z,0.8,Вся проблема в діях ТЦК,Правда українця,https://www.youtube.com/watch?v=Qin0HIlfe88,"Ніякої ворожої пропаганди не треба, коли ТЦК самостійно руйнує суспільство зсередини. #Арестович #Україна #політика ..."
тцк,2026-04-02T09:24:41Z,3.02,#резерв_плюс #військовий_адвокат #військовий_облік #відстрочка #тцк @yuvchenko_law_company,Юридичний блог від Ювченко & Партнери ,https://www.youtube.com/watch?v=XRMxQzpf3vI,
тцк,2026-04-02T09:14:36Z,0.8,🔨 Працівники ТЦК БʼЮТЬ МАШИНУ бітами в Одесі: Олексій Гончаренко оприлюднив кадри конфлікту,TPK MAPT,https://www.youtube.com/watch?v=JW3yPtBO9i8,
тцк беспредел,2026-04-02T09:08:34Z,5.3,🤬ОДЕССА! С БИТАМИ НА ПРОСТЫХ ЛЮДЕЙ!!! ТЦК СОВСЕМ ОЗВЕРЕЛИ! РАЗОГНАТЬ К ЧЕРТОВОЙ МАТЕРИ!,Алексей Гончаренко,https://www.youtube.com/watch?v=8CwJItvdBl8,"В Одессе продолжаются зверства ТЦК, на этот раз с битами надают на автомобили. В то же время сотрудники ТЦК ..."
тцк,2026-04-02T09:00:04Z,0.12,ТЦК не на тих нарвалися #тцк #новини #україна #гумор #вірусне #відеодня,AI Gone Crazy,https://www.youtube.com/watch?v=33dy5jiZ1Eo,Тцк прийшли в українське село! ⚠️Відео створено з використанням штучного інтелекту на основі оригінального сценарію ...
тцк,2026-04-02T09:00:00Z,0.93,Що ТЦК не має права робити? #тцк #shorts,Мережа права | Права військових,https://www.youtube.com/watch?v=ta6oSX9PT0g,мережаправа #тцк #мобілізація Залишити заявку на БЕЗКОШТОВНУ консультацію: ...
тцк,2026-04-02T08:57:00Z,8.18,"❗️СТАЛОСЯ! Змінюють ПРАВИЛА МОБІЛІЗАЦІЇ! Що чекає ВІЙСЬКОВИХ, та як КАРАТИМУТЬ ТЦК?",Новини.LIVE,https://www.youtube.com/watch?v=Ly76-pb1JgI,"Сергій Євтушок, народний депутат, фракція ""Батьківщина"", став гостем каналу Новини.LIVE. Разом з ведучими говорили ..."
тцк,2026-04-02T08:54:10Z,0.82,Заброньована гныда Ткач пропагандон #война #могилизация #тцк,Ухилянт,https://www.youtube.com/watch?v=m_DXAKc176c,
тцк,2026-04-02T08:52:15Z,1.02,#тцк #відео #ухилянт трек на всіх цифрових площадках!,MD\Another Music ,https://www.youtube.com/watch?v=WRwU-fu1CVE,"відео з тг каналу ""х.йовая одеса"" !"
тцк,2026-04-02T08:20:02Z,1.35,Єновина!Чому незаконні дії ТЦК є загрозою для працівників самого ТЦК? #влада #блог #політика,Блог Разумовського,https://www.youtube.com/watch?v=i9bFEx0DaP8,
тцк,2026-04-02T07:46:29Z,1.0,Про свавілля  тцк і поліції,OLIVER,https://www.youtube.com/watch?v=YZXTA6Ry8lE,
тцк,2026-04-02T07:38:59Z,0.27,ІТ то для жебраків. ТЦК - ось де бабки,Мій Досвід | Андрій Нікішаєв,https://www.youtube.com/watch?v=yHoQ40VW0S4,
тцк,2026-04-02T07:30:17Z,14.78,РОЗШУК ТЦК: Бронь та відстрочка більше не працює?!,Адвокат Болтик,https://www.youtube.com/watch?v=PhhBk43KnHg,"Ти впевнений, що тебе немає в розшуку? Навіть якщо у тебе є бронь або відстрочка — це не гарантує безпеку. Коли тебе ..."
тцк,2026-04-02T07:30:07Z,1.9,😤ТЦК потрібно карати за бусіфікацію - Разумков. #влада #тцк #бусифікація #мобілізація #разумков,Розумна Політика,https://www.youtube.com/watch?v=A-e-gxvSfy0,
тцк,2026-04-02T06:57:26Z,0.62,Задули ТЦК,В гостях у Єгеря!,https://www.youtube.com/watch?v=HOBs1Yh98_o,Закрита спільнота Unfair Advantage: https://unfair.university/?ref=j42so9zj Консультації та знижки в Прапорщику: ...
тцк,2026-04-02T06:58:15Z,0.82,Заброньованый пропагандон Ткач с Украинской Помойки который катает спокойно по Европе  #тцк #война,ИПСО,https://www.youtube.com/watch?v=0kvltHBHso0,Пока вы сидите дома и нос не можете высунуть эта заброньована гныда катается по Европе.
тцк,2026-04-02T06:00:00Z,1.3,ТЦК  сбили человека,Слово за Тарасом,https://www.youtube.com/watch?v=No39KDKVXhk,ТЦК сбили человека.
тцк,2026-04-02T05:54:36Z,0.12,"POV: Коли приїхав у відпустку, але інстинкти сильніші... 😂🪖 #shorts #україна #тцк #зсу #жиза",Ромчик,https://www.youtube.com/watch?v=0fzIQzM6E0Y,"Хлопці, у кого так само спрацьовує рефлекс? Пишіть у коментах! #shorts #тцк зсу #відпустка #гумор #україна."
тцк,2026-04-02T05:41:34Z,10.67,ОТКРОВЕННО ПРО ТЦК,Александр Беспалый,https://www.youtube.com/watch?v=0eJKIn_EVT8,Моя техніка виводить наших військових з-під ворожого вогню. Допомагайте! Збережемо життя наших бійців! На розробку ...
тцк,2026-04-02T05:35:31Z,14.78,БАНДИТЫ В &quot;ЗАКОНЕ&quot; ТЦК ОДЕССА😡😡😡,УКРАИНЦЫ ДОНБАССА,https://www.youtube.com/watch?v=lKQcs1uujYY,ДЛЯ ДОНАТОВ НА РАЗВИТИЕ КАНАЛОВ ПРИВАТБАНК 4731 2106 4226 7176 САВИЦКАЯ НАТАЛЬЯ ИВАНОВНА.
тцк,2026-04-02T05:29:01Z,2.67,ТЦК ПОЙМАЛИ ИНОСТРАННОГО ВЕТЕРАНА КОТОРЫЙ ВОЕВАЛ ЗА УКРАИНУ И УГРОЖАЮТ ЕГО ЖЕНЕ!!!,POLITYK UA,https://www.youtube.com/watch?v=OfWryEtBGK4,
тцк,2026-04-02T05:00:38Z,12.42,ТРАГЕДІЯ В ЛУЦЬКУ! ВАГІТНУ ПРОВЕЗЛИ НА КАПОТІ АВТО. Натовп громить БУСИ ТЦК. У селах коїться СТРАШНЕ,СОЛОМКА,https://www.youtube.com/watch?v=jOwzd0viAMQ,"Напруга в країні доходить до межі: вагітну жінку тягнуть на капоті, дітей залишають у сльозах, а села стрімко пустіють."
тцк,2026-04-02T04:57:11Z,0.9,25 лосів у формі проти одного працівника шиномонтажа.,Фактолог UA,https://www.youtube.com/watch?v=o3CSbrK4_dc,"В Одесі 5 бусів ТЦК (25 ТЦК-ашників та КОП-в) забрали єдиного працівника шиномонтажа, який їм ремонтував машини."
тцк,2026-04-02T04:00:06Z,8.6,⚠️З 1 КВІТНЯ‼️ТЦК ЛОВЛЯТЬ по-новому⚡НАКАЗ по МОБІЛІЗАЦІЇ ЗАЧЕПИТЬ КОЖНОГО!,NEWSROOM,https://www.youtube.com/watch?v=7VvpU1t8biA,Інтерв'ю Головнокомандувача ЗСУ Олександра Сирського викликало шквал заголовків. Але реальний сенс — не в гучних ...
тцк,2026-04-02T03:55:57Z,1.83,Як мені в лісідали повістку...#повістка #тцк #ліс #гриби @Dnipro M,Женя Скакун,https://www.youtube.com/watch?v=WE0Q0xKFVMM,
тцк,2026-04-01T21:39:36Z,4.03,"ТЦК погрожує місцевим мешканцям у Хустському р-ні, народ повстав та вимагає розʼяснення та правди",vibroplus,https://www.youtube.com/watch?v=vjlLgC9qemw,"5351 1606 0041 6875 - підтримати автора донатом та його місії, всі стріми проводяться в Тік ток ..."
тцк,2026-04-01T20:30:25Z,0.87,#новини #тцк,Посилання на повне відео в описі профілю,https://www.youtube.com/watch?v=uFIdpfZeaxA,
тцк,2026-04-01T19:56:33Z,0.95,Видишь форму ТЦК - БЕГИ!,Слово за Тарасом,https://www.youtube.com/watch?v=BWa3dmwAqss,Видишь форму ТЦК - БЕГИ!
тцк,2026-04-01T19:42:41Z,0.67,что делать? #тцк #мобилизация,Держись меня | Shorts,https://www.youtube.com/watch?v=bLmRNsdSvh8,
тцк,2026-04-01T19:34:38Z,1.38,Инцидент с ТЦК - это норма?  Шокирующая правда!,Слово за Тарасом,https://www.youtube.com/watch?v=8oBQekx88pY,Инцидент с ТЦК - это норма? Шокирующая правда!
тцк,2026-04-01T19:06:54Z,0.12,#юмор #mellstoy #мем #mell #прикол #мелстрой #жиза #смех #memes #угар #ахаха #тцк #украина,smex_grex2025,https://www.youtube.com/watch?v=VbbiPACqynU,
тцк,2026-04-01T18:50:00Z,2.33,Депутат пояснив як маєвиглядати реформа ТЦК? #політика #влада #блог,Блог Разумовського,https://www.youtube.com/watch?v=TBxfK2S6JCE,
тцк,2026-04-01T18:50:00Z,0.97,Єновина!Депутат заявив про тарифи в ТЦК? #влада #блог #політика,Блог Разумовського,https://www.youtube.com/watch?v=-ZhxTpjhO3w,
тцк,2026-04-01T18:49:16Z,2.15,Про роботу ТЦК,Бутусов Плюс,https://www.youtube.com/watch?v=DFcBmnobaoc,
тцк,2026-04-01T18:31:05Z,0.38,Реальное отнощение к ТЦК среди украинцев #short,СМОТРИ,https://www.youtube.com/watch?v=Bya6FGbaflY,"Вырезка из интервью проекта ""Мама, я в порядке"". Переходите в канал, чтобы посмотреть полный выпуск. Подписаться на ..."
тцк,2026-04-01T18:23:05Z,0.97,Скандал на Вінниччині: натовп зупинив бус ТЦК,Nadiia Kovalchyk,https://www.youtube.com/watch?v=If9mFcmas-M,
тцк,2026-04-01T18:06:39Z,1.48,Что? Комбат «Азова» отбил гражданского от ТЦК?,Правовое Государство,https://www.youtube.com/watch?v=t2Qt6bbDE2o,
тцк,2026-04-01T17:59:27Z,1.38,Стерненко і ТЦК: як активіст від армії «відпетляв»? 🏃‍♂️💨 #стерненко,Focus Ukraine ,https://www.youtube.com/watch?v=WL5N5Y3eSpo,"Чому Сергій Стерненко, який закликає до радикальної війни, сам опинився в епіцентрі скандалу з розшуком? У цьому відео ..."
тцк,2026-04-01T18:00:03Z,2.03,Битою запрошують в ТЦК?,Адвокат Болтик,https://www.youtube.com/watch?v=dOI9Le-AtiY,Люди в масках… біти… і розбита машина. Це вже не про “перевірку документів” — це про повний безлад. Саме в такі ...
тцк,2026-04-01T17:50:26Z,1.38,Чому Стерненко пішов із ЗСУ? Правда про розшук ТЦК 🧐#стерненко,OkoUA,https://www.youtube.com/watch?v=epo0lvsX1N4,У цьому відео розбираємо найгучніший скандал навколо Сергія Стерненка. Чому відомий волонтер опинився в розшуку ...
тцк,2026-04-01T17:37:11Z,0.12,#вызов #телефон #активпж #пустьзалетит #тцк,Нера или Ноля ,https://www.youtube.com/watch?v=8XgnGK8OyoA,
тцк,2026-04-01T17:36:55Z,1.03,Целое село восстало и  прогнали ТЦК,Слово за Тарасом,https://www.youtube.com/watch?v=u33xQazsLTc,Целое село восстало и прогнали ТЦК.
тцк,2026-04-01T17:25:28Z,2.47,"ТЦК вимагають $5 тисяч за те, щоб відпустити людину з «бусіка» та $10 тисяч — з приміщення ТЦК",Pavel T (P 189),https://www.youtube.com/watch?v=URo62V_9y60,
тцк,2026-04-01T16:41:16Z,0.92,Водій розвів ТЦКУНА😆 #військомат #мобілізація #тцк #війна #беззаконня #поліція #тцктасп,Беззаконня та Закони,https://www.youtube.com/watch?v=lzrD9RtgM2A,
тцк,2026-04-01T16:15:59Z,2.28,⚡️Свавілля ТЦК буде ЗУПИНЕНО‼️ Законопроєкт Разумкова вже у Раді‼️,Розумна Політика,https://www.youtube.com/watch?v=ulT54TUBz20,"Дії окремих представників ТЦК дедалі частіше нагадують кримінальну хроніку 90-х років. Побиття, збиття автівками, силові ..."
тцк,2026-04-01T16:09:07Z,0.97,#новости#интересное#рафаэльдвоенкин#врек#важно#топ#зсу#тцк,Rafael Dvoenkin,https://www.youtube.com/watch?v=5qsJpxRlRFg,
тцк,2026-04-01T16:03:35Z,1.28,😱 ТЦК збили велосипедиста в Дніпрі!,Бусифікатор,https://www.youtube.com/watch?v=pXNp1FZ_NWA,"ТЦК збили велосипедиста і повезли його в ТЦК, але велосипед не кинули, а поїхали на велосипеді, бо схоже що велосипед ..."
тцк,2026-04-01T15:46:00Z,0.1,⚡ Гончаренко: систему ТЦК потрібно ЛІКВІДУВАТИ — прогнила повністю #україна #тцк,UA ВДОХ,https://www.youtube.com/watch?v=HZyv_My3iSY,"Депутат Гончаренко: систему ТЦК необхідно ліквідувати, вона прогнила повністю. Люди мають бути зацікавлені у службі."
тцк,2026-04-01T15:26:24Z,4.28,"Сутичка у Сосонці: місцеві заблокували авто ТЦК, поліція відкрила кримінальні провадження",Суспільне Вінниця,https://www.youtube.com/watch?v=TBHfCRZdyxg,У селі Сосонка на Вінниччині ввечері 31 березня сталась сутичка між місцевими жителями та представниками ...
тцк,2026-04-01T15:01:30Z,8.02,Тюрма ТЦК за бусифікацію та штраф 170 000 грн. Виключення жінок з обліку,Адвокат Роман Сімутін,https://www.youtube.com/watch?v=g02CNBo1CVw,"ТЦК каратимуть за помилковий облік в “Оберіг” на 170 тисяч гривень, саджатимуть за незаконну мобілізацію, а для жінок ..."
тцк,2026-04-01T15:00:00Z,0.52,Сирский: мобилизация должна быть безболезненной #Украина #Мобилизация #ТЦК #Сирский #Новости #новини,Публіцист,https://www.youtube.com/watch?v=pgMb7DfRsiU,"Сырский подчеркнул, что процесс мобилизации в Украине должен проходить безболезненно. Сотрудники ТЦК обязаны ..."
тцк,2026-04-01T15:00:00Z,5.78,ТЦК перевищує повноваження? Розбір гучних затримань і алгоритм дій,Мережа права | Права військових,https://www.youtube.com/watch?v=35sX08guiCU,мережаправа #тцк #мобілізація Залишити заявку на БЕЗКОШТОВНУ консультацію: ...
тцк,2026-04-01T14:53:54Z,0.52,Ганьба! ТЦК проти людей!,Політика без краваток,https://www.youtube.com/watch?v=a1wdzko38_4,ТЦК перейшли всі межі! Цей небезпечний для громадян орган пора розпускати. #Гончаренко #Україна #ТЦК #політика.
тцк,2026-04-01T14:06:58Z,0.15,ВСЁ — ДЛЯ ПОБЕДЫ! Мнение депутата #ТЦК #Мобілізація#ПраваЛюдини#Конституція#войнавукраине2022💔🙏,Ошуканий Українець,https://www.youtube.com/watch?v=aCL5fAO5XDQ,
тцк,2026-04-01T14:06:26Z,1.0,ВСЁ ПРАВИЛЬНО СКАЗАЛ в адрес ТЦК #ТЦК #Мобілізація#ПраваЛюдини#Конституція#войнавукраине2022💔🙏,Ошуканий Українець,https://www.youtube.com/watch?v=nDbOenX_jH8,
тцк,2026-04-01T14:04:54Z,2.92,Две смелые женщины против ЦЕЛОЙ БАНДЫ ИЗ ТЦК #ТЦК #Мобілізація#Конституція#войнавукраине2022💔🙏,Ошуканий Українець,https://www.youtube.com/watch?v=4vQuJZBYnpA,
тцк,2026-04-01T14:05:22Z,0.32,Две женщины против “воинов” из ТЦК #ТЦК #Мобілізація#ПраваЛюдини#Конституція#войнавукраине2022💔🙏,Ошуканий Українець,https://www.youtube.com/watch?v=Bfmj9QKlT2o,
тцк,2026-04-01T14:02:42Z,0.58,Бусифицировали парня #ТЦК #Мобілізація#ПраваЛюдини#Конституція#войнавукраине2022💔🙏,Ошуканий Українець,https://www.youtube.com/watch?v=gSjiXIXVpbw,
тцк,2026-04-01T14:01:00Z,0.48,Воин ВСУ о  тяжёлой  работе ТЦК #ТЦК #Мобілізація#ПраваЛюдини#Конституція#войнавукраине2022💔🙏,Ошуканий Українець,https://www.youtube.com/watch?v=aXu087pihUM,
тцк,2026-04-01T14:00:00Z,8.37,😱5000 ЗА ВИХІД ІЗ ТЦК? Депутат ШОКУВАВ деталями: це РУЙНУЄ армію України! ПОСЛУХАЙТЕ його,Новини.LIVE,https://www.youtube.com/watch?v=MQvnrVWowyQ,"Народний депутат від «Слуги народу» Георгій Мазураш став гостем студії Новини.LIVE, де разом із ведучими Павлом ..."
тцк,2026-04-01T13:50:40Z,13.52,КОНФЛІКТИ З ТЦК: де закінчується закон і що робити вам? Поради адвоката,РБК-Україна,https://www.youtube.com/watch?v=OwjQxKivY30,"Що робити при силовому затриманні ТЦК, чи законне застосування зброї та як захистити свої права? Розбираємо межі ..."
тцк,2026-04-01T13:44:49Z,0.72,ТЦК ПРОТИ 60-РІЧНОГО: ШОКУЮЧІ ДЕТАЛІ ІНЦИДЕНТУ #voiceoffreedomua #голоссвободи #voiceoffreedom,ГОЛОС СВОБОДИ,https://www.youtube.com/watch?v=86_bjxYKzaQ,На Волині стався резонансний інцидент за участі працівників ТЦК. Під час спроби мобілізації 60-річного чоловіка ...
тцк,2026-04-01T13:18:10Z,0.25,❗️❗️❗️ТЦК на фронт #історія #Україна #політикаукраїни,Критичне мислення,https://www.youtube.com/watch?v=cipkD4u8XhQ,"Канал «Критичне мислення» — це короткі, змістовні відео про історію, політику, війну, карти, архівні джерела та розбір ..."
тцк,2026-04-01T13:15:00Z,4.53,СТАТЬ СОЛДАТОМ – ЭТО ВЫБОР? // АМЕРИКАНЕЦ СПАС УКРАИНЦА ОТ ТЦК // Светов. Хайлайты,Либертарианские Хайлайты,https://www.youtube.com/watch?v=4QjS2Pg5WnI,Основной канал на YouTube: https://www.youtube.com/@SVTVofficial Подписывайтесь на SVTV NEWS: https://t.me/svtvnews ...
тцк,2026-04-01T12:30:07Z,0.72,Зустрів ТЦК? Що говорить КОНСТИТУЦІЯ? ⚖️,I LOVE UKRAINE,https://www.youtube.com/watch?v=7XCRAkheMBA,"Що робити, якщо вас зупинили представники ТЦК? У цьому відео розбираємо основні статті Конституції України (28, 29, ..."
тцк,2026-04-01T11:56:06Z,1.02,⚡️ХТО ЗАТРИМУВАТИМЕ УХИЛЯНТІВ?! #війна #україна #поліція #тцк #мобілізація,СУПЕРПОЗИЦІЯ,https://www.youtube.com/watch?v=ZEzzNymlILw,
тцк,2026-04-01T11:33:42Z,1.05,Крик материнської душі!!! ТЦК #агротехнологии #війна #тцк #україна #ukraine #смерть,ZemAgro,https://www.youtube.com/watch?v=45EKuMT9pzs,
тцк,2026-04-01T11:18:38Z,0.63,2/2 #рекомендации #мем #лунтик #тцк,Quspattimon,https://www.youtube.com/watch?v=vRBFQCLgVjU,
тцк,2026-04-01T11:06:18Z,1.15,"Блокировка карт, арест имущества тем, кто в розыске. Что может ТЦК, а что нет?",Адвокат Вера Тарасенко,https://www.youtube.com/watch?v=w67GSX56PNU,"Ссылка на основное видео, обзор которого в шортс: ""Усиление ответственности для уклонистов: блокировка карт, ..."
тцк,2026-04-01T10:58:45Z,0.27,Топ-100 FORBES для ТЦК-шников,Недомобилизованный Украинец,https://www.youtube.com/watch?v=si6DIZVO07s,"Столько сейчас всплывает незаконных доходов ТЦК-шников и ментов, что пора бы уже рейтинг Форбс для них отдельный ..."
тцк,2026-04-01T10:50:19Z,13.8,Замість ТЦК мобілізуватиме поліція? Нові методи мобілізації шокують! Ось що придумали в Раді,Олексій Голобуцький,https://www.youtube.com/watch?v=9-V1TVjnESA,"Проблема з мобілізацією в Україні. Рада планує розглянути реформу щодо змін правил мобілізації. Тепер, ймовірно ..."
тцк,2026-04-01T10:00:00Z,0.7,Смотрите супер подробный сериал про выход из Украины! #побег #тцк #втеча #уклонисты #україна  #втік,Илюха Trip Sitter,https://www.youtube.com/watch?v=_1OrGOjs19s,
тцк,2026-04-01T09:46:08Z,1.32,Консультації адвоката | #резервплюс #адвокат #мобілізація #тцк #штрафи,Адвокат Віталій Соловей,https://www.youtube.com/watch?v=IExx9yVFQvU,
тцк,2026-04-01T09:41:00Z,1.95,#новини #тцк,Посилання на повне відео в описі профілю,https://www.youtube.com/watch?v=wovsHz-8jsY,
тцк,2026-04-01T09:39:48Z,0.5,#новини #тцк,Посилання на повне відео в описі профілю,https://www.youtube.com/watch?v=lwu7HHbZD9I,
тцк,2026-04-01T09:37:31Z,0.77,"💥КОНФЛІКТ З ТЦК на Вінниччині! ЗАБЛОКУВАЛИ БУС, ЛЕТІЛО КАМІННЯ",Телеканал Конкурент Україна,https://www.youtube.com/watch?v=QMfOnl5kB0A,На Вінниччині під час заходів оповіщення стався конфлікт між місцевими жителями та представниками ТЦК. Ситуація ...
тцк,2026-04-01T09:24:29Z,1.1,3 видео за день😶4 часть #нато #тцк #ухилянти #бахмут #машаимедведь,Шериф_SBA,https://www.youtube.com/watch?v=YxwI9brNUTA,
тцк,2026-04-01T08:42:17Z,0.67,#рекомендации #тцк #лунтик #мем,Quspattimon,https://www.youtube.com/watch?v=i8Wsmx2Pyu4,
тцк,2026-04-01T08:22:26Z,0.8,Як ви оцінюєте роботу ТЦК? Діліться своїми думками в коментарях під цим відео! 👇,TERMINOVO UA,https://www.youtube.com/watch?v=EfJzBsxJH_k,
тцк,2026-04-01T08:20:00Z,12.33,⚡️ШТРАФ ДО 170 тис грн! РОЗШУК жінок ТЦК - що відбувається,Апостроф TV,https://www.youtube.com/watch?v=RHd3816bvbU,У ВРУ з'явився законопроєкт про військовий облік жінок. Документ має вирішити проблему з незаконним розшуком жінок ...
тцк,2026-04-01T08:17:10Z,1.7,Адвокат Анна Бурдужа+380508196704#ТЦК ТА СП ВИКОНАЛО РІШЕННЯ СУДУ #адвокат #Бурдужа#+380508196704#,адвокат Анна  Валеріївна Бурдужа  ,https://www.youtube.com/watch?v=USp6RA9JrmE,"РІШЕННЯ СУДУ, ЯКЕ НАБРАЛО ЗАКОННОЇ СИЛИ ПОВИННЕ БУТИ ВИКОНАНО ВІДПОВІДАЧЕМ. ПЕРЕМОГА!!! ТЦК ТА СП ..."
тцк,2026-04-01T08:07:38Z,0.38,Вопрос до ТЦК.,Виталя Pro,https://www.youtube.com/watch?v=2Y3TMSpzRzQ,
тцк,2026-04-01T07:56:45Z,0.77,"Чи знали Ви, що хвороба, є поважною причиною неявки в ТЦК та СП? 📄 Консультація юриста",PRIKHODKO&PARTNERS,https://www.youtube.com/watch?v=K1s39WbNW7Q,"Консультація юриста/ адвоката юридичної компанії ⚖️ ""Приходько та Партнери"" з питань неявки в ТЦК та СП. Задайте ..."
тцк,2026-04-01T07:44:20Z,2.17,Єновина!Відповідь ТЦК на те щовийшло все село уВінницькій області? #влада #блог #політика,Блог Разумовського,https://www.youtube.com/watch?v=VqP1yMYOyD4,
тцк,2026-04-01T07:43:21Z,0.13,#юмор #тцк #чебуреки #рекомендации #тренды,Станислав Михайловский | STANISGLAV,https://www.youtube.com/watch?v=V6mHITK0Eec,
тцк,2026-04-01T07:36:48Z,2.48,ТЦК - яким має бути покарання?👇#тцк #закон#бусифікація#правалюдини#свавілля #мобілізація#конституція,JustTolik,https://www.youtube.com/watch?v=GawRmgX-QDY,Влада намагається заспокоїти суспільство новими законопроєктами про штрафи для ТЦК. Але чи справді нам потрібні нові ...
тцк,2026-04-01T07:27:27Z,2.87,#мобілізація #мобілізація_україна #ТЦК #РезервПлюс #оберіг,Юридичний блог від Ювченко & Партнери ,https://www.youtube.com/watch?v=E9Q1FfjH56M,
тцк,2026-04-01T07:00:00Z,0.33,"Копи затримали жінку, яка опинилася в розшуку ТЦК",Новини Києва,https://www.youtube.com/watch?v=Mv8fqT6dnVI,новини #київ #новини_києва #україна #shorts.
тцк,2026-04-01T06:47:09Z,0.27,#тцк,Agushonush🇺🇦,https://www.youtube.com/watch?v=kXoiv6YxETY,
тцк,2026-04-01T06:47:08Z,0.63,КАК НАКАЗЫВАЮТ В ЗСУ #військові #мобілізація #тцк #пошук,SaveUkraine1313,https://www.youtube.com/watch?v=MTV-jSo9sLM,КАК НАКАЗЫВАЮТ В ЗСУ #військові #мобілізація #тцк #пошук.
тцк,2026-04-01T06:45:01Z,0.32,Зеленский будет защитником народа от беспредела ТЦК,Alen Ashop,https://www.youtube.com/watch?v=X7HgZj5SLHk,Зеленский будет защитником народа от беспредела ТЦК.
тцк,2026-04-01T06:38:47Z,0.98,3 часть😈#тцк #машаимедведь #роскомнадзор #машко,Шериф_SBA,https://www.youtube.com/watch?v=7O7h5ZP9EOs,
тцк,2026-04-01T06:39:28Z,0.75,ВІДСУТНЯ ПРАВОВА СИСТЕМА #мобілізація #тцк #бусифікація #зсу #війна #україна,НЕЗАЛЕЖНІ МЕДІА,https://www.youtube.com/watch?v=skbVI1l3gh4,
тцк,2026-04-01T06:30:05Z,8.18,ТЦК ПРИЙДЕ ЗА КОЖНИМ: Нові Правила з 1 Квітня! Чого чекати людям?,Знай ua,https://www.youtube.com/watch?v=MF6d8uzi39k,Дивіться більше відео: https://www.youtube.com/c/ZnajUA/playlists #новини #знайюа #мобілізація #армія #війна #зеленський ...
тцк,2026-04-01T06:00:00Z,12.42,ТЦК ВЛАМУЮТЬСЯ В КВАРТИРИ?,Тактичний Табір,https://www.youtube.com/watch?v=WJLhcwUnnuA,"У цьому відео розбираю, чи можуть представники ТЦК заходити в квартири та забирати людей прямо з дому. Що реально ..."
тцк,2026-04-01T06:00:32Z,1.15,🔥У Кременчуці Сусіди👍 Відбили Чоловіка Від ТЦК,Пильний Дніпрянин,https://www.youtube.com/watch?v=diS7MDl2Mwo,ТГ Пильний Дніпрянин https://t.me/pylnyidnipro https://policeofdnipro.mssg.me/ У Кременчуці Сусіди   Відбили Чоловіка ...
тцк,2026-04-01T05:53:17Z,0.28,Чому ТЦК не воюють?,В гостях у Єгеря!,https://www.youtube.com/watch?v=iZQ3bFirLkw,Закрита спільнота Unfair Advantage: https://unfair.university/?ref=j42so9zj Консультації та знижки в Прапорщику: ...
тцк,2026-04-01T05:51:33Z,0.37,Чому ТЦК не на фронті ?,В гостях у Єгеря!,https://www.youtube.com/watch?v=do_c5eocR5M,Закрита спільнота Unfair Advantage: https://unfair.university/?ref=j42so9zj Консультації та знижки в Прапорщику: ...
тцк,2026-04-01T05:00:26Z,1.15,Удары по ТЦК,Евгений Гильбо,https://www.youtube.com/watch?v=dxQNtlgscRA,Почему после первых нескольких анархических ударов по ТЦК не было продолжения? Ответ Гильбо Е.В. на вопрос ...
тцк,2026-04-01T04:44:49Z,0.12,туманный #юмор #харьков #нацполиция #тцк,egoisT,https://www.youtube.com/watch?v=cwuTT0gPvQ0,
тцк,2026-04-01T04:44:33Z,0.35,Людолов пропагандист! Максимальный репост! #рекомендации #рек #україна #тцк #live #life #video #news,Krivbass UA,https://www.youtube.com/watch?v=nuKpGgVFRUI,"Місюра Сергій - воєнний злочинець та пропагандист, тиловий та ряжений військовослужбовець-телеведучий Армія ТБ ..."
тцк,2026-04-01T04:42:33Z,3.02,#непридатність #військовийоблік #влк #оскарження_влк #ТЦК,Юридичний блог від Ювченко & Партнери ,https://www.youtube.com/watch?v=yKrvCtA-KJI,
тцк,2026-04-01T04:33:15Z,14.78,БАНДИТЫ ТЦК ОТКРЫЛИ ОГОНЬ ПО ЛЮДЯМ В  ОДЕССЕ 💥😡 ХИРУРГ-ЕРМАК🤑😡,ВЫЖИТЬ В УКРАИНЕ ,https://www.youtube.com/watch?v=grH6KHWK-lo,https://youtube.com/channel/UCRVa2ggZT_P14RdMoxbv8eg?si=Veczs4d9IkA3D3fw НАШ РЕЗЕРВНЫЙ КАНАЛ ДЛЯ ...
тцк,2026-04-01T04:12:42Z,1.2,Всем &quot;шановнім&quot; поэтам посвещается #тцк #войнавукраине2026 #зеленский #залужный,Velier Merider,https://www.youtube.com/watch?v=8bvHEhVMma8,
тцк,2026-04-01T00:28:43Z,0.7,Бус ТЦК  не прошел проверку в селе Сосонка,M_GUR,https://www.youtube.com/watch?v=YfIU1C9A_4I,"Винницкая область, село Сосонка. Ситуация накаляется до предела! Протестующие жители перекрывают дорогу и ..."
тцк,2026-03-31T23:34:57Z,0.95,#новини #тцк,Посилання на повне відео в описі профілю,https://www.youtube.com/watch?v=hKJoDigc6ms,
тцк,2026-03-31T21:13:00Z,0.85,Спасение дальнобойщика от ТЦК: полиция осталась с носом,M_GUR,https://www.youtube.com/watch?v=IVSNymhfj1U,"Сотрудники полиции перекрыли дорогу фуре. По словам очевидцев, силовики пытались отправить ..."
тцк,2026-03-31T20:14:54Z,0.8,"⚡️Сосонка: За словами очевидців, протистояння між місцевими жителями, ТЦК та поліцією #сосонка #тцк",𝗔𝗡𝗗𝗥𝗜𝗜 𝗢𝗦𝗧𝗔𝗡𝗗,https://www.youtube.com/watch?v=7t20Ln9M-OE,
тцк,2026-03-31T20:11:00Z,8.27,⚡️ТЦК РОЗПУСТЯТЬ? Депутат РОЗКРИЛА: це ПРИЙМУТЬ ОБОВ&#39;ЯЗКОВО! Торкнеться КОЖНОГО українця,Новини.LIVE,https://www.youtube.com/watch?v=aYcDaqbO8sc,"Галина Янченко, народний депутат від партії «Слуга Народу» та член Комітету з питань економічного розвитку, стала ..."
тцк,2026-03-31T19:41:28Z,1.97,Це кінець чи початок? #тцк #мобілізація #адвокатнеклеса #неклеса,Адвокат Неклеса,https://www.youtube.com/watch?v=n7fiMivSpBU,
тцк,2026-03-31T19:10:36Z,0.48,Праведник і тцк,Roman Kosinskyi,https://www.youtube.com/watch?v=OGhRn624JAk,
тцк,2026-03-31T19:06:26Z,0.18,Відвіз ТЦК на підмогу,Raviola,https://www.youtube.com/watch?v=as09ZT6dcWo,"Відео створено за сюжетом автора, усі герої вигадані. #short #ukraine #украинскаяармия #разомдоперемоги #"
тцк,2026-03-31T19:03:08Z,8.1,Днепр Взрывы🔥Взрывы Кривой Рог🔥ЗАБЛОКИРОВАЛИ Ждуны ТЦК🔥Польша Нападет на Россию 31 марта 2026 г.,Барахолка ТВ,https://www.youtube.com/watch?v=PbBdRUKlze4,пропитание. : rolandofgilead@ukr.net (PayPal)-Международные Переводы Банковская Карта: 4441111066579164 (Украина) ...
тцк,2026-03-31T18:46:00Z,0.58,Єновина!Люди вийшли і кричать ганьба поліції та ТЦК? #блог #політика #влада,Блог Разумовського,https://www.youtube.com/watch?v=ycKeQb0vsqQ,
тцк,2026-03-31T18:34:24Z,0.18,"Практично все село вийшло, аби перекрити рух бусу ТЦК на Вінниччині #новини #тцк",Новини України,https://www.youtube.com/watch?v=b7n5zrDRtbI,
тцк,2026-03-31T18:24:51Z,0.35,МИКОЛАЇВ - ЩО ТВОРИТЬСЯ ??? #закон #тцк #поліція,Реальний Патруль,https://www.youtube.com/watch?v=d4FRbXCxLL8,"Реальний Патруль Тут — справжні події без постановки та зайвих прикрас. Ми публікуємо відео з місця подій: робота ТЦК, ..."
тцк,2026-03-31T17:55:50Z,2.32,ТЦК накажут: законопроект 15114,Адвокат Олег Лукьянчиков,https://www.youtube.com/watch?v=yshFHUzfOxA,ТЦК накажут: законопроект 15114. ☎️0️⃣6️⃣6️⃣5️⃣5️⃣5️⃣1️⃣0️⃣2️⃣0️⃣   юридическая консультация ...
тцк,2026-03-31T17:55:58Z,2.1,Штраф для ТЦК законопроект 15115,Адвокат Олег Лукьянчиков,https://www.youtube.com/watch?v=m6Yb7BCVSGg,Штраф для ТЦК законопроект 15115. ☎️0️⃣6️⃣6️⃣5️⃣5️⃣5️⃣1️⃣0️⃣2️⃣0️⃣   юридическая ...
тцк,2026-04-01T16:33:47Z,8.17,КУЛЕБУ ЗАПАКОВАЛО ТЦК? «Нежный» министр в бусике мигом захотел бы МИРА» — Денис ЕЛИСЕВИЧ,Yelisevych TV,https://www.youtube.com/watch?v=LBynojVoxNU,"Экс-глава МИД Украины Дмитрий Кулеба утверждает, что мира в Украине не будет еще долгие годы. Но готов ли он сам ..."
тцк,2026-04-01T15:47:11Z,1.03,#ТЦК#Шушваль#🫵#,Maxsimus😎,https://www.youtube.com/watch?v=ps5K1Va_03k,
тцк,2026-04-01T12:07:07Z,0.35,Евакуація. Покровський район #політика #новиниукраїни #зсу #україна #новини #тцк #трамп #зеленский,НОВИННИЙ РАДАР. НОВИНИ УКРАЇНИ ТА СВІТУ,https://www.youtube.com/watch?v=5pE3qeMfnNg,Оперативна інформація в групі ЗСУ. Посилання на сторінці.
тцк,2026-04-01T11:20:04Z,4.82,Зізнання депутата шокувало всю Україну! Біда постукає до всіх любителів ТЦК?,Денис Галандзовський Новини Світу,https://www.youtube.com/watch?v=O6LUnjGJF78,Грошові перекази з ЄС в Україну.Переходь за посиланням і реєструйся просто зараз ...
тцк,2026-04-01T10:30:18Z,6.98,⚡10 МИНУТ НАЗАД! В ВИННИЦЕ ПЛАН ПЕРЕХВАТ! ЗАХВАТ ТЦК! 20 МАШИН ПОЛИЦИИ!,Алексей Гончаренко,https://www.youtube.com/watch?v=MYUmwYki1Gs,В селе Сосонка Винницкой области местные заблокировали автобус ТЦК и кричали им «Ганьба!». ✓Подписывайтесь на ...
тцк,2026-04-01T09:59:12Z,0.97,Сутичка з ТЦК в Сосонці #тцк #поліція,20 хвилин — Новини Вінниці,https://www.youtube.com/watch?v=lICFdEOpH0I,
тцк,2026-04-01T10:00:00Z,0.32,Я ЗНЯВ ЯК ТЦК ЗБИВАЄ ЛЮДЕЙ 😱?!,Legal Land,https://www.youtube.com/watch?v=omZHIfPXLLI,"тцк, поліція, незаконне затримання, право на зйомку, розшук ухилянтів, незаконна мобілізація Повідомлення про ДТП ..."
тцк,2026-03-31T11:00:15Z,0.3,🏃‍♂️Стебник Облава: Мужик Тікає Від ТЦК! Втече чи ні?,Пильний Дніпрянин,https://www.youtube.com/watch?v=EtX1CXgDks8,"Львівська область. Стебник. Чоловіка заганяють для ""перевірки документів"". Звісно ніякої перевірки не буде - видадуть ..."
тцк,2026-03-31T11:00:00Z,2.82,ТЦК как дятлы стучат в окно,Правовое Государство,https://www.youtube.com/watch?v=GbHnLolipEI,Авторы категорически осуждают любое нарушение законов Украины и прав человека. А также выступают против призывов ...
тцк,2026-03-31T10:52:25Z,8.55,&quot;Тонка лінія в балаклавах&quot;: як довго 600 &quot;груп оповіщення&quot; ТЦК утримуватимуть фронт в Україні?,Броварське телебачення Славка,https://www.youtube.com/watch?v=mripTWro0xA,Приват-банк карта номер 5168 7451 3242 9223 Монобанк карта номер 4441 1144 0128 5000 PayPal svinoez63@gmail.com ...
тцк,2026-03-31T10:43:07Z,2.33,Чому мобілізують студентів. Як захиститись #мобілізація #тцк #адвокатнеклеса #неклеса,Адвокат Неклеса,https://www.youtube.com/watch?v=6luzGvUcbvk,
тцк,2026-03-31T10:16:46Z,1.12,Єновина!Законопроект Автоматична відповідальність для ТЦК? #політика #блог,Блог Разумовського,https://www.youtube.com/watch?v=hEoRuzfOIdk,
тцк,2026-03-31T10:11:31Z,0.13,"🪖 В Україні заброньованих більше, ніж військових #TandemNews #Війна #Новини #ЗСУ #ТЦК #Армія #фронт",Tandem News,https://www.youtube.com/watch?v=JQEN7QACFZ0,
тцк,2026-03-31T10:00:00Z,0.27,Я ЗНЯВ ТЦК У ЛІКАРНІ І ШОК 😱?!,Legal Land,https://www.youtube.com/watch?v=f_EZlrvX1fU,"тцк, поліція, незаконне затримання, право на зйомку, розшук ухилянтів, незаконна мобілізація Фіксація дій військових у ..."
тцк,2026-03-31T10:00:00Z,1.43,Одесса.   ТЦК стреляют в машины,Слово за Тарасом,https://www.youtube.com/watch?v=8dVhKeyryUQ,Одесса. ТЦК стреляют в машины.
тцк,2026-03-31T09:51:18Z,0.45,ХАРЬКОВ. Пьяные ТЦК-шники напали на общагу,Недомобилизованный Украинец,https://www.youtube.com/watch?v=6X9Gdh-M9Pw,В Харькове шесть пьяных вооруженных сотрудников ТЦК во главе с полковником напали на одно из общежитий с целью ...
тцк,2026-03-31T09:30:00Z,1.93,ТЦК задерживаю пожилых и больных людей,Правовое Государство,https://www.youtube.com/watch?v=j_DKHFFh4S0,Авторы категорически осуждают любое нарушение законов Украины и прав человека. А также выступают против призывов ...
тцк,2026-03-31T09:27:55Z,0.07,⚡️ Сирський про ТЦК та мобілізацію,NOWUA,https://www.youtube.com/watch?v=w9JbercsiCg,"новини #новинисьогодні #новинионлайн Я оцінюю мобілізацію на 6-7 з 10. Наша задача, щоб цей процес відбувався як ..."
тцк,2026-03-31T09:11:12Z,2.4,"🤬ТЦК - каста недоторканих!вони б’ють, крадуть — і це безкарно⁉️ Час вводити відповідальність!#тцк",Розумна Політика,https://www.youtube.com/watch?v=sa5GJh3BLsc,
тцк,2026-03-31T09:01:19Z,0.25,Захист від ТЦК #новини #топ #зсу #київ #киев #україна #львів ##ОДЕССА #ДНІПРО #тцк #харків #мир #влк,Юрист В. Бондаренко,https://www.youtube.com/watch?v=Ibm3SDxCk2I,
тцк,2026-03-31T08:44:58Z,0.98,😱  Масштабна бійка зі стріляниною за участі ТЦК в Одесі. Поранено військовослужбовця,TPK MAPT,https://www.youtube.com/watch?v=j2F6cUvYZkE,Підпишись на наш канал : https://www.youtube.com/user/TPKMAPT/ Наш сайт: https://trkmart.tv/ Telegram: https://t.me/trkmart ...
тцк,2026-03-31T08:30:31Z,0.27,Розкрили тарифи ТЦК: за скільки можна відмазатися від призову,Новини Одеси,https://www.youtube.com/watch?v=t52kq7sCQr8,новини #одеса #новини_одеси #україна #одесса #новости #shorts.
тцк,2026-03-31T08:17:49Z,2.75,Єновина!Чому почали захищати ТЦК? #блог #політика #влада,Блог Разумовського,https://www.youtube.com/watch?v=gOPIZ-oLQuU,
тцк,2026-03-31T08:00:50Z,2.75,Облога великих міст ТЦК,Адвокат Роман Сімутін,https://www.youtube.com/watch?v=xgC9X2A5zOc,"Новини про зміну підходів ТЦК – це перше напрацювання з мобілізації. Мовляв, із сіл усіх забрали, а у великих містах ..."
тцк,2026-03-31T08:00:22Z,0.77,🔥Вінниця: &quot;Поранені&quot; ТЦК  &quot;Пакують&quot; Людей!,Пильний Дніпрянин,https://www.youtube.com/watch?v=X_X0zo3U9VI,"Нова схема ТЦК: маскування під поранених! Вінниця в шоці від ""цирку на дроті""! У Вінниці помітили дивних ""поранених"", ..."
тцк,2026-03-31T07:56:36Z,0.38,YarCHiK - Вулиці мовчать 🎶 #yarchik #ярчік #тцк #свавілля #корупція #youtubemusic #shorts #музика,Yarchik,https://www.youtube.com/watch?v=p1eeO_0ONaU,
тцк,2026-03-31T07:30:19Z,0.18,Лайк за песиків #тцк #бусифікація #україна #вірусне #залетить #shorts,1 КГ,https://www.youtube.com/watch?v=N5w8EuFT-9E,
тцк,2026-03-31T07:15:00Z,3.23,"Денис ЕЛИСЕВИЧ: «Уже некого призывать, ТЦК хватают всех подряд и идут по реестрам»",Liberty TV UA,https://www.youtube.com/watch?v=0YAlc_rVKwk,Ссылка на полное видео: https://www.youtube.com/watch?v=nTgKZUkQoSk «Уже некого призывать» — именно с такого ...
тцк,2026-03-31T07:01:10Z,1.3,#новини #тцк,Посилання на повне відео в описі профілю,https://www.youtube.com/watch?v=VdxRinkKLDU,
тцк,2026-03-31T06:45:03Z,0.6,В Одесі на військового ТЦК НАПАЛИ З НОЖЕМ! Той відкрив ВОГОНЬ!,ТСН,https://www.youtube.com/watch?v=qB_Zic-bvis,"В Одесі правоохоронці з'ясовують обставини інциденту, унаслідок якого поранені службовець ТЦК та цивільний. Під час ..."
тцк,2026-03-31T06:42:25Z,3.15,"Бунт проти ТЦК в Дніпрі. Чоловіки зібрались і відгатили ТЦК, у декого нокдаун ",Інсайди,https://www.youtube.com/watch?v=BevELgTuVxA,тцк #дніпро #зсу #мобілізація #ухилянти.
тцк,2026-03-31T06:00:11Z,1.13,🔥ТЦК У Вінниці працюють БЕЗ Поліції!,Пильний Дніпрянин,https://www.youtube.com/watch?v=OE-NsIR1HO0,"Люди кричали, жінки благали відпустити, але ТЦК просто запхали хлопця в бус і поїхали. Де законні процедури? Де поліція ..."
тцк,2026-03-31T05:44:49Z,0.63,Побег из Украины в Румынию - смотри полное видео на канале! #побег #тцк #карпати #втеча #україна,Илюха Trip Sitter,https://www.youtube.com/watch?v=hWfzAw0D23Y,
тцк,2026-03-31T05:44:31Z,2.97,Тецеканто. #тцк #україна #війна #корупція #пісня #пісняпротцк #тцканто #відеопоезія,zelibober,https://www.youtube.com/watch?v=L9SUdkZyWsg,
тцк,2026-03-31T05:37:20Z,0.6,"Чому ТЦК не воюють, а ховаються в тилу?",В гостях у Єгеря!,https://www.youtube.com/watch?v=oPotZT1vMCE,Закрита спільнота Unfair Advantage: https://unfair.university/?ref=j42so9zj Консультації та знижки в Прапорщику: ...
тцк,2026-03-31T05:34:49Z,0.43,Чому ТЦК не воюють?,В гостях у Єгеря!,https://www.youtube.com/watch?v=Bif_7ZPtisI,Закрита спільнота Unfair Advantage: https://unfair.university/?ref=j42so9zj Консультації та знижки в Прапорщику: ...
тцк,2026-03-31T05:27:00Z,0.95,ГРУППА ЗАХВАТА ТЦК ДВЕ МАШИНЫ!!!,POLITYK UA,https://www.youtube.com/watch?v=87U8X2Y-znU,
тцк,2026-03-31T05:22:04Z,0.87,Немцы пародируют украинский ТЦК,BABAY,https://www.youtube.com/watch?v=QQaoZhvCQg8,
тцк беспредел,2026-03-31T05:02:56Z,7.23,ОДЕССА НЕ ИСПУГАЛАСЬ❗️ЛЮДИ ВОССТАЛИ ПРОТИВ  БЕСПРЕДЕЛА❗️БОЙНЯ С ТЦК❗️,NEMO,https://www.youtube.com/watch?v=dZtFzgIiXIw,
тцк,2026-03-31T05:00:13Z,2.23,🔥Загнали Та Затягли В Бус! ТЦК+Поліція Дніпра,Пильний Дніпрянин,https://www.youtube.com/watch?v=RZBq1_E0UmU,Законні методи чи відвертий безпредєл? ТАКЕ не покажуть по ТБ! У Дніпрі знову жорстке пакування в бус! Став ЛАЙК ...
тцк,2026-03-31T05:00:00Z,13.18,⚡️НОВА ЖЕСТЬ З ТЦК! ТЕПЕР У ЧОЛОВІКІВ ЗАБИРАЮТЬ МАЙНО. Пекло в Одесі. Ці кадри НЕ ВСТИГЛИ ВИДАЛИТИ,СОЛОМКА,https://www.youtube.com/watch?v=0fqXBDgEM-Q,"Ще одна історія, яка ріже по нервам: мобілізація без пояснень, ізоляція людей, вимоги “подяки” за базові права і повна ..."
тцк,2026-03-31T04:00:08Z,0.53,Когда за дверью ТЦК! 🙀 😂   #юмор #shorts  #смех #animals  #прикол #humor #funny  #тцк,Zadornoe_TV Animals,https://www.youtube.com/watch?v=BEdh3tkDNos,"Приколы про животных! Разные сюжеты, прикольные ситуации под классную озвучку и музыку! Подписывайтесь ..."
тцк,2026-03-30T21:12:58Z,0.95,#тцк #новини,Посилання на повне відео в описі профілю,https://www.youtube.com/watch?v=ry78auXOY5s,
тцк,2026-03-30T20:50:16Z,1.15,"ТЦК Днепр. Один против шестерых: днепрянин, который стал легендой",M_GUR,https://www.youtube.com/watch?v=m5QtixLlKwE,"В Днепре произошла история, которая уже завтра может стать местной легендой. Шесть сотрудников ТЦК пытались силой ..."
тцк,2026-03-30T20:10:39Z,0.07,Поліція Одеси розкрила деталі стрілянини ТЦК: ніж проти травмату ⚖️,PassingReality,https://www.youtube.com/watch?v=SzTes3lWME8,Поліція Одеси опублікувала офіційне роз'яснення щодо резонансного інциденту зі стріляниною за участю представників ...
побег через границу Украина,2026-03-30T19:59:22Z,1.15,Побег из Украины  #Через Карпаты#Украина Граница#побег в румынию #Уклонисты #тцк,Илюха Trip Sitter,https://www.youtube.com/watch?v=vgWZZCjzvqg,
тцк беспредел,2026-03-30T19:42:07Z,0.85,ТЦК ПРОСТРЕЛИЛИ КОЛЕНО МУЖЧИНЕ В ОДЕССЕ #ТЦК #беспредел #мобилизация,Не для эфира,https://www.youtube.com/watch?v=lNTJKKX5bT4,"ТЦК в Одессе ПРОСТРЕЛИЛ ЧЕЛОВЕКУ КОЛЕНО Просто за то, что не захотел в бус... Это уже война с собственным ..."
тцк,2026-03-30T19:30:00Z,3.18,Працівники ТЦК мають воювати разом із мобілізованими! – Ярославський | Інсайди,Інсайди,https://www.youtube.com/watch?v=xJsFor3XeYI,В Україні триває дискусія щодо ролі ТЦК у процесі мобілізації після низки резонансних подій. Військові та народні депутати ...
тцк,2026-03-30T19:11:23Z,1.18,ТЦК стрельба в Харькове,M_GUR,https://www.youtube.com/watch?v=2wg6p4Kgj34,"Сегодня мы рассказываем о событиях, которые потрясли Харьков. Это не кадры из кино и не сюжет голливудского боевика ..."
тцк,2026-03-30T18:52:24Z,2.12,#тцк #новини,Посилання на повне відео в описі профілю,https://www.youtube.com/watch?v=7glLQO0WfDg,
тцк,2026-03-30T18:51:31Z,2.07,#тцк #новини,Посилання на повне відео в описі профілю,https://www.youtube.com/watch?v=Kve0LJVhy7w,
тцк,2026-03-30T18:47:56Z,0.43,У Харкові шестеро п&#39;яних співробітників ТЦК поїхали затримувати наркоторговців…#харків #новини,Київський ковбой,https://www.youtube.com/watch?v=-Focg3Y-AnM,"У Харкові шестеро п'яних співробітників ТЦК поїхали затримувати наркоторговців,» тому що у них були гроші"", і відкрили по ..."
тцк,2026-03-30T18:40:44Z,0.78,Наболіло 🤬 #yarchik #ярчік #тцк #свавілля #мобілізація #музика #youtubemusic #shorts #хіт #тренд,Yarchik,https://www.youtube.com/watch?v=8S3nZsvSmJw,
тцк беспредел,2026-03-30T18:30:26Z,4.77,"🔴Одесса. ТЦК СТРЕЛЯЕТ ПО ЛЮДЯМ ! Наши &quot;герои&quot;, б@ять! Воевать некому!!",ПОВОРОТ НЕ ТУДА ⚖🚷,https://www.youtube.com/watch?v=eOFiCjVF0oA,ТЦК. Беспредел ТЦК и Полиции #тцк #полиция #мобилизациявукраине.
тцк,2026-03-30T18:28:16Z,0.72,ВІДБИЛИ ЛЮДИНУ ВІД ТЦК,НИЩЕБЛОГЕР,https://www.youtube.com/watch?v=LQSUb296-RI,
тцк,2026-03-30T18:17:32Z,0.2,#сво #хабад #война #зеленский #рекомендации #зсу #политика #тцк #полиция #новости #тцктасп #всу,Узаконенный абсурд ,https://www.youtube.com/watch?v=SU89U00c7DE,
тцк,2026-03-30T18:00:36Z,0.37,Призов з 1 квітня: ці чоловіки будуть «під прицілом» ТЦК,Новини Дніпра,https://www.youtube.com/watch?v=kSXZlVSh8P0,новини #дніпро #новинидніпра #україна #днепр #новости #shorts.
тцк,2026-03-30T17:24:54Z,0.2,Опрос на тему ТЦК и их беззакония,Мій Досвід | Андрій Нікішаєв,https://www.youtube.com/watch?v=MOZUjolYHiQ,
тцк,2026-03-30T17:23:33Z,1.05,Лом і тиша 💔 #ukrainewar #славазсу #віршіпровійну #тцк #military #життя #warzone #разомдоперемоги,Сила всередині,https://www.youtube.com/watch?v=bFQVMPdnmPo,
тцк,2026-03-30T17:15:46Z,0.32,Кобяков+Зеленский=колаборация #зеленский #потужно #200 #пабг #тцк,Найлучшие нарезки reznikbtw,https://www.youtube.com/watch?v=84khzA66xLc,
тцк,2026-03-30T17:07:30Z,0.75,Анна Скороход: Костиру зловили ТЦК?,Анна Скороход,https://www.youtube.com/watch?v=K-wCyhT-yME,"Адвокат Сергій Костира поділився історією про те, як його зупинили ТЦК в Ірпені. Повне відео, яке зняв адвокат додала у ..."
тцк,2026-03-30T17:01:21Z,0.42,Анна Скороход: В ТЦК працюють тільки ветерани?,Анна Скороход,https://www.youtube.com/watch?v=cS2mPKO96no,"Ми чули багато казок, що в ТЦК працюють виключно ветерани. Але це очевидна брехня. В новому випуску ""Політичної кухні"" ..."
тцк беспредел,2026-04-05T07:02:10Z,4.52,5 АПРЕЛЯ🔥БЕСПРЕДЕЛ В УЖГОРОДСКОМ ТЦК И СП🔥ЗА ЛЮДЕЙ НЕ СЧИТАЮТ🔥,dmpro,https://www.youtube.com/watch?v=AR9UFT3PNrs,НА ПОДДЕРЖКУ КАНАЛА 4400005553519510 ТГ КАНАЛ https://t.me/dmpro777 #беспределтцк #мобилизация #тцк ...
тцк беспредел,2026-04-05T05:30:14Z,8.32,Днепр Взрывы🔥Зарезали еще 2 ТЦК🔥Взрывы Ленинград🔥Горят НПЗ Порты🔥Беспредел ТЦК🔥Днепр 5 апреля 2026 г,Барахолка ТВ,https://www.youtube.com/watch?v=UOjSgs5hVJ4,пропитание. : rolandofgilead@ukr.net (PayPal)-Международные Переводы Банковская Карта: 4441111066579164 (Украина) ...
тцк беспредел,2026-04-04T15:30:43Z,12.17,4 АПРЕЛЯ🔥БЕСПРЕДЕЛ ТЦК🔥 В СКАЛУ НА МЯСО🔥СНОВА ТЦК НА НОЖ🔥НЕ ЛЮДСКИЕ УСЛОВИЯ В ТЦК🔥,dmpro,https://www.youtube.com/watch?v=CmMQPWlAsqA,ТГ КАНАЛ https://t.me/dmpro777 #dmpro #дмпро #мобилизация #тцк #выживание #беспределтцк.
тцк беспредел,2026-04-04T13:17:33Z,0.28,БЕСПРЕДЕЛ ТЦК.Забрали прямо из автобуса!#ТЦК #Мобілізація#ПраваЛюдини#Конституція#войнавукраине2022🙏,Ошуканий Українець,https://www.youtube.com/watch?v=keswdUOIkKM,
тцк беспредел,2026-04-03T19:00:16Z,3.02,БЕСПРЕДЕЛ ПОЛИЦИИ СУМЫ И ТЦК #тцк #мобілізація #мобілізація #війнавукраїні #поліція #бусифікація,ТЦКUA ,https://www.youtube.com/watch?v=XlZbR5mjStg,
тцк беспредел,2026-04-03T06:33:09Z,1.93,ТЦК УСТРОИЛО БЕСПРЕДЕЛ В  УКРАИНЕ🇺🇦,Laktionov LIVE,https://www.youtube.com/watch?v=dkeImmBHWVk,
тцк беспредел,2026-04-02T13:22:06Z,3.02,БЕСПРЕДЕЛ ТЦК И ICE: «Там не трогают своих граждан» — ЕЛИСЕВИЧ жестко объяснил РАЗНИЦУ Тарасу Юристу,Yelisevych TV,https://www.youtube.com/watch?v=1dl9UwpzyxA,Почему Денис Елисевич последовательно поддерживает Трампа и признает ли он его ошибки? В новом ролике на канале ...
тцк беспредел,2026-04-01T18:01:47Z,0.28,ТЦК БИТАМИ ГРОМЯТ АВТО💢БЕСПРЕДЕЛ 💢#prankvideo #prank #police #automobile,Одесский Моряк,https://www.youtube.com/watch?v=FkQLnAxqpn4,Почта: odesskymoryak@gmail.com Telegram: https://t.me/OdesskyMoryak ❗❗❗ ВНИМАНИЕ ❗❗❗ Контент размещенный ...
тцк беспредел,2026-03-31T14:33:23Z,0.28,БЕСПРЕДЕЛ ТЦК. Забрали прямо из автобуса! #ТЦК #Мобілізація#Конституція#войнавукраине2022💔🙏,Ошуканий Українець,https://www.youtube.com/watch?v=MgVo-MMOuBo,
тцк беспредел,2026-03-30T18:23:26Z,9.33,Днепр Взрывы🔥Беспредел ТЦК КРАДУТ ЛЮДЕЙ В ЦЕНТРЕ ДНЕПРА🔥ЗЕЛЕНСКИЙ ПОМОГИ🔥 Днепр 30 марта 2026 г.,Барахолка ТВ,https://www.youtube.com/watch?v=47ZjRANbAbQ,пропитание. : rolandofgilead@ukr.net (PayPal)-Международные Переводы Банковская Карта: 4441111066579164 (Украина) ...
тцк беспредел,2026-03-30T15:44:00Z,8.58,ТЦК ЛОМАЮТ ДВЕРИ !!! ПОЛНЫЙ БЕСПРЕДЕЛ !!!,Алексей Сидоров мнение.,https://www.youtube.com/watch?v=kEJCFky37XI,ТЦК ЛОМАЮТ ДВЕРИ !!! ПОЛНЫЙ БЕСПРЕДЕЛ !!! ЧТО ДЕЛАТЬ?
тцк беспредел,2026-03-30T15:16:57Z,0.77,🔴ВИННИЦА!  ТЦКуны в намордниках похищают человека!!! #тцк,ПОВОРОТ НЕ ТУДА ⚖🚷,https://www.youtube.com/watch?v=Rb4vrhXkeYY,ТЦК. Беспредел ТЦК и Полиции #тцк #полиция #мобилизациявукраине.
тцк беспредел,2026-03-30T11:16:43Z,1.98,"🔴Одесса. Целый взвод ТЦКунов забрали одного работника шиномонтажа!Наши герои, б@ять!Воевать некому!!",ПОВОРОТ НЕ ТУДА ⚖🚷,https://www.youtube.com/watch?v=ZlR68GZDxZk,ТЦК. Беспредел ТЦК и Полиции #тцк #полиция #мобилизациявукраине.
тцк беспредел,2026-03-30T09:30:11Z,8.32,"ПРАВОВОЙ БЕСПРЕДЕЛ! Денис ЕЛИСЕВИЧ шокирован, как государство РАСТОПТАЛО гражданские права в Украине",Yelisevych TV,https://www.youtube.com/watch?v=G9k_1YhBOyI,"Обязательно поделитесь этим видео с друзьями, родственниками и знакомыми — эту правду должен знать каждый!"
тцк беспредел,2026-03-30T07:33:46Z,9.8,Днепр Взрывы🔥Мобилизовали Попа🔥Беспредел ТЦК🔥Церковь ПРотив Бусика🔥Взрывы Днепр🔥Днепр 30 марта 2026,Барахолка ТВ,https://www.youtube.com/watch?v=IMoeP9w-ivw,пропитание. : rolandofgilead@ukr.net (PayPal)-Международные Переводы Банковская Карта: 4441111066579164 (Украина) ...
тцк беспредел,2026-03-30T05:25:34Z,0.25,Беспредел ТЦК Буссификация в Украине Продолжается 30 Марта 2026,TopTexnoCom ,https://www.youtube.com/watch?v=P9Uzl2Aqc0M,
ТЦК хватают людей,2026-03-31T15:30:30Z,13.53,🔥ЖОРСТКЕ ПОБОЇЩЕ З ТЦК В ОДЕСІ! Десятки людей ВАЛЯТЬ ОДНОГО. Тепер хапають НЕ ЛИШЕ ЧОЛОВІКІВ,Сейчас,https://www.youtube.com/watch?v=kRUig6n5Sv0,"Історія, яка вибиває з рівноваги: затримання без пояснень, ізоляція від рідних, вимоги “подяки” за коротку зустріч."
побег через границу Украина,2026-04-02T15:00:00Z,12.78,ПОБЕГ из УКРАИНЫ | Часть 2 | Я НЕ ДУМАЛ что это ТАК ТЯЖЕЛО |,Илюха Trip Sitter,https://www.youtube.com/watch?v=XG0P_lhnOt8,Часть вторая. Сразу после высадки мы рванули вперед. Задача была максимально далеко отойти от цивилизации и ...
побег через границу Украина,2026-04-01T12:03:10Z,0.97,На одном из пунктов пропуска зафиксирован нестандартный случай #граница #побег #пограничники,BARYS MEDIA,https://www.youtube.com/watch?v=E0G47peEWeQ,"На одном из пунктов пропуска зафиксирован нестандартный случай: мужчина попытался пересечь границу, переодевшись ..."
