query,publishedAt,duration_min,title,channelTitle,url,description
бусификация,2026-03-01T05:00:56Z,0.23,Доганяйте😁 #бусифікація #бусификация #новини #тцк #news,ЗлийКіт,https://www.youtube.com/watch?v=rPPJ58zg6EY,
бусификация,2026-02-28T15:00:43Z,0.17,Мобілізація під дулом пістолету #бусифікація #бусификация #новини #тцк,ЗлийКіт,https://www.youtube.com/watch?v=PkQPOTW52bY,
тцк,2026-02-28T09:52:39Z,1.08,Украина. бусификация. ТЦК. диктатура.,Sinners of Terra,https://www.youtube.com/watch?v=oORFg4vw7xA,
бусификация,2026-02-28T05:00:23Z,0.2,Це ж треба так дістати людину... #бусифікація #бусификация #новини #тцк #news,ЗлийКіт,https://www.youtube.com/watch?v=E9GU-K0e8sY,
бусификация,2026-02-27T20:00:00Z,4.88,Скрепная бусификация удмурта на СВОйну...,скрепец неоБЫКновнный,https://www.youtube.com/watch?v=bmYUzyRaKtY,
тцк,2026-02-27T05:03:14Z,0.45,ТЦК ЭТО ГВАРДИЯ ЗЕЛЕНСКОГО #зеленский #тцк #бусификация #война #бондаренко  #зсу #мобилизация,ПОЛИТКУХНЯ,https://www.youtube.com/watch?v=xYlqeu1JSEk,
тцк,2026-02-27T05:00:11Z,0.27,ТЦК не очікували такої &quot;підстави&quot;😁 #бусифікація #бусификация #новини #тцк #news,ЗлийКіт,https://www.youtube.com/watch?v=BSAgMFOVc3Q,
бусификация,2026-02-26T16:32:43Z,3.0,"Бусификация появилась из-за того, что Луганский постил про нее видео. Если не постить - ее не будет",Луганский LIVE,https://www.youtube.com/watch?v=jPJFVhHzDEw,
бусификация,2026-02-26T15:01:22Z,0.68,Фіксація погрози вбивства від поліції до громадянина #бусификация #бусифікація #новини #тцк,ЗлийКіт,https://www.youtube.com/watch?v=l3VNl1o9rUs,
бусификация,2026-02-26T11:00:06Z,12.62,ОДЕССА 26 ФЕВРАЛЯ 2026. ИЗ РАБОТНИКОВ ТЦК ВОЕННЫХ СДЕЛАТЬ НЕВОЗМОЖНО! БУСИФИКАЦИЯ - ЯЗЫК ВРАГА!,Препод От Бога,https://www.youtube.com/watch?v=UYcjRoDmR7c,"Подписывайтесь на Boosty, чтобы смотреть реалити сериал «Беженец» : boosty.to/prepodotboga Или - становитесь ..."
тцк,2026-02-26T05:01:01Z,0.4,Дніпро.Заходи фільтрації. #бусификация #бусифікація #бусифікація #новини #тцк #news,ЗлийКіт,https://www.youtube.com/watch?v=podqt7L9fF4,
бусификация,2026-02-25T19:39:00Z,0.12,бусификация на Украине,Сержант Хуі,https://www.youtube.com/watch?v=OR1EKHLFyAM,
тцк,2026-02-25T15:00:57Z,0.33,Дивом врятувався🏃 #бусификация #бусифікація #новини #тцк #news,ЗлийКіт,https://www.youtube.com/watch?v=Tat-3_I02UE,
бусификация,2026-02-25T11:31:11Z,0.3,Бусификация повара. Украина. ТЦК,Inga,https://www.youtube.com/watch?v=dWZpXVqt2i0,
бусификация,2026-02-25T11:19:23Z,6.92,Почему Зеленский боится слова “бусификация” и откладывает выборы,Без Башен,https://www.youtube.com/watch?v=Oeg520Zzcvc,
бусификация,2026-02-25T11:02:49Z,0.75,БУСИФИКАЦИЯ на россии. Откровения школьниц москвы в чатрулетке.#бусификация,Барановод,https://www.youtube.com/watch?v=qZM7ySNm82Y,
бусификация,2026-02-25T05:14:41Z,5.38,Бравые сотрудники ТЦК #бусификация,Silky_3♎️,https://www.youtube.com/watch?v=xFyoBeFxMXk,"""Многие кадры принудительной мобилизации сгенерированы Россией с помощью искусственного интеллекта. Безусловно ..."
бусификация,2026-02-25T05:00:23Z,0.3,Бусифікація не вдалася😎 #бусификация #бусифікація  #новини #тцк #news,ЗлийКіт,https://www.youtube.com/watch?v=QLn4zB-FNgk,
бусификация,2026-02-24T20:31:20Z,1.3,Бусификация продолжается,Serhii Kuznetsov,https://www.youtube.com/watch?v=0oJJEPWexhM,
бусификация,2026-02-24T20:20:07Z,3.55,Бусификация — сделано в Clipchamp,igor98588,https://www.youtube.com/watch?v=iDGD0Fj-5AM,Песня о превратности судьбы. Посвящается братьям Украинцам.
бусификация,2026-02-24T15:01:34Z,0.27,Мразоти чи захисники? Хто такі ТЦК? #бусификация #бусифікація #новини #тцк,ЗлийКіт,https://www.youtube.com/watch?v=tpwrQGHb2Kg,
бусификация,2026-02-24T13:49:16Z,12.83,24 февраля ДНЕПР🔥ТЕРАКТ  ДНЕПР🔥БУСИФИКАЦИЯ УЖЕСТОЧАЕТСЯ🔥РЕЖИМ ДИКОГО🔥,dmpro,https://www.youtube.com/watch?v=ppQCMw-rI28,ДЛЯ ДОНАТОВ В ПОМОЩЬ АВТОРУ МОНО БАНКА https://send.monobank.ua/jar/QsDSpjCeG КАРТА БАНКА 4400 0055 5351 ...
бусификация,2026-02-24T05:00:16Z,0.48,Наслідки праці ТЦК... #бусификация #бусифікація #новини #тцк #news,ЗлийКіт,https://www.youtube.com/watch?v=B4W_FF5Y1Uc,
бусификация,2026-02-23T18:00:00Z,10.2,БУСИФИКАЦИЯ ЭТО НЕ ИПСО,АНДРЕЙ ЛУГАНСКИЙ НАРЕЗКИ,https://www.youtube.com/watch?v=rmMrWkH9s0k,
бусификация,2026-02-23T16:01:04Z,0.48,Тилові щурі-найбільша небезпека! #бусификация #бусифікація #новини #news,ЗлийКіт,https://www.youtube.com/watch?v=fi-hP2Hv1lA,
бусификация,2026-02-23T14:35:18Z,1.25,Бусификация закончится. Официально! #украина #тцк #зеленский #зсу,Vach News,https://www.youtube.com/watch?v=D2RyY2bhEBE,"Сейчас работаем над комплексной реформой мобилизации, — министр обороны Фёдоров."
тцк,2026-03-01T10:00:51Z,0.35,🔥Київ: ТЦК на Капоті!,Пильний Дніпрянин,https://www.youtube.com/watch?v=fQEwfJ2oxHM,Київ: ТЦК на Капоті! https://youtube.com/shorts/fQEwfJ2oxHM?feature=share #Shorts #ТЦК #Блокпост #ТЦКНаКапоті ...
тцк,2026-03-01T10:00:17Z,0.23,Я ВІДШИВ ТЦК І ЩО ВОНИ ТЕПЕР ЗРОБЛЯТЬ😡?!,Legal Land,https://www.youtube.com/watch?v=8mXaiB_maV0,тцк поліція незаконне затримання право на зйомку розшук ухилянтів незаконна мобілізація 1 факт = 1 норма: Спільні ...
тцк,2026-03-01T09:30:33Z,1.85,Єновина!Ганьба поліцейського та лікарі прикривають ТЦК? #влада #політика #блог,Блог Разумовського,https://www.youtube.com/watch?v=kAL-96yjpv8,
тцк,2026-03-01T09:24:59Z,2.75,#frunzepro #мобілізація #тцк,FRUNZE PRO,https://www.youtube.com/watch?v=MBJSl7Ed4qE,
тцк,2026-03-01T08:49:22Z,2.38,ОПОВІЩЕННЯ ЧИ ПОЛЮВАННЯ? ЧОМУ ЛЮДИ СТРІЛЯЮТЬ?#ТЦК#оповіщення#закон #правалюдини #мобілізація #Волинь,JustTolik,https://www.youtube.com/watch?v=-7VGHk3rl7c,ОПОВІЩЕННЯ ЧИ ПОЛЮВАННЯ? ЧОМУ ЛЮДИ СТРІЛЯЮТЬ? ⚖️ Волинський ТЦК звітує: під час «заходів оповіщення» ...
тцк,2026-03-01T08:19:43Z,0.38,"Закон є, але ТЦК плює на нього!",Політика без краваток,https://www.youtube.com/watch?v=IGo7q9WtP_U,"Лубінець каже: ТЦК не має права затримувати, але незаконні «облави» тривають щодня. #Гончаренко #Україна #тцк."
тцк,2026-03-01T07:49:07Z,0.3,Після Полону: в Одесі ТЦК Побив Героя Маріуполя!,MIL TECH,https://www.youtube.com/watch?v=OsoNgdzcHNc,Після Полону: в Одесі ТЦК Побив Героя Маріуполя! https://youtube.com/shorts/OsoNgdzcHNc В Одесі правоохоронці ...
тцк,2026-03-01T07:32:17Z,0.62,ТЦК ШАОРМИСТ,IVAN CHERNIHOV Чернігов Іван,https://www.youtube.com/watch?v=wLHuxaNtTs8,Подписывайтесь на канал вольных людей Наш канал: https://www.youtube.com/channel/UC1H9dRvEZShnXM2HxaUhEUA ...
тцк,2026-03-01T06:24:57Z,1.72,ПРО НАЯВНІСТЬ РОЗШУКУ ТЦК ДІЗНАВСЯ НА БЛОКПОСТІ,юридичний блог про мобілізацію і військову службу ,https://www.youtube.com/watch?v=L11Mwi6jB8A,3️⃣8️⃣0️⃣6️⃣6️⃣3️⃣4️⃣7️⃣5️⃣2️⃣8️⃣0️⃣ - вайбер/телеграм ПОПЕРЕДНІЙ ЗАПИС на консультацію ...
тцк беспредел,2026-03-01T06:01:08Z,9.47,ОДЕССА В АДУ! МАССОВАЯ ЭВАКУАЦИЯ ЛЮДЕЙ! ТЦК БЕСПРЕДЕЛ! БОМБЯТ ИРАН!,NEMO,https://www.youtube.com/watch?v=7D_vW3ihZXU,
тцк,2026-03-01T05:28:14Z,0.9,"ТЦК ЛОВЛЯТЬ ЛЮДЕЙ НЕ ТОМУ, ЩО ЇМ ТАК ХОЧЕТЬСЯ...#війна #бусифікація #тцк #мобілізація #зсу #україна",НЕЗАЛЕЖНІ МЕДІА,https://www.youtube.com/watch?v=DPlw9YimrQg,
тцк,2026-03-01T05:08:21Z,0.37,#тцк #music #музикадуші,SpivDushi,https://www.youtube.com/watch?v=cSW6PB3pd4w,
тцк,2026-03-01T04:00:31Z,1.92,"«Нема вже водія», - у Львові ТЦК зняли водія маршрутки. Пасажири вибігли і обурювались ",Інсайдер,https://www.youtube.com/watch?v=TkhFaHJN8hs,мобілізація #ухилянти #тцк #зсу #львів.
тцк,2026-02-28T21:46:55Z,0.42,@nastya_family_blog #ярчік #yarchik #ярчик #тцк #донечка #татодочка #гумор #жарти #shorts #short,Yarchik,https://www.youtube.com/watch?v=wiUl7TWxDoU,
тцк,2026-02-28T20:40:21Z,0.23,Он Осознал Что Натворил 😱#киев #тцк #украина,Кенди Ленд,https://www.youtube.com/watch?v=NHfRyDsxMCo,"Илон, Маск, Elon, Musk, tesla, тесла, тэсла, трамп, usaid, переговоры, интервью, сша, мирные, соглашения, зеленский, ..."
тцк,2026-02-28T19:03:59Z,4.03,ЖЕСТЬ! Бусифікація народного депутата! В Раді почнуть помічати проблему ТЦК?,Денис Галандзовський Новини Світу,https://www.youtube.com/watch?v=PnMdibiYcCI,Робота для будівельників в Польщі та Бельгії! Заповни заявку і менеджер надасть всі деталі ...
тцк,2026-02-28T19:00:42Z,1.4,⚡️Військовий ТЦК РІЗКО ЗВЕРНУВСЯ до всіх українців! #shorts,24 Канал,https://www.youtube.com/watch?v=k8nc1cInXCw,"24 Канал запускає подкасти! Шукайте нас на різних, зручних для вас платформах: https://linktr.ee/podcast24tv.ua."
тцк,2026-02-28T19:00:31Z,2.98,☎️Кому Дзвонити Коли Вбиває ТЦК або Поліція?,Пильний Дніпрянин,https://www.youtube.com/watch?v=OCuyGSG8e_M,Кому Дзвонити Коли Вбиває ТЦК або Поліція? Дайте номер телефону!
тцк,2026-02-28T18:23:53Z,2.82,#frunzepro #тцк #мобілізація,FRUNZE PRO,https://www.youtube.com/watch?v=m64g7S3pi3g,
тцк,2026-02-28T18:18:22Z,0.98,Відміна бусифікації з 1 березня #мобілізація #тцк #повістка #резервплюс #50плюс,Тверезий Погляд | Ігор Терлецький,https://www.youtube.com/watch?v=ML2I2CGYVHc,
тцк,2026-02-28T18:07:09Z,0.4,Скасування розшуку Тцк та штрафів Тцк!,Oleksandr Kurinnyi,https://www.youtube.com/watch?v=6dgywJCnKO4,"Мій блог https://diloprave.blogspot.com/?m=1 Підтримати канал, Фінансова підтримка каналу, блогу та правозахисної ..."
тцк,2026-02-28T18:00:47Z,1.32,#shortz #тцк #shorts #аномалии #ужас #осуждаю,Алмаз Сюбуков,https://www.youtube.com/watch?v=C6gofpsSEyI,
тцк,2026-02-28T17:47:03Z,3.92,Мобілізація з 1 березня: кому офіційно дозволили не йти в ТЦК,Тверезий Погляд | Ігор Терлецький,https://www.youtube.com/watch?v=yufopCkqC_w,Що насправді змінюється в правилах відстрочки від мобілізації з 1 березня? Розібрав ключові оновлення до 23-ї статті ...
тцк,2026-02-28T17:35:08Z,8.1,Українців пошили в дурні: почалося виправдовування незаконних дій ТЦК,Денис Галандзовський,https://www.youtube.com/watch?v=OtDqec5vLb4,Робота для будівельників в Польщі та Бельгії! Заповни заявку і менеджер надасть всі деталі ...
тцк,2026-02-28T17:10:58Z,0.62,ТЦК знову дає в штангу,Вони крадуть!,https://www.youtube.com/watch?v=Qnr41rrPqsE,
тцк,2026-02-28T16:38:24Z,2.43,Причем у них всех бронь и они улыбаются в камеру #киев #тцк,Ventulik,https://www.youtube.com/watch?v=C5XnxzAhE7M,
тцк,2026-02-28T16:23:03Z,1.5,Частная охранная фирма! #рекомендации #рек #україна #поліція #тцк #live #life #news #video,Krivbass UA,https://www.youtube.com/watch?v=uXhnQcJWfx0,
тцк беспредел,2026-02-28T16:17:05Z,12.08,ВОЙНА С ИРАНОМ И БЕСПРЕДЕЛ ТЦК !!!,Алексей Сидоров мнение.,https://www.youtube.com/watch?v=Qpt_mbXoRmI,БЕСПРЕДЕЛ ТЦК И ВОЙНА С ИРАНОМ !!!
тцк,2026-02-28T16:01:31Z,5.27,Новости Украины #12 | Поезд с телами военных / Перестрелка ТЦК / Родные ВСУшников не ждут их дома,Отряд Мартына Пушкаря,https://www.youtube.com/watch?v=HZvmTR1OL3U,"Дорогие друзья, в этом выпуске мы, как и всегда, обсудим главные резонансные новости прошедшей недели, связанные с ..."
тцк,2026-02-28T15:59:55Z,0.72,❗️ТЕРМІНОВИЙ ВИЇЗД АДВОКАТА ДО ТЦК — ЗАХИСТИЛИ ПРАВА КЛІЄНТА!❗️,ПРАВОВА ПОЗИЦІЯ ,https://www.youtube.com/watch?v=frPVynCVEBs,Записатись на безкоштовну консультацію і отримати відповідь на Ваше питання можна за інформацією нижче: ...
тцк,2026-02-28T15:27:35Z,1.15,"Той самий один із катів ТЦК, який напав на Київського Ревізора 17.02 у м. Хмільник.",Київський Ревізор,https://www.youtube.com/watch?v=vhQC0GoJMl8,"Той самий один із катів ТЦК, який напав на Київського Ревізора 17.02 у м. Хмільник. Вчора ця ж особа і ще кілька у ..."
тцк,2026-02-28T14:45:03Z,0.57,ЯКИХ ТРЕБА ЛiКУВАТИ #мобілізація #тцк #обмен,SaveUkraine1313,https://www.youtube.com/watch?v=W5zB6hYm9C4,ЯКИХ ТРЕБА ЛiКУВАТИ #мобілізація #тцк #обмен.
тцк,2026-02-28T13:46:37Z,1.55,Босифікували заброньованого працівника ядерної електростанції #мобілізація #тцк  #адвокатнеклеса,Адвокат Неклеса,https://www.youtube.com/watch?v=gUMjKwAWNa0,
тцк,2026-02-28T13:14:52Z,0.18,ТЦК знайшли Олега #тцк #бусифікація #україна #ржака #гумор #вірусне #shorts #смішне #собака,Quickly,https://www.youtube.com/watch?v=o7BKzICQWzI,
тцк,2026-02-28T13:13:02Z,0.18,ТЦК знайшли Олега #тцк #бусифікація #україна #ржака #гумор #вірусне #shorts #смішне #собака,1 КГ,https://www.youtube.com/watch?v=0KIZHW5IEUM,
тцк,2026-02-28T13:04:30Z,1.83,ТЦК та СП офіційно визнали свої незаконні дії,ZOLOTUKHIN,https://www.youtube.com/watch?v=0XyFy3bX1Hs,"ТЦК не мають права затримувати людей, але ми мусимо цим займатися. Не від хорошого життя, — речник Полтавського ..."
тцк,2026-02-28T13:01:35Z,0.25,Я НЕ ДАВ ДОКУМЕНТИ ТЦК ПОРУЧ ЖОРСТКА РОЗМОВА ТУТ 🛑?!,Legal Land,https://www.youtube.com/watch?v=pXCRapmuXkw,тцк поліція незаконне затримання право на зйомку розшук ухилянтів незаконна мобілізація 1 факт = 1 норма: Водій має ...
тцк,2026-02-28T12:56:25Z,1.48,Проверка ТЦК,Морской юрист Николай Гольбин,https://www.youtube.com/watch?v=fgU4CgmAWZM,Проверки ТЦК ◇ Подписывайтесь на телеграм канал https://t.me/NikolayGolbin ◇ ТЦК может требовать документы на ...
тцк,2026-02-28T12:15:09Z,3.45,МУЖЧИНА МАКНУЛ МУСОРОВ и ТЦК МОРДОЙ в ГРЯЗЬ,Одесский Моряк,https://www.youtube.com/watch?v=IUhRPA8T1oQ,Почта: odesskymoryak@gmail.com Telegram: https://t.me/OdesskyMoryak ❗❗❗ ВНИМАНИЕ ❗❗❗ Контент размещенный ...
тцк,2026-02-28T12:01:13Z,0.73,ТЦК ПРОТИВ ЛЮДЕЙ #shorts #юмор #история,САША ГЕСС,https://www.youtube.com/watch?v=h7QgyBivlVk,
тцк,2026-02-28T12:01:37Z,0.7,❤️‍🔥В Одесі Дівчата Рятують Хлопця Від ТЦК!,Пильний Дніпрянин,https://www.youtube.com/watch?v=uPhjmpmnoCQ,В Одесі Дівчата Рятують Хлопця Від ТЦК! https://youtube.com/shorts/uPhjmpmnoCQ?feature=share Ставте пишіть ...
тцк,2026-02-28T11:58:29Z,0.53,Анекдот 7 (ТЦК).,Избалованный Грансеньйор,https://www.youtube.com/watch?v=t1Q7R3PblZk,
тцк,2026-02-28T11:39:11Z,0.27,Вписались за парня против ТЦК,Недомобилизованный Украинец,https://www.youtube.com/watch?v=f6o0aa8wBV0,ТЦК-шники хотели бусифицировать парня. Но не тут-то было! Команда крепких ребят быстро пришла на помощь.
тцк,2026-02-28T10:49:38Z,3.18,28 февраля ДНЕПР🔥СИТУАЦИЯ С ТЦК И НАРДЕПОМ😀🤙ВБРОС ИЛИ ПРАВДА🤔,dmpro,https://www.youtube.com/watch?v=5KMv0lmiIEg,ВСЕМ ПРИВЕТ ДЛЯ ПОДДЕРЖКИ 4400 0055 5351 9510 #dmpro #мобилизация #тцк #дмпро #беспределтцк.
тцк,2026-02-28T10:45:58Z,0.13,ТЦК,💖I LOVE TIMMY💖,https://www.youtube.com/watch?v=1I_rZ42jnFk,
тцк,2026-02-28T10:40:23Z,2.98,Хмільник тцк вдерлися до будинку  та побили чоловіка із дружиною!!!,ВОЛОНТЕР,https://www.youtube.com/watch?v=zq4J4wZnEo4,
тцк,2026-02-28T10:38:49Z,0.77,Несподівана зупинка у Львові: ТЦК забрали водія просто з рейсу,Життя в селі ,https://www.youtube.com/watch?v=ojXzK9wU8yA,
тцк,2026-02-28T10:00:17Z,0.17,#новини #україна #тцк #ухилянти #гумор#зсу,НейроТрэш,https://www.youtube.com/watch?v=E1cwV6VH_I8,Тцк прийшло забирати чоловіків! ⚠️Відео створено з використанням штучного інтелекту на основі оригінального ...
тцк,2026-02-28T09:47:00Z,1.12,Будьте осторожны  работает ТЦК,Слово за Тарасом,https://www.youtube.com/watch?v=uFG3Ee8Y87w,Будьте осторожны работает ТЦК.
тцк,2026-02-28T09:44:00Z,0.88,🪖п&#39;яний військовий сажотрус #тцк розбірки з водієм🍻Стас🌚🤮😂#війнавукраїні #приколи #бійки,🚚🚨Трудяга-Роботяга Далекобійник,https://www.youtube.com/watch?v=6pnxfY4LDlI,що ж поробиш вродився таким резиновим Стасік.
тцк,2026-02-28T09:08:06Z,1.43,Новий закон: Покарання ТЦК за незаконну мобілізацію! #shorts,Геннадій Прищепчук,https://www.youtube.com/watch?v=FRLnjvrSxEQ,Уповноважений Верховної Ради чітко заявив: будь-яке обмеження волі на території України без рішення суду прямо ...
тцк,2026-02-28T09:01:03Z,2.27,"Суди можуть зупинити свавілля ТЦК, але чомусь цього не роблять?#ТЦК #мобілізація #суд  #Ковтуненко",JustTolik,https://www.youtube.com/watch?v=Rfc06aZAWrU,"Чому судді покривають свавілля ТЦК та поліції? Бачачи фальсифікації та незаконну мобілізацію, вони просто скасовують ..."
тцк,2026-02-28T08:58:17Z,1.4,"ТЦКашники побили журналіста активіста, відомого як Київський ревізор #yarchik #ярчік #тцк #вінниця",Yarchik,https://www.youtube.com/watch?v=H1oCjTvdKrY,
тцк,2026-02-28T08:56:26Z,4.93,ТЦК знову зашкварились! Чому в громадян незаконно відбирають телефони?,Денис Галандзовський Новини Світу,https://www.youtube.com/watch?v=xm_hK7qjaaA,Робота для будівельників в Польщі та Бельгії! Заповни заявку і менеджер надасть всі деталі ...
тцк,2026-02-28T08:31:48Z,0.1,Маньяк у подвалі ТЦК,Ваня про 777,https://www.youtube.com/watch?v=mfRTaA2zxV4,
тцк,2026-02-28T08:30:24Z,0.67,За яку зарплату ви б погодилися працювати в ТЦК?,DumskayaTV,https://www.youtube.com/watch?v=sQcW1uA3W6Q,
тцк,2026-02-28T08:16:09Z,0.32,Бандитьські угруповання ТЦК + Поліція,В гостях у Єгеря!,https://www.youtube.com/watch?v=9ZFY4egubmI,Закрита спільнота Unfair Advantage: https://biohack.com.ua/unfairadvantage?ref=EgermeisterYT Консультації та знижки в ...
тцк,2026-02-28T08:12:56Z,0.27,Чим ТЦК відрізняється від бандитів?,В гостях у Єгеря!,https://www.youtube.com/watch?v=5zU59PYYQyw,Закрита спільнота Unfair Advantage: https://biohack.com.ua/unfairadvantage?ref=EgermeisterYT Консультації та знижки в ...
тцк,2026-02-28T08:05:44Z,0.5,ТЦК — корупційна машина!​,Політика без краваток,https://www.youtube.com/watch?v=yPWg6ai33xQ,Скарг вже тисячі: ця система підриває армію й державу зсередини.
тцк,2026-02-28T08:00:22Z,0.87,ТЦК Черкаси: &quot;Пакують&quot; Чоловіка В Машину! 👀,Пильний Дніпрянин,https://www.youtube.com/watch?v=CJ5lusyenHQ,"ТЦК Черкаси: ""Пакують"" Чоловіка В Машину! https://youtube.com/shorts/CJ5lusyenHQ?feature=share Ставте пишіть ..."
тцк,2026-02-28T07:55:33Z,8.65,Терміново! Полювання на ТЦК Розпочато. Невже Громадянська Війна?,Адвокат Ігор Липявка,https://www.youtube.com/watch?v=0qgLowMwlN8,Сайт: advocate-bureau.com.ua Телеграм канал: https://t.me/advocate_Igor_Lypiavka ✓ ПІДТРИМКА КАНАЛА - ⚡️mono 4441 ...
тцк,2026-02-28T07:53:55Z,0.42,Чому важлива робота ТЦК? Діліться своїми думками в коментарях під цим відео! 👇,TERMINOVO UA,https://www.youtube.com/watch?v=uvjRTunob6w,
тцк,2026-02-28T07:00:39Z,0.33,🔥Приснув Газом: НАПАД Чи ЗАХИСТ? Відео з 📸ТЦК,Пильний Дніпрянин,https://www.youtube.com/watch?v=knPtshwc9uQ,Приснув Газом: НАПАД Чи ЗАХИСТ? Відео з ТЦК https://youtube.com/shorts/knPtshwc9uQ?feature=share Ставте пишіть ...
тцк,2026-02-28T06:27:37Z,11.18,Одесса под огнём ПОРТ УНИЧТОЖЕН! ТЦК СТРЕЛЯЮТ В ЛЮДЕЙ! ТЕЛЕГРАМ БЛОКИРУЮТ!,Точка Правды,https://www.youtube.com/watch?v=YeXLVECYCFc,Описание видео: В этом выпуске обсуждаем события в Одесской области за последние сутки. Ночные удары по портовой ...
тцк,2026-02-28T05:43:28Z,0.95,ТЦКАШНИЙ ФОЛЬКЛОР У ВСІЙ &quot;КРАСІ&#39; #тцк #бусифікація #мобілізація #зсу #війна #україна,НЕЗАЛЕЖНІ МЕДІА,https://www.youtube.com/watch?v=Leatv94iN6w,
тцк,2026-02-28T05:00:20Z,1.65,"В Одесі ТЦК стріляли в бік цивільного. В пресслужбі заявили, що один військком вистрілив в іншого",Інсайдер,https://www.youtube.com/watch?v=Bf78_moaOu4,мобілізація #тцк #ухилянти #зсу #одеса.
тцк,2026-02-28T05:00:11Z,0.75,Крепкий Ухилянт и Зомби #сатира #политическийабсурд #тцк #юмор,Jorikfilm,https://www.youtube.com/watch?v=D4uZ7Z1p0ZM,Крепкий Ухилянт и Зомби 2 Серия Серия 2. Полная серия мультсериала «Жорик. Крыса и прорыв зомби» уже на канале.
тцк,2026-02-28T03:00:31Z,1.18,В Києві ТЦК витягнули чоловіка з-за керма і жорстко запакували ,Інсайдер,https://www.youtube.com/watch?v=KmgxY2TUOH0,ухилянти #мобілізація #тцк #зсу #київ.
тцк,2026-02-27T22:45:17Z,1.07,Керівник ТЦК на ТСК про мобілізацію батька: “У дитини є бабуся”,Гарант | Новини,https://www.youtube.com/watch?v=N1SoKCsvewk,"Під час засідання ТСК керівник ТЦК прокоментував мобілізацію батька, який доглядав за дитиною. За його словами, у ..."
тцк,2026-02-27T22:13:43Z,1.07,Керівник ТЦК про мобілізацію батька: “У дитини є бабуся” #тцк #мобілізація #тск,Гарант | Новини,https://www.youtube.com/watch?v=O8c20uMO8hU,"Під час засідання ТСК керівник ТЦК прокоментував мобілізацію батька, який доглядав за дитиною. За його словами, у ..."
тцк,2026-02-27T21:46:00Z,0.53,🤯 СКАНДАЛ НАВКОЛО ФУТБОЛІСТА КОЛЕСНИКА І ТЦК #футболіст #колесник #тцк #колос,ВІДВЕРТО,https://www.youtube.com/watch?v=DGuHnbjq_TA,
тцк,2026-02-27T21:00:00Z,0.3,Погранцы ЕС или Украины - кто лучше? #украина #евросоюз #тцк #мобилизация #уклонисты,Я так думаю,https://www.youtube.com/watch?v=4MP8-n9rtEA,Погранцы ЕС или Украины - кто лучше? #украина #евросоюз #тцк #мобилизация #уклонисты.
тцк,2026-02-27T20:44:12Z,0.88,Відміна бусифікації з початку весни #мобілізація #тцк #повістка #резервплюс #50плюс,Тверезий Погляд | Ігор Терлецький,https://www.youtube.com/watch?v=MKqhj47RGVM,
тцк,2026-02-27T20:15:46Z,0.33,Про ухилянтів ! Скільки їх ? Тисяч 400 ? #yarchik #ярчік #ярчик #тцк #поліція #ухилянти #shorts,Yarchik,https://www.youtube.com/watch?v=TOTW9rJGlng,
тцк,2026-02-27T20:00:00Z,0.12,«Такого не буде!» Терехов вимагає зупинити свавілля ТЦК #Харків #ТЦК #Справедливість #божья #молитва,ННН,https://www.youtube.com/watch?v=XlWikr4nuN4,Харків знову сколихнуло відео: людей силою тягнуть у метро без пояснень. Після скандалів мер Ігор Терехов публічно ...
тцк,2026-02-27T20:01:00Z,1.6,Єновина! ТЦК хотіли мобілізувати слугу народу? #блог #влада #політика,Блог Разумовського,https://www.youtube.com/watch?v=rP8q7mK8ZEU,
тцк,2026-02-27T19:19:23Z,5.32,ВІДМІНА БУСИФІКАЦІЇ? Які накази отримали ТЦК на березень. Нова заява.,Тверезий Погляд | Ігор Терлецький,https://www.youtube.com/watch?v=d6AKsP6cx2s,Мобілізація з 1 березня: кінець облавам чи нова цифрова пастка? Влада офіційно заговорила про скасування ...
тцк,2026-02-27T18:47:41Z,9.68,Як захистити свою відстрочку від незаконних дій ТЦК?,Немного о праве от Ростислава Кравца,https://www.youtube.com/watch?v=VBr0dtJXU18,Які порушення ТЦК при відмові у відстрочці для багатодітних сімей?  Мій Telegram https://t.me/rkravetsUA Мій TikTok ...
тцк,2026-02-27T18:45:06Z,0.77,ПРАЦІВНИКИ ТЦК ВІДКРИЛИ ВОГОНЬ,OSN UA,https://www.youtube.com/watch?v=sxp_vjRCKwU,У Чернівецькій області під час мобілізаційних заходів пролунали постріли. #тцк #чернівці #мобілізація #поліція ...
тцк,2026-02-27T18:26:53Z,10.97,"Вибух на уроці, сутичка із ТЦК, диверсія в поліції і рейди в «офісах»: події Дніпра та області",Суспільне Дніпро,https://www.youtube.com/watch?v=UrLV0i8t9XM,Вибух у ліцеї Дніпра — 25 дітей звернулися до лікарні. Хто приніс до школи боєприпас і як «муляж» міг здетонувати?
тцк,2026-02-27T18:01:13Z,0.08,У Львові чоловік обприскав перцевим спреєм працівника ТЦК та двох поліцейських,Світло в вірі shorts,https://www.youtube.com/watch?v=y5It-YdRPfk,"Якщо Ви бажаєте Фінансово підтримати канал 1,2,5,10 грн це вже підтримка для нас! Дякуємо! Mono банк 4441 1110 4246 ..."
тцк,2026-02-27T18:00:00Z,9.18,Разумков  резко  высказался  о работе ТЦК  в Верховной Раде,Слово за Тарасом,https://www.youtube.com/watch?v=mSC-Sqkp6FU,Разумков резко высказался о работе ТЦК в Верховной Раде.
тцк,2026-02-27T17:56:10Z,0.83,У Львові чоловік запшикав  ТЦК перцевим балончиком | ПравдаТУТ Львів,ПравдаТУТ Львів,https://www.youtube.com/watch?v=adTEW_VdX0k,В обласному ТЦК розповіли деталі інциденту в Сихівському районі. Це сталося зранку: військові саме підійшли до двох ...
тцк,2026-02-27T17:30:12Z,0.08,У Львові чоловік обприскав перцевим спреєм працівника ТЦК та двох поліцейських,Світло в вірі shorts,https://www.youtube.com/watch?v=c5v7p-ng3xw,"У мережі шириться відео з українцем Ігор Комаров, якого нібито викрали на Балі та вимагають викуп $10 млн. Журналіст ..."
тцк,2026-02-27T17:19:18Z,9.05,"Задув ТЦК «перцівкою», вирок за фатальну сварку та 50 млн на Трипільській ТЕС  | ПравдаТУТ Львів",ПравдаТУТ Львів,https://www.youtube.com/watch?v=oKbCirYV1ig,У Львові чоловік застосував перцевий балончик під час перевірки військових документів — постраждали представники ТЦК ...
тцк,2026-02-27T17:17:27Z,0.18,ТЦК прийшли за Борисом #тцк #вірусне #бусифікація #ржака #смішне #гумор #україна #shorts #собака,1 КГ,https://www.youtube.com/watch?v=55DnlhGT3Ug,
тцк,2026-02-27T17:14:13Z,0.68,Анекдот 6 (ТЦК).,Избалованный Грансеньйор,https://www.youtube.com/watch?v=y7vXXWanwHc,
тцк,2026-02-27T17:15:28Z,0.18,ТЦК прийшли за Борисом #тцк #вірусне #бусифікація #ржака #смішне #гумор #україна #shorts #собака,Quickly,https://www.youtube.com/watch?v=mPlUhPSm7cs,
тцк,2026-02-27T17:01:01Z,0.28,Врач ТЦК  убил бабку 80 лет и радуется. #юмор #б,Приключения Джо,https://www.youtube.com/watch?v=Vtf3_XTDtQA,юмор #Джо #ТЦК #украина.
тцк,2026-02-27T16:45:44Z,0.35,дрон против сынов шлюх из тцк,Ухилянт,https://www.youtube.com/watch?v=JJflv5XHEqQ,
тцк,2026-02-27T16:18:40Z,2.15,Армия Невского разносит терры! NEXT RP | Невский | ТЦК РФ,Bleufor,https://www.youtube.com/watch?v=r88AKZvh7fM,"nextrp #gta5 #samp #gta #mta некст рп, next rp, nextrp, мта некст рп, некстрп, некст рп мта, next rp mta, mta next rp, mta, мта ..."
тцк,2026-02-27T16:15:01Z,0.35,Проверки ТЦК,Морской юрист Николай Гольбин,https://www.youtube.com/watch?v=NHlfwQggdxY,Проверки ТЦК ◇ Подписывайтесь на телеграм канал https://t.me/NikolayGolbin ◇ ТЦК может требовать документы на ...
тцк,2026-02-27T16:01:23Z,9.27,Чим рекрутингові центри відрізняються від ТЦК та СП: Ярослав Лешко про особливості структури ЗСУ,Телеканал СК1,https://www.youtube.com/watch?v=sP8VHqEN-nM,Рекрутингові центри стали важливою структурою Збройних сил України під час війни. Чим вони відрязняються від ТЦК та ...
тцк,2026-02-27T16:01:20Z,3.93,ТЦК ПАДЛА - ВОЮЙ АБО ПРАЦЮЙ,ТЦК ПАДЛА,https://www.youtube.com/watch?v=rNX1AQAg6hA,"Песня о том, как нас лишают выбора и заставляют либо умирать на войне, либо заниматься рабским трудом ради Зе и его ..."
тцк,2026-02-27T16:00:48Z,0.65,Бодікамери працюють лише на поліцію — ТЦК б’є безкарно #Львів #ТЦК #Поліція #новини #Україна,Публіцист,https://www.youtube.com/watch?v=Oqxalu_pUzw,"У Львові чоловік задув перцем працівника ТЦК та двох поліцейських. Постраждалі госпіталізовані, нападнику загрожує до ..."
тцк,2026-02-27T16:00:04Z,0.58,⚡Одеський ТЦК під своїми дописами купує лайки #ukraine #новини,UA Пульс,https://www.youtube.com/watch?v=2IQncMPLo3E,Одеський ТЦК під своїми дописами купує лайки ​#Одеса #ОдеськийТЦК #ТЦК.
тцк,2026-02-27T15:45:09Z,0.37,КРАСАВЦЫ! Помогли парню уйти от ТЦК и полиции,Недомобилизованный Украинец,https://www.youtube.com/watch?v=ZAcUft_VASk,Взаимовыручка в действии! Прохожие не побоялись вписаться за незнакомого парня и отбили его у ТЦК и ментов.
тцк,2026-02-27T15:21:35Z,8.77,"«Група оповіщення – це ж не хлопчики для биття»: ТЦК Дніпра про сутички, балаклави та бодикамери",Інформатор Дніпро,https://www.youtube.com/watch?v=EOuYOZOIrmQ,Докладніше: https://dp.informator.ua/ Підписуйтеся на наші канали в Телеграм: Новини Дніпра: https://t.me/dp_informator_ua ...
тцк,2026-02-27T15:22:00Z,3.97,СВЯЩЕННАЯ ВОЙНА С ТЦК НАБИРАЕТ ОБОРОТЫ!,Slawa,https://www.youtube.com/watch?v=j3EQwJjdaF8,СВЯЩЕННАЯ ВОЙНА С ТЦК НАБИРАЕТ ОБОРОТЫ!
тцк,2026-02-27T15:01:10Z,0.38,БИЛЕЦКИЙ: СИСТЕМА ТЦК УСТАРЕЛА И ТРЕБУЕТ РЕФОРМ,Голос Війни,https://www.youtube.com/watch?v=YSwFGw4BQas,"Билецкий заявил, что система работы ТЦК устарела и требует срочной модернизации. По его словам, вместо старых ..."
тцк,2026-02-27T15:00:47Z,2.53,ТЦК як вийти не поламаним,Адвокат Віталій Ус,https://www.youtube.com/watch?v=APu7vTOqb-g,Розповідаю як вижити при сутичці з ТЦК.
тцк,2026-02-27T14:51:44Z,0.6,У ТЦК облаштують кімнати для Адвокатів...🤔#новости#тцк#важно#врек#топ#рафаэльдвоенкин#важнодлявсех,Rafael Dvoenkin,https://www.youtube.com/watch?v=q9TLS2yDcIo,
тцк,2026-02-27T14:34:06Z,2.58,ОПРОС В КИЕВЕ: ПОЧЕМУ ТЦК ПОТЕРЯЛИ ДОВЕРИЕ? 🗣️📉 РЕАЛЬНОЕ ОТНОШЕНИЕ К МОБИЛИЗАЦИИ 2026,Michael Woke - inside,https://www.youtube.com/watch?v=dFlSiwMcKTg,Больше видео-фактов и аналитики по ситуации с мобилизацией — в моем Telegram-канале: ...
тцк,2026-02-27T14:01:17Z,1.4,"ТЦК Був чоловіком,став жінкою МОБІЛІЗАЦІЯ Україна",ALL ,https://www.youtube.com/watch?v=kDzSB-I7HR4,
тцк беспредел,2026-02-27T13:47:08Z,9.92,27 февраля ДНЕПР🔥БЕСПРЕДЕЛ ТЦК🔥БЕЗЗАКОНИЕ ПОЛИЦИИ🔥 УСИЛЕНИЕ БУСИФИКАЦИИ🔥МНОГИХ ВСЁ УСТРАИВАЕТ🔥,dmpro,https://www.youtube.com/watch?v=mDZhJ9djFRI,ДЛЯ ДОНАТОВ КАРТА БАНКА 4400005553519510 СПАСИБО МОНО БАНКА https://send.monobank.ua/jar/QsDSpjCeG ...
тцк,2026-02-27T13:30:21Z,0.52,Чи має право поліція затримувати для ТЦК?,Пункт призначення НЕ ТЦК,https://www.youtube.com/watch?v=Md0nYf0NcRU,тцк #мобілізація #повістка #блокпост #бусифікація #ухилянти.
тцк,2026-02-27T13:16:55Z,0.48,У Львові чоловік розпилив перцевий балончик на військового ТЦК,Медіа-хаб ТВОЄ МІСТО,https://www.youtube.com/watch?v=w8P2gweqmcE,
тцк,2026-02-27T13:15:01Z,13.73,Понад 6 тисяч порушень зафіксували в роботі ТЦК та СП від 2022 року,33 канал,https://www.youtube.com/watch?v=3fgaPStItyQ,Наш сайт: https://33tv.com.ua/ Підписуйся на наші сторінки у соціальних мережах: Telegram: https://t.me/Chennel_33TV ...
тцк,2026-02-27T13:15:24Z,2.13,"Львівщина 27.02.2026: сирени, інцидент з ТЦК, світова напруга | Глобальний огляд",“Важливе Тепер”,https://www.youtube.com/watch?v=EP_TxmA3n-A,"27 лютого 2026 року Львівщина проживає день контрастів: повітряні тривоги, локальні інциденти, соціальна напруга та ..."
тцк,2026-02-27T13:00:57Z,0.43,Н*пад на ТЦК у Черкасах! 😱 Що каже Корчинський?,Дмитро Корчинський,https://www.youtube.com/watch?v=XEbOsRiFkN4,Дмитро Корчинський аналізує резонансний інцидент у Черкасах. Що насправді стоїть за конфліктами з ТЦК? ТЕРМІНОВИЙ ...
тцк,2026-02-27T12:56:38Z,3.13,💥ЩОЙНО! Депутати хочуть  приняти закон проти ТЦК⁉️,ВІДВЕРТО,https://www.youtube.com/watch?v=XwiWuqTfdHo,"Дмитро Разумков про ТЦК і мобілізацію. КАНАЛ ВІДВЕРТО - патріотична соціально-політична крос-медійна платформа, ..."
тцк,2026-02-27T12:07:24Z,11.6,СКАНДАЛ! ТЦК це каста НЕДОТОРКАННИХ? Разумков розніс ТЦК прямо в залі Ради!,Віталій Українець,https://www.youtube.com/watch?v=AGj9HwYfxPI,СКАНДАЛ! ТЦК це каста НЕДОТОРКАННИХ? Разумков розніс ТЦК прямо в залі Ради! Деталі у відео! Не забувайте ...
тцк,2026-02-27T12:00:36Z,0.7,РОЗПИЛИВ БАЛОНЧИК у службовців ТЦК — нападнику загрожує 5 РОКІВ ТЮРМИ!,ТСН,https://www.youtube.com/watch?v=Kghew4cSvLI,"Розпилив балончик у військовослужбовців ТЦК та поліції. У Львові чоловік, якого зупинили для перевірки документів, ..."
тцк,2026-02-27T11:35:00Z,3.02,ЗАБРАЛИ В ТЦК: ПОКРОКОВА ІНСТРУКЦІЯ ЯК ВИЙТИ ЗАКОННО (2026),ROZIA: ЮРИСТ ІЗ ЗАХИСТУ АКТИВІВ,https://www.youtube.com/watch?v=5oqr3vNQtHw,ЗАБРАЛИ В ТЦК? Завантажити ПОВНУ інструкцію + 4 готові шаблони заяв тут: ...
тцк,2026-02-27T11:26:25Z,0.27,"Звезда ТЦК объяснил, как ТЦК помогают сильнее любить Украину",Romanenko Shorts,https://www.youtube.com/watch?v=VsJYn9my-q0,"Похоже на украинском небосводе загжлась новая звезда коммуникации. Этого парня будут любить многие. Но не так, как ..."
тцк,2026-02-27T11:24:46Z,1.75,Моя первая встреча с ТЦК!!! Одесса!!! 2026,Я Здесь...,https://www.youtube.com/watch?v=i_260S-Ts_w,Моя первая встреча с ТЦК!!! Одесса!!! 2026 #одесса #тцк #встречастцк.
тцк,2026-02-27T11:21:55Z,8.28,Новий &quot;сюрприз&quot; від ТЦК для непридатних та виключених з обліку.,Інспектор Права - Юрист Вікторія Драпайло,https://www.youtube.com/watch?v=I0sdw_XwHbc,Мій телеграм канал - https://t.me/InspectorPrava Instagram - https://instagram.com/inspectorprava/ Facebook ...
тцк,2026-02-27T11:04:49Z,3.22,"«Твоя донька буде сиротою», – слова, які сказали Київському Ревізору в ТЦК.",Київський Ревізор,https://www.youtube.com/watch?v=nCaTaV9wMYg,
тцк,2026-02-27T11:00:22Z,7.15,ВИЛУЧЕННЯ ТЕЛЕФОНІВ/ВИМКНЕНІ КАМЕРИ: Що насправді приховує ТЦК? Правда про вуличну реальність 2026!,Київ - гріховне місто,https://www.youtube.com/watch?v=6eYvsTBojH4,тцк #мобілізація #новиниукраїни #правалюдини #закон #свавілля #адвокат #резонанс #правосуддя #безкарність #скандал ...
тцк,2026-02-27T10:45:03Z,0.17,ТЦК вірвалися на Нову почту #тцк #новини #ухилянти #гумор #ржакадосліз #україна,AI Gone Crazy,https://www.youtube.com/watch?v=CUT1Jb1PvBM,Тцк прийшли на нову почту забирати чоловіка! ⚠️Відео створено з використанням штучного інтелекту на основі ...
тцк,2026-02-27T10:30:24Z,0.47,Пойманные ТЦК #юмор,Приключения Джо,https://www.youtube.com/watch?v=i8_bI7p1rVc,юмор #Тцк #україна #джо.
тцк,2026-02-27T10:01:34Z,2.85,ТЦК похитили 16 летнего!!,Приключения Джо,https://www.youtube.com/watch?v=yqZJOLht_zU,"В нашей стране творится беспредел ТЦК на глазах у всей страны убивает и похищает людей, и нет разницы, сколько ..."
тцк,2026-02-27T10:01:24Z,2.28,🔥Вінниця: ТЦК Поцупили Велосипедиста🚴 Капець!,Пильний Дніпрянин,https://www.youtube.com/watch?v=ux8uGKqkKdo,Вінниця: ТЦК Поцупили Велосипедиста   Капець! Ставте пишіть коментарі та підписуйтесь на канал! @PoliceofDnipro ...
тцк,2026-02-27T09:59:19Z,0.6,Притула про помилки ТЦК,OneUkraine,https://www.youtube.com/watch?v=In3cNfQ7wJs,"Сергій Притула жорстко критикує методи «бусифікації», які стали символом сучасної мобілізації. Він вважає, що примусове ..."
тцк,2026-02-27T10:00:07Z,0.8,ТЦК Незаконний розшук та затримання Суд,Незалежна shorts,https://www.youtube.com/watch?v=2002VRA5z9U,Правова допомога https://femida.kiev.ua ТЦК Незаконний розшук та затримання Суд Шановні підписники та гості каналу.
тцк,2026-02-27T09:42:09Z,1.28,Як &quot;військові&quot; в ТЦК зловживають владою? #ТЦК #ЗловживанняВладою #Україна #Реальність,Геннадій Прищепчук,https://www.youtube.com/watch?v=RmTFXxbmU-Y,Як абсурдні запити та неадекватні визначення термінів контрастують із серйозністю зловживання владою з боку ...
тцк,2026-02-27T09:36:39Z,0.32,Львів: напад із перцевим балончиком на ТЦК і “магія” боді-камер #Львів #ТЦК #Поліція #Україна,Публіцист,https://www.youtube.com/watch?v=AKcuMTEOMC4,У Львові чоловік застосував перцевий газ проти працівника ТЦК та двох поліцейських. Постраждалі госпіталізовані ...
тцк,2026-02-27T09:09:46Z,2.83,Как я убегаю от ТЦК #могилизация #тцк #война,Ухилянт,https://www.youtube.com/watch?v=ZLqAbP1PiuE,
тцк,2026-02-27T09:00:44Z,1.02,🔥ТЦК Черкаси: Пішохода В Білий Дастер!,Пильний Дніпрянин,https://www.youtube.com/watch?v=T32eoWgwCU8,ТЦК Черкаси: Пішохода В Білий Дастер! https://youtube.com/shorts/T32eoWgwCU8?feature=share Ставте пишіть ...
тцк,2026-02-27T09:00:01Z,2.72,​5 років за опір ТЦК та цинічна ПОКАЗУХА з генератором! #новини #тцк #новиниукраїни ,Новини 1+2,https://www.youtube.com/watch?v=-SfhKHeOSP8,Випуск новин: У Львові чоловік під час перевірки документів «задув» перцевим балончиком працівника ТЦК. За це чоловікові ...
тцк,2026-02-27T08:28:39Z,1.35,Єновина!Показовий випадок з бодікамерами в ТЦК? #влада #політика #блог,Блог Разумовського,https://www.youtube.com/watch?v=Ry-L6ieVqtE,
тцк,2026-02-27T08:22:45Z,3.1,Напад ТЦК та поліції на батька з сином в Кривому Розі#КривийРіг #ТЦК #свавілля #напад #правалюдини,JustTolik,https://www.youtube.com/watch?v=vRvAjdaSwmU,"Кривий Ріг. 24 лютого. Похід до магазину за продуктами закінчився стріляниною, побиттям жінки та викраденням людини."
тцк,2026-02-27T08:19:22Z,8.5,Війна триватиме до обрання Усика? ТЦК має забезпечити 70-90 тис. втрат ЗСУ на кампанію 2026 р.,Броварське телебачення Славка,https://www.youtube.com/watch?v=yMmyLIOjoGQ,Приват-банк карта номер 5168 7451 3242 9223 Монобанк карта номер 4441 1144 0128 5000 PayPal svinoez63@gmail.com ...
тцк,2026-02-27T07:48:42Z,0.48,ТЦК - молодцы. Игорь Сидляк 79 одшбр ВСУ #тцк #мобілізація #бусифікація,ФРОНТСТОРИЗ,https://www.youtube.com/watch?v=9iHR1CnJIso,
тцк,2026-02-27T07:15:05Z,0.48,Лубінець проти ТЦК! Корчинський,Дмитро Корчинський,https://www.youtube.com/watch?v=s3pJVrplxCY,ТЕРМІНОВИЙ ЗБІР ДЛЯ РОТИ ІСУСА ХРИСТА БАТАЛЬЙОНУ БРАТСТВО Збір на дообладнання і ремонт машин бойової ...
тцк,2026-02-27T06:37:27Z,0.17,#funny #тцк #шуточное #юмор #юморshorts #ютубшортс #ютуб #прикол #приколы #humor #смішно #смешно,FAMILY VITALII,https://www.youtube.com/watch?v=WosYDGV0_z8,
тцк,2026-02-27T06:35:02Z,5.22,"ОЧЕНЬ МНОГО ТЦК И ПОЛИЦИИ СДЕЛАЛИ ОБЛАВУ НА ОДНОГО МУЖЧИНУ, ПОГОНЯ КОТОРУЮ СНЯЛИ КАМЕРЫ НАБЛЮДЕНИЯ ",POLITYK UA,https://www.youtube.com/watch?v=yBBgrb61ltc,автор видео: https://www.tiktok.com/@user3740529031269.
тцк,2026-02-27T06:35:01Z,1.18,ПАРАОЛІМПІЙСЬКІ ІГРИ ВІД ТЦК!!!,POLITYK UA,https://www.youtube.com/watch?v=tFgfUd9008M,
тцк,2026-02-27T06:35:00Z,1.57,"АДВОКАТ ДЕНИС, ПРО СОПРОТИВЛЕНИЕ СОТРУДНИКАМ  ТЦК",POLITYK UA,https://www.youtube.com/watch?v=AMTwKbFE3Lk,
тцк,2026-02-27T06:35:00Z,1.27,"ОДЕССКИЙ АДВОКАТ ДЕНИС ДРАГОЙ ЗАСУДИЛ ДЕЙСТВИЯ ТЦК, КОТОРЫЕ СТРЕЛЯЛИ ПО МИРНЫМ",POLITYK UA,https://www.youtube.com/watch?v=3eX7tDs_j-g,
тцк,2026-02-27T06:30:26Z,8.15,⚡ТЦК БУДЕ РОЗПУЩЕНО!? ГОНЧАРЕНКО ВИЙШОВ З ЖОРСТКОЮ КРИТИКОЮ! ВЛАДА У ШОЦІ! ЩО БУДЕ ДАЛІ?!,5 канал,https://www.youtube.com/watch?v=jXHQ8sqbyEU,"4-ту річниця війни. І зустріли ми її з насильством, яке походить не лише від ворогів, а й від наших співгромадян. Сьогодні ..."
тцк,2026-02-27T06:00:15Z,0.37,ЗАДУВ ТЦК І СЯДЕ НА 5 РОКІВ! Жорсткий вирок 😱 #shorts #новини #тцк,Новини 1+2,https://www.youtube.com/watch?v=GhbzAagaREk,"Чоловік «задув» перцевим балончиком працівника ТЦК під час перевірки документів у Львові, за це чоловікові загрожує до ..."
тцк,2026-02-27T05:30:03Z,11.22,ОДЕССА В АДУ! ПОРТ УНИЧТОЖЕН! ТЦК СТРЕЛЯЮТ В ЛЮДЕЙ! ТЕЛЕГРАМ БЛОКИРУЮТ!,NEMO,https://www.youtube.com/watch?v=vG6yz1-QB2o,
тцк,2026-02-27T05:21:20Z,0.68,ДЕРЖАВА ЦЕ КЛІТКА ДЛЯ ГРОМАДЯН? #україна #війна #тцк #мобілізація #бусифікація #зсу #новини #зе,НЕЗАЛЕЖНІ МЕДІА,https://www.youtube.com/watch?v=DEB3_URrkog,
тцк,2026-02-27T05:04:32Z,2.07,&quot;Оберіг&quot; система: Оператор ТЦК сяде за зміни даних? #shorts,ЄЗАКОН Адвокат Мамчик,https://www.youtube.com/watch?v=_UsE6fm8jeI,"Несанкціонована зміна даних у системі ""Оберіг"" – це кримінальний злочин. Операторам ТЦК загрожують штрафи, виправні ..."
тцк,2026-02-27T05:00:27Z,0.85,"У Дніпрі &quot;штампували&quot; фальшивих іноземців, щоб &quot;відмазатися&quot; від ТЦК",ТСН,https://www.youtube.com/watch?v=Sfh91CT9AAk,Перетворитися на іноземця за пʼять тисяч доларів. У Дніпрі припинили оригінальну схему для ухилянтів. Її організували ...
тцк,2026-02-27T04:06:29Z,14.58,Украинский фронт - удар по Украине. ТЦК начали отстрел. Дисквалифицировать Бубку. 26.02.26,Саня во Флориде,https://www.youtube.com/watch?v=559ADRiJFcI,Украинский фронт - удар по Украине. ТЦК начали отстрел. Дисквалифицировать Бубку. 26.02.26.
тцк,2026-02-27T02:57:38Z,0.77,Чому не в окопі❓Ти повинен захищати Батьківщину❗ТЦК герої‼️ #yarchik #ярчік #тцк #хейтери #відповідь,Yarchik,https://www.youtube.com/watch?v=hZEevFYJDyA,
тцк,2026-02-26T23:40:20Z,1.17,"🇺🇦‼️КИЇВ‼️НЕГАЙНО‼️ЗНІМАЙ БРОНЮ З ТЦК, ПОЛІЦАЇВ УКРАЇНИ І МОБІЛІЗУЙ ЇХ В ЗСУ НА ЗАХИСТ СЛОВ&#39;ЯНЩИНИ‼️",НІКА-НЕЗАЛЕЖНІСТЬ14 ,https://www.youtube.com/watch?v=-FafSdmtmd8,"ВЛАДА УКРАЇНИ В КИЄВІ‼️НЕГАЙНО‼️ЗНІМАЙ БРОНЮ З ТЦК, ПОЛІЦАЇВ УКРАЇНИ І МОБІЛІЗУЙ ЇХ В ЗСУ НА ЗАХИСТ ..."
тцк,2026-02-26T22:38:26Z,0.95,Отримали повістку від ТЦК?,КОНСУЛЬТАНТ Юридичний Маркетплейс,https://www.youtube.com/watch?v=ypUKzNwhyhA,Повістка від ТЦК - це не автоматичний призов. Але незнання процедури може створити серйозні проблеми. Багато людей ...
тцк,2026-02-26T21:53:01Z,0.63,❗️ ЛЬВІВЯНИН НАПАВ НА ТЦК І КОПІВ | СтопКор,Стоп Корупції,https://www.youtube.com/watch?v=IWqO26YQw3U,У Львові чоловік обприскав перцевим спреєм працівника ТЦК та двох поліцейськихТроє постраждалих із пошкодженнями ...
тцк,2026-02-26T21:41:03Z,0.42,Парни не растерялись при встрече с ТЦК 😳,Правовое Государство,https://www.youtube.com/watch?v=EtqoBxwLedQ,Авторы категорически осуждают любое нарушение законов Украины и прав человека. А также выступают против призывов ...
тцк,2026-02-26T21:27:52Z,0.8,«ТЦКашники» і «бусифікація» — мова ворога? #тцк #людолови #бусифікація #мобілізація,ЧЕРВОНА КНОПКА,https://www.youtube.com/watch?v=Pui61exjnbw,
тцк,2026-02-26T20:49:43Z,0.88,"ОСТОРОЖНО, ТЦК! #тцк",Avenger Prime,https://www.youtube.com/watch?v=evUPG_DEiqw,
тцк,2026-02-26T20:18:32Z,0.67,Це правда про ТЦК?,Дядько Сергій ,https://www.youtube.com/watch?v=fH4sHG4otYo,
тцк,2026-02-26T20:00:22Z,0.55,В Дніпрі Жінка Військового Зустріла &quot;ЛЮДОЛОВІВ&quot; ТЦК,Пильний Дніпрянин,https://www.youtube.com/watch?v=SGcQDM2qb5Y,"В Дніпрі Жінка Військового Зустріла ""ЛЮДОЛОВІВ"" ТЦК https://youtube.com/shorts/SGcQDM2qb5Y?feature=share Ставте ..."
тцк,2026-02-26T20:00:50Z,0.88,"Разумков: ТЦК не повинні бути поза законом, потрібен закон про «бусифікацію» #тцк #Україна",Публіцист,https://www.youtube.com/watch?v=tfsMis4Vnzg,Дмитро Разумков виступив із вимогою законодавчо обмежити недоторканність працівників ТЦК. За його словами ...
тцк,2026-02-26T19:45:16Z,0.35,ТЦК-шник неудачно зашел в автобус,Недомобилизованный Украинец,https://www.youtube.com/watch?v=Cu4pS2R5os4,"""Слышь ты, пенёк"" — фраза дня! А нехрен было ТЦК рано утром по автобусам шастать. Недавно книжку написал…"
тцк,2026-02-26T19:00:33Z,0.1,Скандальну публікацію ТЦК видалили,Світло в вірі shorts,https://www.youtube.com/watch?v=RAykkpbhslo,"Якщо Ви бажаєте Фінансово підтримати канал 1,2,5,10 грн це вже підтримка для нас! Дякуємо! Mono банк 4441 1110 4246 ..."
тцк,2026-02-26T19:00:31Z,0.62,Чемпіон світу з шашок у штурмовиках: ТЦК «бусифікували» Анікеєєва #ТЦК #Мобілізація #Україна,Публіцист,https://www.youtube.com/watch?v=LsJLaphP5UA,"Юрій Анікеєв, чемпіон світу з шашок, потрапив до штурмових підрозділів через процедури ТЦК. Нардеп Мазурашу назвав ..."
тцк,2026-02-26T18:21:11Z,0.92,ТЦК забирає водійські права #мобілізація #тцк #повістка #резервплюс #50плюс,Тверезий Погляд | Ігор Терлецький,https://www.youtube.com/watch?v=pfqkUOymXDk,
тцк,2026-02-26T18:01:13Z,11.03,ТЕРМІНОВО! ТЦК в ефірі визнали свої злочини проти цивільних! Чи буде реакція?,Денис Галандзовський,https://www.youtube.com/watch?v=Y1rVd9YTwnU,Робота для будівельників в Польщі та Бельгії! Заповни заявку і менеджер надасть всі деталі ...
тцк,2026-02-26T18:02:19Z,1.05,#новини #політика #тцк #бусифікація #разумков #верховнарада,Vladyslav Lysiak ,https://www.youtube.com/watch?v=Yt54u16E9vI,
тцк,2026-02-26T17:38:28Z,3.58,Готовят РОСПУСК ТЦК? Денис ЕЛИСЕВИЧ: «ТЦК действует ф*шистскими методами по указанию сверху»,Yelisevych TV,https://www.youtube.com/watch?v=xFH3td-ieNg,"Беспредел ТЦК и силовая мобилизация полностью покрываются верхушкой власти, которая в итоге выйдет сухой из воды!"
тцк,2026-02-26T17:23:56Z,1.65,ТЦК в суде не имеют власти,Адвокат Олег Лукьянчиков,https://www.youtube.com/watch?v=H8wiCIC0jTg,ТЦК в суде не имеют власти. #лукьянчиков #новости #україна #мобілізація #тцк.
тцк,2026-02-26T17:13:46Z,4.68,ШОК! ТЦК затримали і знущались над пенсіонером ДСНС,Денис Галандзовський Новини Світу,https://www.youtube.com/watch?v=yMZcQ4aK638,Робота для будівельників в Польщі та Бельгії! Заповни заявку і менеджер надасть всі деталі ...
тцк,2026-02-26T17:00:55Z,2.15,"Кривий Ріг: батька в ТЦК, дитину в дитбудинок. Закон чи беззаконня?",Мережа права | Права військових,https://www.youtube.com/watch?v=X4kQTab1oos,мережаправа #військові #тцк #мобілізація Залишити заявку на БЕЗКОШТОВНУ консультацію: ...
тцк,2026-02-26T17:00:15Z,12.53,❗️БІЙКА У РАДІ! ТЦК ДІСТАЛИСЯ ДО ДЕПУТАТІВ! Камери засікли НЕВІДОМИХ У МАСКАХ,СОЛОМКА,https://www.youtube.com/watch?v=B2aZWlLOn8I,"Бійка у Верховній Раді через дії ТЦК — і це вже не вулиця, а парламент. Зниклий поліцейський після історії з Олегом ..."
тцк,2026-02-26T16:57:21Z,0.57,ТЦК. Перевірка облікових документів. #юмор #butifyoucloseyoureyes #прикол #тцк,Василь Фендак,https://www.youtube.com/watch?v=N2elPjqlYAM,Все буде...
тцк,2026-02-26T16:49:46Z,1.7,ТЦК и стрельба в Одессе,Адвокат Олег Лукьянчиков,https://www.youtube.com/watch?v=Mw9DqdClIpg,ТЦК и стрельба в Одессе. #лукьянчиков #мобилизация #новости #украина #тцк.
тцк,2026-02-26T16:47:49Z,1.13,ТЦК и сломанное бедро: а есть ли связь? #лукьянчиков #мобилизация #новости #украина #тцк,Адвокат Олег Лукьянчиков,https://www.youtube.com/watch?v=PCmY7aoSW6w,ТЦК и сломанное бедро: а есть ли связь? #лукьянчиков #мобилизация #новости #украина #тцк.
тцк,2026-02-26T16:47:45Z,0.85,Снять розыск ТЦК,Адвокат Олег Лукьянчиков,https://www.youtube.com/watch?v=QHjOvX6Pvs8,Снять розыск ТЦК. #лукьянчиков #украина #суд #тцк #мобилизация.
тцк,2026-02-26T16:37:33Z,0.18,ТЦК вигнали з села #тцк #бусифікація #україна #смішне #ржака #смішне #shorts #гумор #вірусне,1 КГ,https://www.youtube.com/watch?v=nWR9Hvazg_0,
тцк,2026-02-26T16:36:18Z,0.18,ТЦК вигнали з села #тцк #бусифікація #україна #смішне #ржака #смішне #shorts #гумор #вірусне,Quickly,https://www.youtube.com/watch?v=V8AuJv9OEso,
тцк,2026-02-26T16:15:00Z,12.65,⚡️Терміново! ТЦК ВІДКРИЛИ СТРІЛЯНИНУ В ОДЕСІ. Є ЖЕРТВИ. Бійня в Харкові зі СТРАШНИМИ НАСЛІДКАМИ,Фабрика новин,https://www.youtube.com/watch?v=0LlmsZPKa_o,"Підписуйтесь на наш канал https://www.youtube.com/channel/UCMp5Buw-6LpbbV9r9Sl_5yg?sub_confirmation=1 Постріли, ..."
тцк,2026-02-26T16:06:40Z,0.47,ТЦК ВІДКРИЛИ ВОГОНЬ! #shorts #новини #тцк,Новини 1+2,https://www.youtube.com/watch?v=-HmoE9DmW3U,
тцк,2026-02-26T16:01:20Z,4.95,Поліція + ТЦК: чому кількість блокпостів різко зросте і які будуть наслідки,Адвокат Роман Сімутін,https://www.youtube.com/watch?v=rtL53m8N0Ns,Сьогодні буде нетипове відео. Бо останні теракти проти поліцейських не залишаться не поміченими: будуть посилені ...
тцк,2026-02-26T16:00:52Z,4.8,"💥Демобілізацію прибрали — бусифікацію запустили, зате ТЦК - недоторкані‼️ - Разумков",Розумна Політика,https://www.youtube.com/watch?v=Xaxmn5VwBO8,"Демобілізацію прибрали, бусифікацію запустили: так виглядає «справедливість» від влади! Допомога військовим — це не ..."
тцк,2026-02-26T16:00:11Z,1.25,Кто создал нынешнюю модель ТЦК?,ШЕЛЕСТ ФАКТОВ,https://www.youtube.com/watch?v=7YgnF08jj3I,Кто создал нынешнюю модель ТЦК?
тцк,2026-02-26T16:00:09Z,8.83,🚨МОБІЛЬНІ блокпости 2026 поліція та ТЦК: нові правила перетину!,Dima Poltava,https://www.youtube.com/watch?v=7CG_666kiiA,У 2026 році мобільні блокпости продовжують працювати. Які документи можуть перевіряти? Чи є нові правила?
тцк,2026-02-26T16:00:26Z,1.25,Кто создал нынешнюю модель ТЦК?,Ш!УМ ВЛАСТИ,https://www.youtube.com/watch?v=JheYs0bJ6ss,Кто создал нынешнюю модель ТЦК?
тцк,2026-02-26T15:53:15Z,0.7,Оператори &quot;Оберіг&quot; у ТЦК: корупція і без бойового досвіду? Заява керівника #тцк #оберіг,Гарант | Новини,https://www.youtube.com/watch?v=poTkrHD-eAw,Керівник ТЦК заявив про можливу корупційну складову серед операторів «Оберіг» та відсутність у них бойового досвіду.
тцк,2026-02-26T15:53:51Z,0.37,😁 😂#буковель #украина #тцк,bytebeta,https://www.youtube.com/watch?v=plQ8FqrxO6o,
тцк,2026-02-26T15:50:51Z,14.38,"Ледве втік від ТЦК прямо під час запису відео ,незнаю що буде далі 🤬❗",Volya-Freedom ,https://www.youtube.com/watch?v=sJu3C3x8U_Y,"На виживання, лікування і підтримку ,хто має бажання ось банка буду дуже вдячний ..."
тцк,2026-02-26T15:42:00Z,13.08,26 февраля ДНЕПР🔥 БЕЗЗАКОНИЕ ТЦК🔥 СПАСИБО ЗА ПОНИМАНИЕ🔥,dmpro,https://www.youtube.com/watch?v=U9eUluDt8m0,ССЫЛКА ДЛЯ ДОНАТА https://send.monobank.ua/jar/QsDSpjCeG КАРТА ДЛЯ ДОНАТА 4400 0055 5351 9510 БЛАГОДАРЮ ЗА ...
тцк,2026-02-26T15:36:02Z,0.67,🚨ТЦК ВІДПОВІДАТИМУТЬ! Нардеп розкрив ЕКСКЛЮЗИВНІ деталі,Новини.LIVE,https://www.youtube.com/watch?v=o49y53ZAMjs,Джерело відео: ексклюзив Новини.LIVE #НовиниLIVE #війна #мобілізація ПРИЄДНУЙСЯ: Актуальні новини України та ...
тцк,2026-02-26T15:15:20Z,8.03,Шокуючий конфлікт з ТЦК! У бійці чоловік поріzав військових? Усі ПОДРОБИЦІ тут!,11 канал. Голос Дніпра🌊,https://www.youtube.com/watch?v=YKHHXaf7nzM,Шокуючий конфлікт з ТЦК! Чи була застосована зброя? Cоцмережі сколихнула інформація про начебто стрілянину й тяжкі ...
тцк,2026-02-26T15:12:39Z,0.55,"Система ТЦК перетворилась на другий фронт, тільки проти власного народу! #Гончаренко #Україна #ТЦК",Політика без краваток,https://www.youtube.com/watch?v=ZvuZlgu-55c,
тцк,2026-02-26T15:00:29Z,0.23,Я ДОЖАВ ТЦК НА СНІГУ ВЖЕ?! БЕЗПРЕДЕЛ ЗНИК ТУТ?! 🛑,Legal Land,https://www.youtube.com/watch?v=H72ta4vUZ4E,тцк поліція незаконне затримання право на зйомку розшук ухилянтів незаконна мобілізація ФАКТ: На снігу силова ...
тцк,2026-02-26T14:47:04Z,0.07,⚖️ ТЦК,MyUa,https://www.youtube.com/watch?v=OLx6hV7H5Qk,"новини #новинисьогодні #новинионлайн Народний депутат заявив, що ТЦК не можуть бути недоторканними та потрібен ..."
тцк,2026-02-26T14:30:49Z,7.85,⚡️ТЦК побили ВЕТЕРАНА з інвалідністю! Стрілянина в ОДЕСІ. Розкрили ШОКУЮЧІ ДЕТАЛІ ВБИВСТВА,Сейчас,https://www.youtube.com/watch?v=qn3fhjF_NSA,У мережі спалахнув новий скандал за участю співробітників ТЦК. Невже співробітники ТЦК змордували ветерана? Про які ...
тцк беспредел,2026-02-26T14:29:55Z,6.63,Беспредел ТЦК в Харькове,Марина Онищенко,https://www.youtube.com/watch?v=bjqpynAhmX0,MAX https://max.ru/join/oYgs0SqhaMUWwqZOTy7JZU_6OsHTRoFG20sSlwSL2pg ✔️Telegram https://t.me/Onishchenko0002 ...
тцк,2026-02-26T14:07:45Z,6.0,🚩Родич Кадирова в ТЦК🚩Як потрапити в ТЦК на роботу?🚩,Геннадій Прищепчук,https://www.youtube.com/watch?v=tZu7leCvt4g,"Свіжий погляд на події, що відбуваються. Сміливі теми, про які інші мовчать. Гострі дискусії та різні точки зору. Емоції та ..."
тцк,2026-02-26T14:06:49Z,0.82,ТЦК відкрило вогонь по втікачу #тцк #мобілізація #новини #50плюс #резервплюс,Тверезий Погляд | Ігор Терлецький,https://www.youtube.com/watch?v=mGq1GN2KXkc,
тцк,2026-02-26T14:04:04Z,8.98,ТЦК это плохо но я ЗА ПРЕЗЕДЕНТА,Блог Игоря Барса,https://www.youtube.com/watch?v=M3y7nnclxO4,Задал вопросы украинцам на митинге в честь годовщины нападения РФ на Украину.
тцк,2026-02-26T13:55:39Z,1.13,Начальник ТЦК: $45 мільйонів незаконного збагачення! #ТЦК #Корупція #Розслідування #Мобілізація,Геннадій Прищепчук,https://www.youtube.com/watch?v=HJelgkxvQ9w,Колишній начальник Малиновського РТЦК В'ячеслав Кушнеров розшукується за незаконне збагачення на 45 мільйонів ...
тцк,2026-02-26T13:57:09Z,0.58,Информаторы ТЦК,Недомобилизованный Украинец,https://www.youtube.com/watch?v=ur0n3xAI0GA,"А вы были в курсе, что есть такие ""товарищи""? Я про ТЦК-информаторов. Лично я встречал парочку таких. И я не про ..."
тцк,2026-02-26T13:45:28Z,1.25,"Долари в ТЦК? Мільярдні схеми, які шокують! #shorts",Геннадій Прищепчук,https://www.youtube.com/watch?v=eSGCov0B2hg,"Щоденні надходження доларів у ящиках та коробках. Фури везуть мільярди, які потім зникають на складах. Ця схема ..."
тцк,2026-02-26T13:23:28Z,0.55,Людоловов покрывает Прокуратура и МВС! #рекомендации #рекомендації #рек #україна #тцк #live #news,Krivbass UA,https://www.youtube.com/watch?v=F-wBm3eJ1Ko,
тцк,2026-02-26T13:22:01Z,1.48,#ТСК #Корупція #Мобілізація #ПраваЛюдини #ТЦК #Оборона,Телеканал Рада,https://www.youtube.com/watch?v=hKgpczu8m_M,
тцк,2026-02-26T13:10:45Z,0.62,"ТЦК бусифікували і відправили в штурмовики чемпіона світу з шашок Юрія Анікеєєва, - нардеп Мазурашу",Політична правда,https://www.youtube.com/watch?v=A_1Sll-K_gs,
тцк,2026-02-26T13:06:03Z,0.37,тцк стандофф 2 #standoff2 #sora #сора #тцк,Vlassat ,https://www.youtube.com/watch?v=04__bbFzySc,
тцк,2026-02-26T13:04:13Z,1.33,Чеченський бойовик в ТЦК Одеси: Розслідування! #shorts,Геннадій Прищепчук,https://www.youtube.com/watch?v=cgPDpsBT5gg,"Розслідування шокуючого призначення Магомеда Айдамірова до Одеського ТЦК, попри його кримінальне минуле та зв'язки ..."
тцк,2026-02-26T13:05:01Z,1.33,Чеченський бойовик в ТЦК Одеси: Розслідування! #shorts,Нестер Прищепчук,https://www.youtube.com/watch?v=LzfBv0-i7aw,"Магомед Айдаміров, пов'язаний з кланом Кадирова, отримав посаду в одеському ТЦК. Це викликає питання щодо ..."
тцк,2026-02-26T13:01:38Z,10.58,У ХАРКОВІ ЖОРСТОКО ПОБИЛИ ЧОЛОВІКА! ВІН ЗВИНУВАТИВ ТЦК: ТАМ ОЗВУЧИЛИ СВОЮ ВЕРСІЮ,ТСН,https://www.youtube.com/watch?v=uBk_qyasT1M,"У Харкові спалахнув гучний скандал довкола ймовірного побиття чоловіка у приміщенні ТЦК та СП. Родина заявляє, що ..."
тцк,2026-02-26T12:54:11Z,1.23,Людоловов нужно остановить! #рекомендации #рек #україна #тцк #людолови #live #life #news #video,Krivbass UA,https://www.youtube.com/watch?v=a0Ui6GAvK1c,
тцк,2026-02-26T12:50:43Z,12.83,ТЦК Україна 2026: нові випадки мобілізації | Добірка №2,👁️Глаз Народа,https://www.youtube.com/watch?v=YK5l1SdzT8o,ТЦК #Украина #Мобилизация2026 #НовостиУкраины #ТЦК #Україна #Мобілізація #Затримання #Новини2026 Больше ...
тцк,2026-02-26T12:32:50Z,2.98,"&quot;Не вір брехні про ТЦК&quot;. Pop-rock. Слова - Олексій Мазур, Дніпро. #poprock #новамузика #music","Оleksii Маzur, DNIPRO",https://www.youtube.com/watch?v=pR-V8XkBrxM,"Не вір брехні про ТЦК Якщо тебе схопило ТЦК - Відлупцювала у військовій формі банда: Не переймайся, все гаразд, Це все ..."
тцк,2026-02-26T12:28:31Z,1.42,Схема в ТЦК: Хто платить і хто страждає? #Розслідування #Відповідальність #СистемніЗловживання,Геннадій Прищепчук,https://www.youtube.com/watch?v=JlgVIzzqD-g,"Цей матеріал розкриває зловісні корупційні схеми та методи, що застосовуються всередині системи. Заклик до негайного ..."
тцк,2026-02-26T12:17:26Z,1.03,В Одеському ТЦК працює чеченський бандит? Розслідування! #shorts,Геннадій Прищепчук,https://www.youtube.com/watch?v=HAdJU6LjRdk,"Розслідування роботи одеського ТЦК, зосереджене на колишньому засудженому Магомеді Айдамірову. Піднімаються ..."
тцк,2026-02-26T12:17:17Z,1.03,В Одеському ТЦК працює чеченський бандит? Розслідування! #shorts,Нестер Прищепчук,https://www.youtube.com/watch?v=YzpYt9QV3hE,"Розслідування роботи ТЦК: Чи є колишні засуджені, як Магомед Айдаміров, серед мобілізованих? Питання про присутність ..."
тцк,2026-02-26T12:07:22Z,5.65,ТЦК відкрили вогонь по втікачу? З&#39;явились коментарі від поліції та ТЦК Одеси,Тверезий Погляд | Ігор Терлецький,https://www.youtube.com/watch?v=Skpgq7Az4uI,Чи мають право стріляти під час мобілізації? Новий скандал в Одесі. В Одесі зафіксували шокуючий інцидент: група ...
тцк,2026-02-26T12:02:21Z,1.9,Жорстока бійка із ТЦК у Кривому Розі: в хід пішла зброя!,11 канал. Голос Дніпра🌊,https://www.youtube.com/watch?v=dReD2nNtp0g,Жорстока бійка із ТЦК у Кривому Розі: в хід пішла зброя! Що відомо про цей резонансний конфлікт? Коментар ТЦК та ...
тцк,2026-02-26T12:00:33Z,9.18,СКАНДАЛ! Дмитрий Разумков разнёс ТЦК прямо в зале Рады: &quot;Мы создали опричников&quot;,Тарас Никифорчук,https://www.youtube.com/watch?v=FOOrDVnbgZQ,Мой телеграм канал подпишитесь https://t.me/TarasOdessa/11923 E-mail: odessa-urist@ukr.net.
тцк,2026-02-26T11:59:37Z,11.45,НАКАЗ ВИКОНАТИ ПЛАН! ТЦК  ШОКУВАЛИ УКРАЇНЦІВ! Вже в березні,Віталій Українець,https://www.youtube.com/watch?v=Z-3Q6D-uNKo,НАКАЗ ВИКОНАТИ ПЛАН! ТЦК ШОКУВАЛИ УКРАЇНЦІВ! Вже в березні Нова пастка від ТЦК! Знятих з обліку МОБІЛІЗУЮТЬ і ...
тцк,2026-02-26T11:45:33Z,13.25,Шокуючі деталі злочинів ТЦК! Керівник ТЦК потрапив на публічний допит,Денис Галандзовський,https://www.youtube.com/watch?v=_z2ruEm0rEU,Робота для будівельників в Польщі та Бельгії! Заповни заявку і менеджер надасть всі деталі ...
тцк,2026-02-26T10:29:38Z,0.37,Чоловік змінив стать і виграв суд у ТЦК,Quick News ua,https://www.youtube.com/watch?v=dceNfVlHA1o,Чоловік змінив стать і виграв суд у ТЦК #новини #Україна #чоловік #стать #ТЦК.
тцк,2026-02-26T10:14:12Z,0.88,Харків: ТЦК побили ветерана з інвалідністю #Харків #ТЦК #Ветеран #Скандал #Україна #новини #shorts,Публіцист,https://www.youtube.com/watch?v=2re1UW3tWIQ,"У Харкові представники ТЦК побили ветерана з інвалідністю III групи, якого раніше зняли з військового обліку через ..."
тцк,2026-02-26T10:11:44Z,2.93,Чи вистачає ТЦК бодікамер. Запитала про це у начальника групи комунікацій Полтавського обласного ТЦК,Ukr.net.,https://www.youtube.com/watch?v=JrTPeK1u1wU,
тцк,2026-02-26T09:44:36Z,0.62,"Морды поотъедали, по 2 метра ростом. Николай Лисконог 61 омбр #тцк #мобілізація #бусифікація #зсу",ФРОНТСТОРИЗ,https://www.youtube.com/watch?v=LFJJPNjOczw,
тцк,2026-02-26T09:15:47Z,2.03,Зеленський захищае ТЦК.,Виталя Pro,https://www.youtube.com/watch?v=g-lWHXmk5IQ,
тцк,2026-02-26T09:01:06Z,3.32,ТЦК знов потрапило до скандалу. Треба ось що робити Разумков,Незалежна Україна,https://www.youtube.com/watch?v=nyCLIFtaoxY,Останні новини тут https://www.youtube.com/playlist?list=PLmqG0eLtg0wbtukGNUTPIDFo2wA3IRHFc ТЦК знов потрапило до ...
тцк,2026-02-26T09:00:18Z,1.15,Сколько боди-камер у ТЦК?  #mimix #интервью #вопрос #ответ   #україна  #россия #тцк,MixVideo,https://www.youtube.com/watch?v=HYuygewGgHw,Сколько же должно быть боди-камер у групп оповещения ТЦК?
тцк,2026-02-26T08:38:46Z,0.62,У ТЦК пояснили використання балаклав,У Полтаві,https://www.youtube.com/watch?v=iSfsfpHu3KA,Голова ТЦК та СП Дніпропетровщини прокоментував ситуацію щодо закритих облич працівників військкоматів. За його ...
тцк,2026-02-26T08:34:52Z,1.43,В ТЦК забирають особисті речі #тцк #мобілізація,Гарант | Новини,https://www.youtube.com/watch?v=eFXp920Q7_4,"В ТЦК у громадян вилучають особисті речі — телефони, документи та інші предмети."
тцк,2026-02-26T08:32:36Z,1.43,В ТЦК забирають особисті речі - ТСК?,Гарант | Новини,https://www.youtube.com/watch?v=vTkwMWt2jGc,"В ТЦК у громадян вилучають особисті речі — телефони, документи та інші предмети. Про це розповів керівник ..."
тцк,2026-02-26T08:28:11Z,0.47,⚠️ Конфлікт під час перевірки документів: у Кривому Розі поранили ТЦК,ШОБ ШО?,https://www.youtube.com/watch?v=PBB3mmGTzvM,"У Кривому Розі стався конфлікт, унаслідок - ножем поранили працівника ТЦК. Чоловік, якого перевіряли, перебував у ..."
тцк,2026-02-26T08:02:17Z,0.65,Коментарі про ТЦК та оповіщення у Сумах,Люди і особи,https://www.youtube.com/watch?v=vlPmvF1WIQU,"Жінку засудили, бо вона повідомляла, де розташовуються ТЦК, які займаються викраденням людей. Українці коментують ..."
тцк,2026-02-26T08:00:14Z,1.98,Статус студента - автоматичний імунітет!#правалюдини #студенти #відстрочка #мобілізація #ТЦК,JustTolik,https://www.youtube.com/watch?v=0pzY_JCuTc0,"Учісь, студєнт!» — пам'ятаєте цю фразу? Сьогодні вона набула нового, юридичного змісту. Революційне рішення суду: ..."
тцк,2026-02-26T07:58:14Z,0.55,В деле о гибели жителя городa Днепр один из работников ТЦК,Фокус Новости,https://www.youtube.com/watch?v=NqF1NAacy-c,"Один из работников ТЦК, подозреваемых в избиении жителя Днепра до смерти, заявил, что мужчину якобы нашли уже ..."
тцк,2026-02-26T07:52:05Z,0.25,ТЦК не несуть відповідальності за застосування зброї проти цивільних,В гостях у Єгеря!,https://www.youtube.com/watch?v=uUnV6jRjdIE,Закрита спільнота Unfair Advantage: https://biohack.com.ua/unfairadvantage?ref=EgermeisterYT Консультації та знижки в ...
тцк,2026-02-26T07:50:21Z,0.18,Чому ТЦК відловлюють своїх громадян,В гостях у Єгеря!,https://www.youtube.com/watch?v=fvb8bUz83TA,Закрита спільнота Unfair Advantage: https://biohack.com.ua/unfairadvantage?ref=EgermeisterYT Консультації та знижки в ...
тцк,2026-02-26T07:49:30Z,0.5,Тебе пограбують ТЦК. Довго не думай,В гостях у Єгеря!,https://www.youtube.com/watch?v=9kQVeQTVcMI,Закрита спільнота Unfair Advantage: https://biohack.com.ua/unfairadvantage?ref=EgermeisterYT Консультації та знижки в ...
тцк,2026-02-26T07:32:41Z,0.13,Суд Украины: ТЦК не имеет права задерживать по ст. 210 КУпАП. Только Штраф,IVAN CHERNIHOV Чернігов Іван,https://www.youtube.com/watch?v=j0QqjSTC-Zk,Подписывайтесь на канал вольных людей Наш канал: https://www.youtube.com/channel/UC1H9dRvEZShnXM2HxaUhEUA ...
тцк,2026-02-26T07:00:04Z,1.37,Файні жінки благословили ТЦК й побажали легкої служби. 💪🏻м. Луцьк 👊🏻,Prime Pravoqator,https://www.youtube.com/watch?v=4VZmhwGBAnw,національнаполіціяукраїни #дібіліція #селфізкопом #поліціяукраїни #служитиізахищати #законцети #порядокцети #нацпол ...
тцк,2026-02-26T06:14:55Z,0.93,ТЦК человек....... #ukraine #люди #kharkiv #odessa #тцк #мобилизация #kyiv,Зелёная власть UA,https://www.youtube.com/watch?v=4ZOhrDrpg3Y,
тцк,2026-02-26T06:00:32Z,12.98,"ТЦК получили права бандитов,ментов и депутатскую неприкосновенность,подтвердил Разумков с трибуны ВР",НИЧЕГО СВЯТОГО с Сергеем Поярковым,https://www.youtube.com/watch?v=TqasUI50hVk,"5168745614555362 це доларова Приват. Перевірила, зза кордону наче виходить перекинути Це моя карта на Маруся ..."
тцк,2026-02-26T05:40:51Z,4.47,ТЦК витягнули чоловіка з фури і побили. Потім зʼясували про відстрочку і викинули на узбіччя ,Інсайдер,https://www.youtube.com/watch?v=eur-ipXUutY,мобілізація #тцк #ухилянти #зсу #нововолинськ.
тцк,2026-02-26T05:10:51Z,0.8,ТЦК ЗАЙМАЮТЬСЯ ЦИМ НЕ ВІД ХОРОШОГО ЖИТТЯ #тцк #бусифікація #мобілізація #зсу #війна #україна,НЕЗАЛЕЖНІ МЕДІА,https://www.youtube.com/watch?v=zUUZ_8-LOhs,
тцк,2026-02-26T05:01:05Z,0.37,Гоп Стоп Т Т Це Ка #сатира #политическийабсурд #тцк  #юмор,Jorikfilm,https://www.youtube.com/watch?v=xQcBw3k8RkY,Гоп Стоп Т Т Це Ка 2 Серия Серия 2. Полная серия мультсериала «Жорик. Крыса и прорыв зомби» уже на канале. #жорик ...
тцк,2026-02-26T04:59:28Z,1.3,"Блокпост, ТЦК, &quot;Резерв+&quot;: Як тебе можуть оголосити в розшук #shorts",ЄЗАКОН Адвокат Мамчик,https://www.youtube.com/watch?v=Df1FKw_RJtw,"Адвокат Дмитро Мамчик розкриває реальний випадок, коли законослухняного громадянина помилково внесли до розшуку ..."
тцк,2026-02-26T04:39:30Z,1.83,"«Звʼязали скотчем, кинули як свиню» - ветеран звинуватив ТЦК у побитті. В ТЦК кажуть - він сам напав",Інсайдер,https://www.youtube.com/watch?v=Fxbh-gG4fmI,
тцк,2026-02-26T03:02:44Z,2.95,В Харькове военных ТЦК подозревают в избиении мужчины: что говорят в военкомате.,Видео Новости в Тренде,https://www.youtube.com/watch?v=dYuwpYPzI7w,ТЦК Харьков МобилизациявУкраине Полиция Харьковщины расследует заявление об избиении в помещении ...
тцк,2026-02-25T23:34:37Z,0.98,Автівка для ЗСУ. Не для ТЦК.#тіктокукраїна #життя_як_воно_є #зсунайкращі #зсу🇺🇦 #тцк,Чесна Позиція,https://www.youtube.com/watch?v=DT1e9wzP8zs,
тцк,2026-02-25T23:26:09Z,1.08,Автівка для ЗСУ. Не для ТЦК.#тіктокукраїна #життя_як_воно_є #зсунайкращі #зсу🇺🇦 #тцк,Українськ@ Правд@,https://www.youtube.com/watch?v=zH0QGvYvWPM,
тцк,2026-02-25T22:40:49Z,5.45,ТЦК вішають лапшу на вуха людям! Коли почнуться чистки злочинців?!,Денис Галандзовський Новини Світу,https://www.youtube.com/watch?v=InnpYI_gBD0,Робота для будівельників в Польщі та Бельгії! Заповни заявку і менеджер надасть всі деталі ...
тцк,2026-02-25T22:16:23Z,3.02,"ТЦК не можуть бути недоторканними – потрібен закон про покарання за бусифікацію», -  Разумков | 2026",ВИШНЕВЕ ,https://www.youtube.com/watch?v=DfAiz95HJ80,"ТЦК не можуть бути недоторканними – потрібен закон про покарання за бусифікацію», - нардеп Разумков Міський ..."
тцк,2026-02-25T20:52:05Z,0.4,Толпой одного в бусик и сразу на передок. #украина #тцк #киев,ЭТОГО ТЫ НЕ ВИДЕЛ!,https://www.youtube.com/watch?v=K4BHEVA8c9M,"""Бусификации"" не существует, это ""язык врага"", заявляет Днепропетровский областной ТЦК."
тцк,2026-02-25T20:47:34Z,6.05,Злочини ТЦК в Дніпрі розгляд на тимчасово слідчій комісії                25.02.2026 р.,Гарант | Новини,https://www.youtube.com/watch?v=K0-wQOUM-qU,Голова Дніпровського ТЦК виступив на засіданні Тимчасової слідчої комісії Верховної Ради щодо розслідування можливих ...
тцк,2026-02-25T20:45:15Z,1.37,Луцк Женщины гоняют ТЦК во дворах #украина #тцк #луцьк #луцк #мова #українськийконтент,ЭТОГО ТЫ НЕ ВИДЕЛ!,https://www.youtube.com/watch?v=pdQcn4FbFDo,
тцк,2026-02-25T20:42:08Z,0.93,&quot;Я ушел с ТЦК! Откровения бывшего ТЦК. #украина #тцк ,ЭТОГО ТЫ НЕ ВИДЕЛ!,https://www.youtube.com/watch?v=ZQ8t0ejGwf8,"""Я ушел с ТЦК , так как я против такой мобилизации Я человек и не смог так раздавать повестки"" откровения бывшего ..."
тцк,2026-02-25T20:38:18Z,0.12,Розшук #мобілізація #тцк #адвокатнеклеса #неклеса #відстрочка,Адвокат Неклеса,https://www.youtube.com/watch?v=9I7v6VPI0bc,
тцк,2026-02-25T20:16:54Z,8.02,‼️ТЦК знову ШОКУВАЛИ🤬 Новий НАКАЗ та ПЛАН на березень. Невже БУСИФІКУЮТЬ УСІХ?,"MEDIA ""4.5.0.""",https://www.youtube.com/watch?v=hOV6S5vWbL8,ТЦК знову ШОКУВАЛИ   Новий НАКАЗ та ПЛАН на березень. Невже БУСИФІКУЮТЬ УСІХ? Нові заяви ТЦК щодо ...
тцк,2026-02-25T19:00:45Z,0.12,«Бусифікації не існує»: ТЦК назвав популярні терміни мовою ворога #ТЦК #Мобілізація #Україна #Новини,Публіцист,https://www.youtube.com/watch?v=g3l8Zakyd1I,"Дніпропетровський обласний ТЦК та СП заявив, що слова «бусифікація», «тецекашники» та «країна-концтабір» є ..."
тцк,2026-02-25T18:45:27Z,3.33,😡СКАНДАЛ У ХАРКОВІ! ВЕТЕРАН заявив про ПОБИТТЯ військовими ТЦК — поліція вже РОЗСЛІДУЄ,КИЇВ24 | Телеканал Київ  ,https://www.youtube.com/watch?v=KSZcPjUqFMk,"Ветеран російсько-української війни Олександр заявив, що його побили військовослужбовці ТЦК у Харкові. Водночас у ТЦК ..."
тцк,2026-02-25T18:42:32Z,11.28,ТЦК НАПАЛИ НА ЛЮДЕЙ У КРИВОМУ РОЗІ,Дмитро Гнап,https://www.youtube.com/watch?v=QV-1cralfXQ,Повне відео сутички у Кривому Розі: https://t.me/gnapinfo/2373 Станьте спонсором цього каналу: ...
тцк,2026-02-25T18:41:01Z,0.88,Скасовано розшук ТЦК за 2 тижні. Не пройдено ВЛК | Адвокат у Вінниці - Лобанова Вікторія,Адвокат у Вінниці - Лобанова Вікторія ,https://www.youtube.com/watch?v=4KBxEo8CtT4,Розшук ТЦК та СП щодо військовозобовʼязаного скасовано шляхом надсилання адвокатського запиту за 2 тижні знову!
тцк,2026-02-25T18:00:45Z,1.02,База 112 — збирають досьє на ТЦК?,NOSOROG,https://www.youtube.com/watch?v=ZjhKHCHO5OM,База 112 — збирають досьє на ТЦК?
тцк,2026-02-25T17:59:34Z,1.23,Розшук = небезпека #розшук #мобілізація #тцк #адвокатнеклеса #неклеса,Адвокат Неклеса,https://www.youtube.com/watch?v=JlpR3F4A1sY,
тцк,2026-02-25T18:00:00Z,0.3,ТЦК ЗУПИНИВ НА ТРАСІ?! ШОК ВІД СЛІВ ПРО ПОХОРОН?! 😱,Legal Land,https://www.youtube.com/watch?v=-VyZgZo6KIQ,тцк поліція незаконне затримання право на зйомку розшук ухилянтів незаконна мобілізація ФАКТ: Блокпост ТЦК у жовтих ...
тцк,2026-02-25T17:53:13Z,2.67,ТЦК в суде не смогли доказать,Адвокат Олег Лукьянчиков,https://www.youtube.com/watch?v=3ksYX6f1Ans,ТЦК в суде не смогли доказать. ☎️0️⃣6️⃣6️⃣5️⃣5️⃣5️⃣1️⃣0️⃣2️⃣0️⃣   адвокат консультация тцк.
тцк,2026-02-25T17:52:11Z,1.23,Избили в ТЦК? ☎️0️⃣6️⃣6️⃣5️⃣5️⃣5️⃣1️⃣0️⃣2️⃣0️⃣👈 адвокат консультация тцк,Адвокат Олег Лукьянчиков,https://www.youtube.com/watch?v=Qu44O5z-8Yc,Избили в ТЦК? ☎️0️⃣6️⃣6️⃣5️⃣5️⃣5️⃣1️⃣0️⃣2️⃣0️⃣   адвокат консультация тцк. #лукьянчиков ...
тцк,2026-02-25T17:52:35Z,1.25,"Офицеров ТЦК штрафуют, если они не выполняют план мобилизации? ☎️0️⃣6️⃣6️⃣5️⃣5️⃣5️⃣1️⃣0️⃣2️⃣0️⃣👈",Адвокат Олег Лукьянчиков,https://www.youtube.com/watch?v=dSQHOvI0aLw,"Офицеров ТЦК штрафуют, если они не выполняют план мобилизации?"
тцк,2026-02-25T17:40:31Z,2.23,ТЦК ПОБИЛИ ВЕТЕРАНА ІНВАЛІДА! Новини за 25.02.26 #новини #тцк #новиниукраїни,Новини 1+2,https://www.youtube.com/watch?v=WBlk83xooj4,"У Харкові жорстоко побили ветерана, учасника бойових дій та інваліда третьої групи, який був офіційно знятий з ..."
тцк,2026-02-25T17:37:51Z,0.85,Що роблять головні ухилянти України 🤬🤬🤬 #yarchik #ярчік #тцк #поліція #ухилянти #shorts #shortvideo,Yarchik,https://www.youtube.com/watch?v=5Gp4C2eeBRM,
тцк,2026-02-25T17:33:33Z,0.42,Звіт до ДБР: Як повідомити про злочин ТЦК #shorts,ЄЗАКОН Адвокат Мамчик,https://www.youtube.com/watch?v=GdQ0QT2TtGI,"Дізнайтеся, як ефективно повідомити про злочини, скоєні ТЦК, до Державного бюро розслідувань. Цей процес вимагає ..."
тцк,2026-02-25T17:30:12Z,7.0,⚠️ШОКУЮЧІ накази ТЦК‼️НОВИЙ ПЛАН з 1 бернзня❌ЗАЯВА!,ГОЛОС НАЦІЇ 🇺🇦 ЧЕСНІ НОВИНИ ,https://www.youtube.com/watch?v=_jXFAFY-W8k,Мобілізація з 1 березня: ТЦК визнали ПОРУШЕННЯ ЗАКОНУ. Чому спостерігається БУСИФІКАЦІЯ?
тцк,2026-02-25T17:17:00Z,2.37,Єновина! Відповідь ТЦК спроба мобілізації ветерана закінчується криміналом для ТЦК?#політика #влада,Блог Разумовського,https://www.youtube.com/watch?v=cLxHs_Bj_NY,
тцк,2026-02-25T17:13:00Z,0.25,МЕНЕ СПИСАНОГО ТИСНУТЬ?! ШОК ДЛЯ ТЦК СЬОГОДНІ ТУТ?! 😱,Legal Land,https://www.youtube.com/watch?v=atZeJ7FiQec,тцк поліція незаконне затримання право на зйомку розшук ухилянтів незаконна мобілізація ФАКТ: Блокпост ТЦК біля ...
тцк,2026-02-25T17:09:45Z,4.68,"Постріл, крики, бійка. У Кривому Розі під час сутички поранені військовий ТЦК і цивільний",СВОЇ.КР,https://www.youtube.com/watch?v=s0AdP-QJ7TY,"СВОЇ побували на місці сутички військовослужбовців ТЦК із батьком та сином. Що каже дружина потерпілого, свідки й ..."
тцк,2026-02-25T17:10:32Z,0.22,ТЦК та СП слухають інструктаж «Як побудувати комунікацію між ЗСУ та цивільним населенням»,Віталій Тарутін (shorts),https://www.youtube.com/watch?v=pm-LhEkLoOE,
тцк,2026-02-25T17:04:27Z,1.27,"Смертельне побиття чоловіка Дніпрі: правоохоронці вилучили бодікамеру у ТЦК, відео немає",Дніпро Оперативний - життя великого міста,https://www.youtube.com/watch?v=y9uLeKDRRK4,"Смертельне побиття 55-річного чоловіка: правоохоронці вилучили бодікамеру у співробітників ТЦК, однак відео немає Про ..."
тцк,2026-02-25T17:01:05Z,12.2,🔥ЗЕЛЕНСЬКИЙ СКАСОВУЄ МОБІЛІЗАЦІЮ! ТЦК ЗАКРИВАЮТЬ. У Заходу попросили ГРОШЕЙ НА КОНТРАКТНУ АРМІЮ,СОЛОМКА,https://www.youtube.com/watch?v=dZgDjU3cDqA,ТЦК фактично вступили у публічну полеміку з президентом після його заяви про “бусифікацію”. Якщо слово пролунало з ...
тцк,2026-02-25T17:01:56Z,0.68,Тцк і гільдія,Забуття,https://www.youtube.com/watch?v=dXuaI3JWzrE,мульт про тцк і вов.
тцк,2026-02-25T17:00:32Z,0.97,Невиконання плану мобілізації: офіцерам ТЦК загрожують санкції #ТЦК #Мобілізація #Україна #Новини,Публіцист,https://www.youtube.com/watch?v=FTZ-yrLEOFc,"Представник Полтавського обласного ТЦК повідомив, що за невиконання мобілізаційного плану офіцери можуть отримати ..."
тцк,2026-02-25T16:58:12Z,2.15,Ответ пользователю Как снять розыск ТЦК,Адвокат Олег Лукьянчиков,https://www.youtube.com/watch?v=alf7qPkL14A,Ответ пользователю Как снять розыск ТЦК. ☎️0️⃣6️⃣6️⃣5️⃣5️⃣5️⃣1️⃣0️⃣2️⃣0️⃣   адвокат ...
тцк,2026-02-25T16:42:30Z,4.72,"Працівника ТЦК поранили ножем, кривдник проходить ВЛК для мобілізації | Деталі конфлікту",Радіо Свобода Україна,https://www.youtube.com/watch?v=C7fsL_zJ1Ys,Працівник ТЦК з ножовим пораненням у лікарні. Його кривдник проходить ВЛК для мобілізації. Сутичка між групою ...
тцк,2026-02-25T16:42:40Z,0.85,ТЦК не можуть бути недоторканними,NFN UKR,https://www.youtube.com/watch?v=U6rS14HNLy4,"Разумков заявив, що ТЦК не можуть бути «недоторканними» й закликав ухвалити закон про відповідальність за незаконну ..."
тцк,2026-02-25T16:42:59Z,10.07,⚡️НАЖИВО! ВОГОНЬ ПО ТЦК У ЛУЦЬКУ! Чоловік дістав зброю на вулиці! | Аудитори &quot;трясуть&quot; Луцькраду, Телеканал КОНКУРЕНТ ВОЛИНЬ,https://www.youtube.com/watch?v=nXvhV0BqkdI,"Головні події Луцька, Волині та України за 25 лютого вже тут! У прямому ефірі ведуча Ярослава Олексюк підсумує ..."
тцк,2026-02-25T16:23:39Z,0.53,ТЦК-шники снова &quot;отличились&quot;,Недомобилизованный Украинец,https://www.youtube.com/watch?v=WfTC-uoW-xs,"Очередная порция беспредела от ТЦК. Хуже то, что подобные истории уже чуть ли не стали обыденностью... Я тут ..."
тцк,2026-02-25T16:11:59Z,0.88,ГУЧНИЙ СКАНДАЛ ІЗ ТЦК У КРИВОМУ РОЗІ,КИЇВ24 live,https://www.youtube.com/watch?v=tqqgL7jkqzs,Підписуйтесь на наш канал: https://www.youtube.com/channel/UCT8m5Ltxs5tkhRzvHeAPrtA?sub_confirmation=1 Головні ...
тцк,2026-02-25T16:13:43Z,0.35,МЕНЕ БИЛИ НА ДОРОЗІ ВЖЕ?! БЕЗПРЕДЕЛ ТЦК ВПАВ ТУТ?! 🤬,Legal Land,https://www.youtube.com/watch?v=hEKAkfJsZoI,тцк поліція незаконне затримання право на зйомку розшук ухилянтів незаконна мобілізація ФАКТ: Перевірка в автобусі ...
тцк,2026-02-25T16:10:00Z,5.0,Сенсаційні деталі по загибелі чоловіка від ТЦК в Дніпрі?Чи здав поліцейський працівників ТЦК?,Блог Разумовського,https://www.youtube.com/watch?v=_7t1rOeXVbM,Міжнародна та новинна аналітика від Разумовського. Телеграм! https://t.me/ENOVUNA ...
тцк,2026-02-25T16:10:49Z,3.02,ШОК! ТЦК ПІД СЛІДСТВОМ? Скандал з футболістом Колесником отримав продовження!,Новости без пропаганды ,https://www.youtube.com/watch?v=OiV7IsLvsrc,"Дмитро Разумков заявив, що співробітники ТЦК не можуть залишатися безкарними за порушення закону. Політик вимагає ..."
тцк,2026-02-25T15:59:50Z,0.18,ТЦК прийшли за Мішою #україна #тцк #бусифікація #смішне #гумор #ржака #вірусне #shorts #мем,Quickly,https://www.youtube.com/watch?v=3nf6fDexQO0,
тцк,2026-02-25T15:56:20Z,0.18,ТЦК прийшли за Мішою #україна #тцк #бусифікація #смішне #гумор #ржака #вірусне #shorts,1 КГ,https://www.youtube.com/watch?v=VTyBuP78iQQ,
тцк беспредел,2026-02-25T15:45:01Z,8.52,"УКРАИНА НА ГРАНИ! Беспредел ТЦК, аресты в СБУ и угрозы Орбана. Что происходит?",Денис Лукьянов,https://www.youtube.com/watch?v=CicTXnbPj8Q,Лучший сервис денежных переводов из Европы в Украину! Мой промокод на 3 перевода с лучшими тарифами: Lukianov26 ...
тцк,2026-02-25T15:30:00Z,0.08,"ТЦК не мають права затримувати людей, але ми мусимо цим займатися",Світло в вірі shorts,https://www.youtube.com/watch?v=0wFvE8WjiiU,"Якщо Ви бажаєте Фінансово підтримати канал 1,2,5,10 грн це вже підтримка для нас! Дякуємо! Mono банк 4441 1110 4246 ..."
тцк,2026-02-25T15:30:25Z,0.57,У Луцьку чоловік стріляв у військовослужбовців ТЦК,Insider Media Group,https://www.youtube.com/watch?v=hPa8RaLxHc0,
тцк,2026-02-25T15:25:19Z,9.53,"БАЗА 112. ДОКУМЕНТУЄ ЗЛОЧИНИ, ЗЛОЧИНЦІВ та ЖЕРТВ ТЕРОРУ ТЦК",NOSOROG,https://www.youtube.com/watch?v=HMoA8IO4bUo,Детально розповідаю про громадську я б навіть сказав народну ініціативу «База 112» до якої будуть вноситися злочинці та ...
тцк,2026-02-25T15:22:22Z,1.22,"Напади на військових ТЦК почастішали у 2026 році, — керівник Дніпропетровського обласного ТЦК",Дніпро Оперативний - життя великого міста,https://www.youtube.com/watch?v=gdJrbkq71NI,
тцк,2026-02-25T15:15:09Z,0.52,Война до последнего !! | Никакой остановки !! #мобилизация #армия #тцк #войнавукраине #военные,Arthur [FreeMan],https://www.youtube.com/watch?v=bOMKpUIJdZM,
тцк беспредел,2026-02-25T15:07:30Z,1.5,🔥🔥🔥ОЧЕРЕДНОЙ БЕСПРЕДЕЛ ТЦК!!! #shorts,Mister XAM,https://www.youtube.com/watch?v=mIqwh_ipg1g,
тцк,2026-02-25T15:01:21Z,0.3,РАЗУМКОВ ПРОТИВ ТЦК: требуют арестов сотрудников!,Новости без пропаганды ,https://www.youtube.com/watch?v=kjORTY2qOro,Громкое заявление Дмитрия Разумкова о нарушениях в работе ТЦК. Политик требует немедленных расследований и ...
тцк,2026-02-25T15:00:49Z,0.15,ТЦК і інвалід детства #тцк #новини #україна #коміки #ржакадосліз #гумор,AI Gone Crazy,https://www.youtube.com/watch?v=R0p8aPNdo58,Тцк зупинили чоловіка інваліда на вулиці! ⚠️Відео створено з використанням штучного інтелекту на основі оригінального ...
тцк,2026-02-25T15:00:24Z,10.73,❌ТЦК дали НАКАЗИ‼️Шокуючий ПЛАН МОБІЛІЗАЦІЇ на березень!,Українська хвиля,https://www.youtube.com/watch?v=F2j74NyD9HE,ТЦК визнали ПРОБЛЕМУ з мобілізацією! Чому порушуєься закорн? Який план на березень? Чого очікувати чоловікам?
тцк,2026-02-25T14:58:31Z,3.53,Поранили військового ТЦК: У Кривому розі стався конфлікт під час оповіщення чоловіка,Суспільне Дніпро,https://www.youtube.com/watch?v=JMkZpTInOQo,У Кривому Розі під час затримання поранили військовослужбовця районного ТЦК та СП. Подія сталася ввечері 24 лютого.
тцк,2026-02-25T14:54:20Z,6.1,"Мене заблокували за ПРАВДУ про ТЦК. Розбір, який ви не мали побачити!",ЄЗАКОН Адвокат Мамчик,https://www.youtube.com/watch?v=1WQHe84P7Ks,"Вони кидають страйки. Вони пишуть образи. Вони панічно бояться, що ви дізнаєтесь ПРАВДУ. Поки інші витрачають час на ..."
тцк,2026-02-25T14:33:57Z,1.0,Ви пройшли ВЛК у районному ТЦК і Вас визнали непридатним? Не поспішайте радіти 😥 Консультація юриста,PRIKHODKO&PARTNERS,https://www.youtube.com/watch?v=TY--TJjHZfE,"Консультація юриста/адвоката юридичної компанії ⚖️ ""Приходько та Партнери"" з питань ВЛК та визнання непридатності."
тцк,2026-02-25T14:30:15Z,1.0,"Що робити, якщо ТЦК намагаються затримати силою?",Пункт призначення НЕ ТЦК,https://www.youtube.com/watch?v=BAkaBet5N-o,тцк #мобілізація #повістка #блокпост #бусифікація #ухилянти.
тцк,2026-02-25T14:16:23Z,0.7,Єновина! На 4-й рік війни збройний інцидент з ТЦК? #політика #влада #блог,Блог Разумовського,https://www.youtube.com/watch?v=L43aC78SNkM,
тцк,2026-02-25T14:11:40Z,8.5,ПІДЛІТКІВ МАСОВО ДОДАЮТЬ В БАЗУ ТЦК. Нова пастка для випускників та їхніх сімей?,Тверезий Погляд | Ігор Терлецький,https://www.youtube.com/watch?v=GiYfyJXjBWo,"Світ змінився, і тепер державі не потрібно чекати, поки ваш син прийде до ТЦК. Вона вже знає про нього все. У 2026 році ..."
тцк,2026-02-25T13:32:07Z,10.03,Днепр Взрывы🔥ТЦК ЭТО ИПСО🔥Путин идет на Славянск🔥Сырский уже под Донецком🔥Днепр 25 февраля 2026 г.,Барахолка ТВ,https://www.youtube.com/watch?v=Y2EmKIV3GLQ,пропитание. : rolandofgilead@ukr.net (PayPal)-Международные Переводы Банковская Карта: 4441111066579164 (Украина) ...
тцк,2026-02-25T13:21:10Z,0.57,Ты хочешь уйти в СЗЧ ? #армия #мобилизация #тцк #войнавукраине #военные #сзч,Arthur [FreeMan],https://www.youtube.com/watch?v=g5YjCRUYTEI,
тцк,2026-02-25T13:18:54Z,13.17,Шок что сделали в ТЦК с футболистом Даниилом Колесником,Gossiptid,https://www.youtube.com/watch?v=-hcBgpkT2OY,"Шок: в ТЦК с футболистом Даниилом Колесником произошло жесткое задержание! По свежим видео и инсайдам, игрока ..."
тцк,2026-02-25T12:38:26Z,0.18,Самостійний тато #україна #ржакадосліз #funny #viral #comedy #відеодня #залетить #тцк #гумор,CLIPPY WOW,https://www.youtube.com/watch?v=7vu77wpNKU4,
тцк,2026-02-25T12:38:47Z,14.02,Люди не сдерживают себя: нарезка с ТЦК. Часть 1,👁️Глаз Народа,https://www.youtube.com/watch?v=rf-v60Azves,"Больше новостей: https://t.me/oko_narodu Бронь | Отсрочка: https://t.me/ukraina_do Теги: тцк, тцк украина, мобилизация ..."
тцк,2026-02-25T12:37:29Z,0.63,Скасування штрафу ТЦК #адвокатвасильев #законодавство #штрафтцк #постановатцк #розглядсправи ,Юридические новости и лайфхаки | адвокат Васильев ,https://www.youtube.com/watch?v=36Vo2g-Jo8s,
тцк,2026-02-25T12:30:18Z,6.17,🔴ЖАХ У КРИВОМУ РОЗІ! ТЦК стріляли в БАТЬКА І СИНА. ЗЛАМАЛИ КЛЮЧИЦЮ. Військового ПОРАНИЛИ,Сейчас,https://www.youtube.com/watch?v=FYRn4OahuIw,"Військкомати стріляли в повітря і зламали ключицю батькові, а син вдарив їх ножем. Очевидці розповіли подробиці ..."
тцк,2026-02-25T12:23:43Z,0.12,це що оберіг від тцк,Контент міх,https://www.youtube.com/watch?v=3-CmC9xqCDI,
тцк,2026-02-25T12:09:19Z,1.73,Дика могилізація тцк б&#39;ють та душать чоловіка в Тернополі!,ВОЛОНТЕР,https://www.youtube.com/watch?v=ZehSkh3caoQ,
тцк,2026-02-25T12:00:23Z,0.27,захист від ТЦК,UkraineAlive,https://www.youtube.com/watch?v=6dHQ7Vc7Fwg,
тцк,2026-02-25T12:01:37Z,1.12,🔥Дніпро: ТЦК Без Поліції Затягли Чоловіка У 🚐Бус!,Пильний Дніпрянин,https://www.youtube.com/watch?v=s0gPw5vP9NM,Дніпро: ТЦК Без Поліції Затягли Чоловіка У Бус! https://youtube.com/shorts/s0gPw5vP9NM?feature=share Ставте пишіть ...
тцк,2026-02-25T11:39:14Z,5.05,Штрафи ТЦК у 2026 році: чи завжди 59500 грн,kadroland – кадровий канал No1,https://www.youtube.com/watch?v=v60Iww-KKek,Штрафи ТЦК у 2026 році: чи завжди 59500 грн ☝️Ви звісно чули про величезні штрафи від ТЦК? Але коли і кому вони ...
тцк,2026-02-25T11:30:53Z,8.25,"У Луцьку сталася бійка між ТЦК та мобілізованим, усе скінчилося ТРАГІЧНО! Від цих КАДРІВ трясе УСІХ",PTV UA,https://www.youtube.com/watch?v=zVbZVBDI-Mw,В Луцьку чоловік стріляв у військовослужбовців ТЦК Стань нашим спонсором на YouTube: ...
тцк,2026-02-25T11:15:30Z,0.15,Люди VS ТЦК,В гостях у Єгеря!,https://www.youtube.com/watch?v=8ghj4Q-HvMU,Закрита спільнота Unfair Advantage: https://biohack.com.ua/unfairadvantage?ref=EgermeisterYT Консультації та знижки в ...
тцк,2026-02-25T11:01:38Z,8.0,"&quot;ЗЕЛЕНСКИЙ ПОМОГИ&quot; - кричал Ермак, которого жестко бусифицировали ТЦК! История",Тайны Судьбы,https://www.youtube.com/watch?v=vANsY7YwMIc,"Канал «Я СЛУШАЮ» – это интересные жизненные истории как реальные так и сочинённые автором канала ""Зеленский ..."
тцк,2026-02-25T11:01:38Z,0.12,"«Не маємо права, але затримуємо»: заява ТЦК #ТЦК #Полтава #Мобілізація #Україна #Закон",Публіцист,https://www.youtube.com/watch?v=wxTlkGnkWJo,"Речник Полтавського ТЦК заявив, що центр не має повноважень затримувати людей, але «доводиться цим займатися»."
тцк,2026-02-25T11:01:10Z,6.45,ТЦК забрали попри відстрочку: батька-одинака затримали і мобілізували | Дніпро,Радіо Свобода Україна,https://www.youtube.com/watch?v=cV6iieBPPAM,"У Дніпрі співробітники ТЦК мобілізували чоловіка, який самостійно виховує чотирирічного сина. Роман Костенко втратив ..."
тцк,2026-02-25T10:58:26Z,0.18,КОЖЕН ЧОЛОВІК БЕЗ ТЦК,НИЩЕБЛОГЕР,https://www.youtube.com/watch?v=pC_ZNmlBYMg,
тцк,2026-02-25T10:51:51Z,1.0,"ПОРУШЕННЯ ЗНІМАЄ ТЦК, А МИ МАЄМО ДІЯТИ ПО ЗАКОНУ #військовийадвокат #розшук #розшуктцк",Адвокат Дарія Голодняк,https://www.youtube.com/watch?v=I6dBH2DJruc,
тцк,2026-02-25T10:31:21Z,0.42,"В Кривом Роге произошло ЧП с ТЦК   Отец, Z@щiщ@я своего  сына от ТЦК",M_GUR,https://www.youtube.com/watch?v=fwDuWo_lk3c,
тцк,2026-02-25T10:16:26Z,10.25,Очередные зверства #тцк  в Кривом Рогу. Национализм и подкорение государству. ,Богдан Алексін,https://www.youtube.com/watch?v=MFB5ZTCLCIo,"Снова #тцк зверствует на улицах, но замалчивает всякие факты. На примерах разных высказываний и исторических ..."
тцк,2026-02-25T10:01:25Z,0.2,Свавілля ТЦК проти своїх же громадян,В гостях у Єгеря!,https://www.youtube.com/watch?v=vUbEEhAHRy4,Закрита спільнота Unfair Advantage: https://biohack.com.ua/unfairadvantage?ref=EgermeisterYT Консультації та знижки в ...
тцк,2026-02-25T10:00:47Z,0.12,"ТЦК пояснили, чому не публікують відео з бодікамер #ТЦК #Полтава #Міноборони #Мобілізація #Україна",Публіцист,https://www.youtube.com/watch?v=QeBKXrIRe8k,"У Полтавському обласному ТЦК пояснили, що відео з бодікамер не можуть викладатися у відкритий доступ без законних ..."
тцк,2026-02-25T09:59:58Z,0.28,Як залишитись на свободі після зустрічі з ТЦК,В гостях у Єгеря!,https://www.youtube.com/watch?v=QWEhFLckgwQ,Закрита спільнота Unfair Advantage: https://biohack.com.ua/unfairadvantage?ref=EgermeisterYT Консультації та знижки в ...
тцк,2026-02-25T09:45:55Z,0.55,Подвійний штраф від ТЦК за неявку? Це незаконно!,ЮРКОНСАЛТ - Адвокат Київ | Запоріжжя,https://www.youtube.com/watch?v=Yc_lBpqeFt4,"Отримали два штрафи від ТЦК за одну й ту саму неявку? Це пряме порушення закону! За статтею 36 КУпАП, за одне ..."
тцк,2026-02-25T09:44:40Z,0.15,куме знаєте вчому різниця між ТЦК і собакою #кум #гумор #поліція,набір контенту,https://www.youtube.com/watch?v=UweXo_lJqWg,
тцк,2026-02-25T09:37:36Z,0.7,Сотрудники ТЦК выбр0SиLи дальнобойщика в поле,M_GUR,https://www.youtube.com/watch?v=QiN2ay5llNs,
тцк,2026-02-25T09:28:00Z,3.05,Кривий Ріг смертельна могилізація від piderasiv тцк!,ВОЛОНТЕР,https://www.youtube.com/watch?v=5ygdFpB8eQc,"Військового ТЦК поранили ножем під час перевірки документів у Кривому Розі ""Під час спілкування з затриманим ..."
тцк,2026-02-25T09:22:39Z,0.97,У Кривому Розі сталась сутичка за участі ТЦК - 25.02.2026  #reels #news #ukrainenews #ytshorts,uaexile_com,https://www.youtube.com/watch?v=KTNgtuuFmR0,У Кривому Розі під час виконання службових обов'язків ножове поранення отримав військовослужбовець ТЦК. Інцидент ...
тцк,2026-02-25T09:19:34Z,0.63,Народ повстав проти ТЦК!,Вільна думка 🇺🇦,https://www.youtube.com/watch?v=EEZrJ7Z9ZzE,ТЦК вбиває клин між народом і ЗСУ. #Україна #Арестович #тцк.
тцк,2026-02-25T09:13:13Z,0.43,Як ви оцінюєте роботу ТЦК? Діліться своїми думками в коментарях під цим відео! 👇,TERMINOVO UA,https://www.youtube.com/watch?v=dqPujq8kKwU,
тцк,2026-02-25T09:11:26Z,0.43,EZAKON: Відстоюємо ваші права в ТЦК – Подай запит! #shorts,ЄЗАКОН Адвокат Мамчик,https://www.youtube.com/watch?v=Nqoq3bk4wAE,"Дізнайтеся, як EZAKON спрощує подання адвокатських запитів до ТЦК. Ефективне вирішення юридичних питань. #EZAKON ..."
тцк,2026-02-25T09:05:13Z,0.38,😰❗️СТРІЛЯВ по військовослужбовцях ТЦК у Луцьку! ПОДРОБИЦІ про СТРІЛЯНИНУ, Телеканал КОНКУРЕНТ ВОЛИНЬ,https://www.youtube.com/watch?v=yC4TCqteL2A,У Луцьку чоловік стріляв по працівниках ТЦК. Сталося це під час проведення заходів оповіщення громадян 24 лютого.
тцк,2026-02-25T09:01:09Z,1.02,🔥ТЦК У Луцьку: Чутно Постріли 💥,Пильний Дніпрянин,https://www.youtube.com/watch?v=meolax-h_lM,ТЦК У Луцьку: Чутно Постріли https://youtube.com/shorts/meolax-h_lM?feature=share Ставте пишіть коментарі та ...
тцк,2026-02-25T09:00:37Z,8.68,СРОЧНО! Беззаконие ТЦК Шокируют Украину! Зеленский это видит? что будет дальше?,Денис Лукьянов,https://www.youtube.com/watch?v=NWw2M7eTHX0,Лучший сервис денежных переводов из Европы в Украину! Мой промокод на 3 перевода с лучшими тарифами: Lukianov26 ...
тцк,2026-02-25T08:52:21Z,2.3,ПРОТОКОЛ ТЦК — ЦЕ ЩЕ НЕ ВИРОК!#ТЦК #ВЛК #суд #адвокат #мобілізація #правалюдини #закон #штрафТЦК,JustTolik,https://www.youtube.com/watch?v=emzJfs4tOjQ,"ПРОТОКОЛ ТЦК — ЦЕ ЩЕ НЕ ВИРОК! ⚖️❌ Багато хто вважає, що якщо на вас склали протокол про відмову від ВЛК, ..."
тцк,2026-02-25T08:36:07Z,1.25,Бiйка з ТЦК i не тiльки,Serhii Kuznetsov,https://www.youtube.com/watch?v=dW7DI6-vp9E,
тцк,2026-02-25T08:32:02Z,0.95,"Кривий Ріг: бійка з ТЦК, пролунали постріли #КривийРіг #ТЦК #Мобілізація #Україна #Новини",Публіцист,https://www.youtube.com/watch?v=zF2C8tlKwOo,"У Кривому Розі під час оповіщення ТЦК сталася бійка зі стріляниною. Є поранені, один чоловік госпіталізований. Обставини ..."
тцк,2026-02-25T08:15:16Z,1.07,Єновина!Відповідь ТЦК на резонансну подію в Кривому Розі? #політика #влада #блог,Блог Разумовського,https://www.youtube.com/watch?v=bqz-_YcHZI8,
тцк,2026-02-25T08:00:50Z,1.43,Чернігів ТЦК Поліція • ЛЮДИНА НА ЗЕМЛІ,Пильний Дніпрянин,https://www.youtube.com/watch?v=eJOATpbbph8,Чернігів ТЦК Поліція • ЛЮДИНА НА ЗЕМЛІ https://youtube.com/shorts/eJOATpbbph8?feature=share Ставте пишіть ...
тцк,2026-02-25T07:47:23Z,0.72,Єновина! ТЦК викрали далекобійники з відстрочкою? #політика #влада #блог,Блог Разумовського,https://www.youtube.com/watch?v=OR8NoAst4ys,
тцк,2026-02-25T07:35:48Z,0.23,"Оборона триває, Покровський район #новиниукраїни #новини #політика #тсн #зсу #україна #тцк",НОВИННИЙ РАДАР. НОВИНИ УКРАЇНИ ТА СВІТУ,https://www.youtube.com/watch?v=9JASrJZQDDM,Більше інформації в нашому телеграм-каналі. Посилання на сторінці.
тцк,2026-02-25T07:12:20Z,3.9,ТЦК людоловы беспределят. Народ им даёт отпор. Хлопцы против кровавого режима Зеленского. ,Инцидент Ижевск [Регион-18],https://www.youtube.com/watch?v=LjJYndS-vgU,
тцк,2026-02-25T06:36:19Z,0.53,ТЦК КОГО ВЫ ЗАБРАЛИ  #пошук #тцк #мобілізація,SaveUkraine1313,https://www.youtube.com/watch?v=iKjzodRM0-k,ТЦК КОГО ВЫ ЗАБРАЛИ #пошук #тцк #мобілізація.
тцк,2026-02-25T06:22:27Z,1.12,"ТЦК «бусифікували» дніпрянина, зупинившись прямо посеред дороги й заблокувавши шлях іншим автівкам",ХКам'янське • ХК 🇺🇦 Каменское,https://www.youtube.com/watch?v=TP5SNbM7QRU,
тцк,2026-02-25T06:18:11Z,3.97,🔥 СТРІЛЯНИНА У ЛУЦЬКУ! Чоловік відкрив вогонь по ТЦК,КИЇВ24 | Телеканал Київ  ,https://www.youtube.com/watch?v=AMrYRCEnC8A,"У вівторок, 24 лютого, в Луцьк стався збройний інцидент — чоловік кілька разів вистрілив у бік військовослужбовців ..."
тцк,2026-02-25T05:57:40Z,1.45,ОЦІНКА РОБОТИ ТЦК УКРАЇНЦЯМИ #україна #тцк #бусифікація #зсу #мобілізація #війна #бійки,НЕЗАЛЕЖНІ МЕДІА,https://www.youtube.com/watch?v=foCnwLeNikg,
тцк,2026-02-25T05:53:26Z,4.3,"&quot;ТЦК&quot;. Synth-rock / Cold wave. Слова - Олексій Мазур, Дніпро. #synth #rock #coldwave","Оleksii Маzur, DNIPRO",https://www.youtube.com/watch?v=QnMfjUgoNmc,"ТЦК Ніхто не зна своєї долі - Де і яка біда спітка: Ти вийшов ненадовго з дому, Аж тут раптово... ТЦК! Багатодітний батько ..."
тцк,2026-02-25T03:01:37Z,4.02,"ТЦК хапнули водія фури, який мав відстрочку і готовий був її показати, і потім викинули на обочині",vibroplus,https://www.youtube.com/watch?v=_ubsbIiOGBo,"5351 1606 0041 6875 - підтримати автора донатом та його місії, всі стріми проводяться в Тік ток ..."
тцк,2026-02-25T01:57:59Z,9.1,Днепр Взрывы🔥ТЦК Стрельба Трагедия Кривой Рог🔥Взрывы Николаев🔥Трамп Спаси🔥 Днепр 25 февраля 2026 г.,Барахолка ТВ,https://www.youtube.com/watch?v=zHQq8qzj6aw,пропитание. : rolandofgilead@ukr.net (PayPal)-Международные Переводы Банковская Карта: 4441111066579164 (Украина) ...
тцк,2026-02-25T01:48:20Z,0.2,Львів ЖД вокзал ТЦК,Львів,https://www.youtube.com/watch?v=A-KouLZNwOs,Telegram: https://t.me/Lviv_yo.
тцк,2026-02-25T00:42:24Z,0.18,human rights of accused person in mobilization Мобілізація ТЦК #news #ukraine #мобилизация,News Mobilization ,https://www.youtube.com/watch?v=F83kka0e35U,This video was recorded by witnesses during mobilization activities in Ukraine. The situation has raised public questions ...
тцк,2026-02-25T00:33:07Z,2.13,В Луцке мужчина обстрелял военных ТЦК: подробности.,Видео Новости в Тренде,https://www.youtube.com/watch?v=U9aTzu_-Kpo,"ТЦК Луцк ВторжениеРоссиивУкраину В Луцке вчера днем, 24 февраля, неизвестный несколько раз выстрелил из ..."
тцк,2026-02-24T23:59:43Z,1.12,#потужність #тцк сыны шлюх днепр #АЕ2567РТ,Ухилянт,https://www.youtube.com/watch?v=HhRHh-dfR08,
тцк,2026-02-24T21:10:31Z,1.35,Єновина! Під час штовханини з ТЦК вистрелили в чоловіка? #політика #влада,Блог Разумовського,https://www.youtube.com/watch?v=ZEQE4AZJf5E,
тцк,2026-02-24T19:41:07Z,3.32,#потужність #тцк #мусора ненавчені сыны шлюх залили газом,Ухилянт,https://www.youtube.com/watch?v=fDdxYf5Rzzk,мусора чтобы вы от рака позагибались медленно и в муках.
тцк,2026-02-24T19:37:33Z,0.12,Кем видит народ Украины сотрудников ТЦК! #рекомендации #рекомендації #рек #тцк #україна #live #life,Krivbass UA,https://www.youtube.com/watch?v=PgBH4V57OQY,
тцк,2026-02-24T19:22:24Z,2.88,"Допоможіть! розголос, коментар #війнавукраїні #адвокатнеклеса #неклеса #психология #тцк",Адвокат Неклеса,https://www.youtube.com/watch?v=dg2U77YRcQw,
тцк,2026-02-24T18:50:53Z,0.92,"Ответ пользователю Полиция может задержать, если в розыске тцк и пришел менять паспорт?",Адвокат Олег Лукьянчиков,https://www.youtube.com/watch?v=1punOELVEO8,"Ответ пользователю Полиция может задержать, если в розыске тцк и пришел менять паспорт?"
тцк,2026-02-24T18:50:55Z,2.95,Ответ пользователю розыск тцк повторно,Адвокат Олег Лукьянчиков,https://www.youtube.com/watch?v=IMZkl0EUf1s,Ответ пользователю розыск тцк повторно. ☎️0️⃣6️⃣6️⃣5️⃣5️⃣5️⃣1️⃣0️⃣2️⃣0️⃣   адвокат ...
тцк,2026-02-24T18:44:01Z,3.63,Чи можливо оскаржити штраф ТЦК | Юридичний порадник 🔴,Немного о праве от Ростислава Кравца,https://www.youtube.com/watch?v=Kg8dHT4l_JY,Чи захищені ваші права від штрафів ТЦК? Мій Telegram https://t.me/rkravetsUA Мій TikTok ...
тцк,2026-02-24T18:09:54Z,0.95,ТЦК лютуют или кто то должен фронт мясом обеспечивать ?!,Oleksandr Chernysh,https://www.youtube.com/watch?v=MLWTOQCFc1U,
тцк беспредел,2026-02-24T18:10:15Z,8.15,⚡ТЦК БУДЕТ РАСПУЩЕНО!? ГОНЧАРЕНКО ВЫШЕЛ С ЖЕСТКОЙ КРИТИКОЙ! ВЛАСТЬ В ШОКЕ! ЧТО БУДЕТ ДАЛЬШЕ?!,Алексей Гончаренко,https://www.youtube.com/watch?v=oK97jUSWCFI,"Сегодня мы встретили 4-ю годовщину войны. И встретили мы ее с насилием, которое исходит не только от врагов, но и от ..."
тцк,2026-02-24T18:00:50Z,9.5,Днепр Взрывы🔥ТЦК ИЗБИЛИ БЕРЕМЕННУЮ ПУТИН ВИНОВАТ🔥Россия Готовит Подрыв НАТО🔥Днепр 24 февраля 2026 г.,Барахолка ТВ,https://www.youtube.com/watch?v=SoTtvB-2USg,пропитание. : rolandofgilead@ukr.net (PayPal)-Международные Переводы Банковская Карта: 4441111066579164 (Украина) ...
тцк,2026-02-24T18:00:40Z,3.17,"МУЛЯЖ гранати, яка здетонувала у ЛІЦЕЇ Дніпра, привезли співробітники ТЦК",Подробиці,https://www.youtube.com/watch?v=ZisR2hVTMR8,Вибух напередодні пролунав в одному з ліцеїв Дніпра. Двоє учнів зазнали легких травм. Інцидент стався під час ...
тцк,2026-02-24T17:44:35Z,6.42,Бусифікація в Україні це російське ІПСО. Зеленський підтвердив масові фейки проти ТЦК та СП,Денис Галандзовський Новини Світу,https://www.youtube.com/watch?v=CHylpFrTb7k,Робота для будівельників в Польщі та Бельгії! Заповни заявку і менеджер надасть всі деталі ...
тцк,2026-02-24T17:42:26Z,0.2,Тцк штурмує лісовий табір 😄 #тцк #ліс #природа #бушкрафт,Vitaliy Bushcraft ,https://www.youtube.com/watch?v=x1FsOdRgnrM,
тцк,2026-02-24T17:29:31Z,0.18,Перекличка від працівника ТЦК,FilmsForser,https://www.youtube.com/watch?v=uEaVIohAV04,смішно #смешно #funny #потужно #like #честь #україна #росія #like #memes #sora #нейровидео.
тцк,2026-02-24T17:01:06Z,0.88,БАТЬКО В ТЦК — СИН В ПРИТУЛКУ,OSN UA,https://www.youtube.com/watch?v=d9qfIIdgvA4,У Кривому Розі 14-річного хлопця віддали до дитячого будинку після мобілізації батька #новиниlive #ukrainenews #youtube ...
тцк,2026-02-24T17:01:19Z,12.1,💥ЦЕ СТАЛОСЯ! ТЦК ВИЙШЛИ З-ПІД КОНТРОЛЮ – ЗЕЛЕНСЬКИЙ ВТРУТИВСЯ ОСОБИСТО. Невже мобілізацію СКАСУЮТЬ?,СОЛОМКА,https://www.youtube.com/watch?v=kd0noB4l-HY,"Зеленський спершу визнає “бусифікацію”, а за кілька тижнів говорить про ІПСО. Скарг на ТЦК — у 333 рази більше, ..."
тцк,2026-02-24T17:01:18Z,0.5,Дніпро: ТЦК-ашнік стріляв у повітря під школою під час викрадення #Дніпро #ТЦК #Мобілізація #Україна,Публіцист,https://www.youtube.com/watch?v=kv8fM_UTluE,У Дніпрі під час викрадення чоловіка представник ТЦК відкрив вогонь у повітря на території школи. Очевидці зазначають ...
тцк,2026-02-24T16:30:11Z,5.18,"ТЦК РОЗФОРМУВАТИ, а тих, хто не був на фронті, – на передову | РАЗУМКОВ",ВІДВЕРТО LIVE,https://www.youtube.com/watch?v=N8TSYF1sGc4,"КАНАЛ ВІДВЕРТО LIVE - патріотична соціально-політична крос-медійна платформа, що фокусується на резонансних темах ..."
тцк,2026-02-24T16:19:44Z,0.42,ТЦК нищить довіру до ЗСУ!,Вільна думка 🇺🇦,https://www.youtube.com/watch?v=mIQSDGA6JzQ,ТЦК підриває довіру до армії! #Україна #Арестович #ТЦК.
тцк,2026-02-24T16:00:50Z,0.33,"Співробітник ТЦК розповів, чому статус «зниклого безвісти» є найгіршою новиною для рідних",Коротше Кажучи,https://www.youtube.com/watch?v=VfRlL0ACWnY,
тцк,2026-02-24T15:51:02Z,0.67,Потрібно негайно скоротити ТЦК,Інсайдер ЗСУ,https://www.youtube.com/watch?v=vapyB6YCkI4,
тцк,2026-02-24T15:30:57Z,0.78,Помилки в базі ТЦК #мобілізація #тцк #повістка #резервплюс #50плюс,Тверезий Погляд | Ігор Терлецький,https://www.youtube.com/watch?v=3TXmdWEU39Y,
тцк,2026-02-24T15:20:07Z,0.33,"Сумщина, готуємось до оборони. #новини #новиниукраїни #зсу #політика #тсн #україна #тцк",НОВИННИЙ РАДАР. НОВИНИ УКРАЇНИ ТА СВІТУ,https://www.youtube.com/watch?v=KBk7bBxNiUM,Більше інформації в нашому телеграм-каналі. Посилання на сторінці.
тцк,2026-02-24T15:13:27Z,0.68,"Які були черги до ТЦК, щоб мобілізуватися, у лютому 2022 року",Армія – Медіа Українського війська,https://www.youtube.com/watch?v=WftoK-QBNV8,
тцк,2026-02-24T15:09:38Z,3.13,На Волині судять ексвійськовослужбовців ТЦК та СП: підозрюють хабарництво,ТРК Аверс,https://www.youtube.com/watch?v=ds4jZcUNfJw,Налагодили схему заробітку на ухилянтах? На лаві підсудних опинилися двоє ексвійськових ТЦК та СП. Спритників ...
тцк,2026-02-24T15:01:46Z,4.58,ГАНЬБА! Кримінал кришує ТЦК і заробляє на &quot;клятих ухилянтих&quot;,Денис Галандзовський Новини Світу,https://www.youtube.com/watch?v=z9SSVvr6nNw,Робота для будівельників в Польщі та Бельгії! Заповни заявку і менеджер надасть всі деталі ...
тцк,2026-02-24T15:01:23Z,0.42,Почему уходят в СЗЧ ? #тцк #мобилизация #армия #войнавукраине #военные,Arthur [FreeMan],https://www.youtube.com/watch?v=nDpvWol4B-E,
тцк,2026-02-24T15:00:32Z,0.27,🔥В Одесі 🚐ТЦК-бус Закидали Камінням!,Пильний Дніпрянин,https://www.youtube.com/watch?v=EKDOvpUvRSM,В Одесі ТЦК-бус Закидали Камінням! https://youtube.com/shorts/EKDOvpUvRSM?feature=share Ставте пишіть коментарі ...
тцк,2026-02-24T15:00:04Z,0.12,ТЦК: кремлівська ІПСО чи провали системи? #Зеленський #ТЦК #Мобілізація #Україна #Політика #новини,Публіцист,https://www.youtube.com/watch?v=aTFcagvORic,"Президент говорить про фейки та ШІ, якими рф розганяє тему «бусифікації». Водночас суспільство бачить резонансні ..."
тцк,2026-02-24T14:57:43Z,0.95,ТЦК відмовило у відстрочці,Правовий Захист Дніпро,https://www.youtube.com/watch?v=cRi0A5aYvjM,ТЦК відмовило у відстрочці? Це не завжди законно.Навіть після відмови право може бути — важливо правильно діяти.
тцк,2026-02-24T14:00:13Z,0.2,🔥ТЦК+Поліція Харкова: Синій Бус Краде Людей!,Пильний Дніпрянин,https://www.youtube.com/watch?v=7qmvsd0KtHo,ТЦК+Поліція Харкова: Синій Бус Краде Людей! https://youtube.com/shorts/7qmvsd0KtHo?feature=share Ставте пишіть ...
тцк,2026-02-24T13:42:38Z,0.77,Єновина!Якщо би було правдою можна аплодувати ТЦК? #політика #влада #блог,Блог Разумовського,https://www.youtube.com/watch?v=LehGCpZqWcQ,
тцк,2026-02-24T13:42:37Z,2.98,ТЦК Рівненщини: досвід фронту та виклики мобілізації за 4 роки великої війни,Сфера-ТВ,https://www.youtube.com/watch?v=Tr6E2b6wZ9o,"Люди згадують свої права, але забувають про обов'язки». Військові, які працюють у районному ТЦК на Рівненщині, ..."
тцк,2026-02-24T13:31:02Z,0.98,"Война забрала моё детство, а ТЦК ещё хочет отнять моего отца",Свідки бусифікації,https://www.youtube.com/watch?v=WUyzoKexGyc,
тцк,2026-02-24T13:17:37Z,0.27,Зеленский рассказал правду о ТЦК: Россия виновата,Romanenko Shorts,https://www.youtube.com/watch?v=EfwAsWQZKHI,"Владимир Александрович Зеленский чётко объяснил, кто виноват в издержках ￼бусификации в Украине. Конечно же ..."
тцк,2026-02-24T12:46:21Z,2.8,Как нужно вести себя с мусорами! #рекомендации #рекомендації #рек #україна #поліція #тцк #live #life,Krivbass UA,https://www.youtube.com/watch?v=X9Ud-i-C7E4,
тцк,2026-02-24T12:20:28Z,0.53,"Ухилянти та ТЦК, на чиєму боці правда? Діліться своїми думками в коментарях під цим відео! 👇",Шо По Думках,https://www.youtube.com/watch?v=1zX_C2lMRlE,
тцк беспредел,2026-02-24T12:18:11Z,0.5,Очередной беспредел ТЦК | АНДРЕЙ ЛУГАНСКИЙ,АНДРЕЙ ЛУГАНСКИЙ SHORTS,https://www.youtube.com/watch?v=UgFyUYJ0i_M,
тцк,2026-02-24T12:15:04Z,0.97,Это провал мобилизации !!! #тцк #войнавукраине #мобилизация #армия #военные,Arthur [FreeMan],https://www.youtube.com/watch?v=J4LOMtMyH6A,
тцк,2026-02-24T12:00:43Z,0.63,#тцк #корупція #корупціявукраїні #війна,КОРУПЦІЯ,https://www.youtube.com/watch?v=M_HLsG0hzQo,
тцк,2026-02-24T11:05:46Z,4.17,Зеленський знов заговорив про ТЦК чи буде результат?,Блог Разумовського,https://www.youtube.com/watch?v=IeMPe8EQhxk,Міжнародна та новинна аналітика від Разумовського. Телеграм! https://t.me/ENOVUNA ...
тцк,2026-02-24T11:03:46Z,2.4,Стрілянина під час перевірки документів в Козятині. #поліція #свавілля #стрілянина #тцк #мобілізація,JustTolik,https://www.youtube.com/watch?v=hql1feAUxxQ,"Козятин. 22 лютого. Залізничний вокзал. Звичайна перевірка документів, яка за лічені хвилини перетворилася на ..."
тцк,2026-02-24T11:00:29Z,0.58,🔥Харків: ТЦК та Поліція НАПАДАЮТЬ на Людей!,Пильний Дніпрянин,https://www.youtube.com/watch?v=9KLlwvNdDPE,Харків: ТЦК та Поліція НАПАДАЮТЬ на Людей! https://youtube.com/shorts/9KLlwvNdDPE?feature=share Ставте пишіть ...
тцк,2026-02-24T11:01:04Z,0.18,У Дніпрі ТЦК мобілізував батька-одинака #Дніпро #ТЦК #Мобілізація #Україна #Новини,Публіцист,https://www.youtube.com/watch?v=bjDjSwLM8x0,"У Дніпрі мобілізували чоловіка, який сам виховує малолітню дитину після смерті дружини. Родина заявляє про наявність ..."
тцк,2026-02-24T10:38:36Z,2.58,"Если бы не Россия, то ТЦК в Киеве не было бы? Тариф &quot;Бусик&quot;",Новости Белоруса,https://www.youtube.com/watch?v=_uCVQBCWaCo,Слыхали новость? Белорус с юмором рассказывает последние новости. Подписывайтесь! Телеграм ...
тцк,2026-02-24T10:31:29Z,1.8,В Києві ТЦК схопили чоловіка. Люди кинулись блокувати і визволяти його ,Інсайдер,https://www.youtube.com/watch?v=B4hg2CY2KRQ,київ #тцк #мобілізація_україна #ухилянти #зсу.
тцк,2026-02-24T10:30:39Z,0.08,"Дійсно, у нас є багато викликів з ТЦК, але також є багато дезінформації, багато ШІ.",Світло в вірі shorts,https://www.youtube.com/watch?v=uT1YERjqiDQ,
тцк,2026-02-24T10:28:21Z,1.25,ИСПАНСКИЙ МИТИНГ И ТЕМА ТЦК: ПОЧЕМУ ПАТРИОТЫ ЗА ГРАНИЦЕЙ МОЛЧАТ О БЕСПРЕДЕЛЕ? 🇪🇸,Michael Woke - inside,https://www.youtube.com/watch?v=iqcnP6vDYmc,"Разбор того, кто организует такие акции и почему на них запрещено говорить о проблемах внутри страны — в моем ..."
тцк,2026-02-24T10:01:34Z,3.9,Умань pideru тцк з мусорами викрадають людей!!!,ВОЛОНТЕР,https://www.youtube.com/watch?v=zypEPmlcqFE,
тцк,2026-02-24T09:16:53Z,0.97,Нова підстава зупинки? Поліція та ТЦК перевіряють військовий облік #shorts,Dima Poltava,https://www.youtube.com/watch?v=dvpJ63WbZP8,Поліція та ТЦК зупиняють авто для перевірки військового обліку. Чи є це законною підставою для зупинки? ЗАХИСТИ ...
тцк,2026-02-24T09:10:54Z,0.57,"Дніпро: ТЦК роздягли та побили чоловіка, який заявляв про броню #ТЦК #Мобілізація #Україна #Новини",Публіцист,https://www.youtube.com/watch?v=M-e5Sw38Re4,"У Дніпрі під час мобілізаційних заходів стався конфлікт: за словами очевидців, представники ТЦК роздягли та побили ..."
тцк,2026-02-24T09:01:05Z,0.67,🤯Невідомі Під Виглядом ТЦК Викрадають Людей?,Пильний Дніпрянин,https://www.youtube.com/watch?v=ksfREhtLYJA,Миколаїв Невідомі Під Виглядом ТЦК Викрадають Людей? Я бачу саме це... Тітушки без форми та розпізнавальних ...
тцк,2026-02-24T09:00:58Z,2.87,Як захиститися від свавілля ТЦК,Адвокат Роман Сімутін,https://www.youtube.com/watch?v=imOhuFyWupY,"ТЦК чомусь подали для громадськості скорочене відео, де спотворюється конфліктна ситуація і ви переконалися в цьому на ..."
тцк,2026-02-24T09:01:25Z,0.57,АУДИТ ТЦК І ПОЛІГРАФ ДЛЯ КЕРІВНИКІВ: КРОК ДО ДОВІРИ!,NOW UKRAINE,https://www.youtube.com/watch?v=mRLErcWp_3M,"Військовослужбовець ЗСУ закликає до повної реформи ТЦК: аудит, поліграф для керівників та чіткі декларації доходів."
тцк,2026-02-24T09:02:42Z,0.63,Жесткий спор о ТЦК! #Шарий,Правда Матка,https://www.youtube.com/watch?v=p_JKgH54mHU,На митинге разгорелась настоящая баталия мнений! Звучат аргументы о праве человека отказаться от участия в ...
тцк,2026-02-24T08:29:31Z,0.18,ТЦК шукали Діму #тцк #бусифікація #україна #смішне #собака #село #shorts #смішне #ржака #вірусне,1 КГ,https://www.youtube.com/watch?v=Exym-YfT3WI,
тцк,2026-02-24T07:32:32Z,2.4,"Батько — в окоп, дитина — в дитбудинок? Трагедія в Кривому Розі.#тцк #мобілізація #кривийріг",JustTolik,https://www.youtube.com/watch?v=ZSrqsmTeYPM,"Батько — в окоп, дитина — в дитбудинок? Трагедія в Кривому Розі. ⚖️⛓️ 14-річний хлопець опинився в інтернаті, ..."
тцк,2026-02-24T07:30:31Z,1.0,"Поради всім тим, кого забрало або заберуть ТЦК.",in time Ukraine,https://www.youtube.com/watch?v=g0qlkJ-G-aA,"Advice to all those who have been or will be taken by the TCC. Советы всем тем, кого забрало или заберут ТЦК. Станьте ..."
тцк,2026-02-24T06:56:50Z,0.18,Малолітня коза #україна #funny #ржакадосліз #viral #відеодня #залетить #comedy #тцк #гумор #бабушка,CLIPPY WOW,https://www.youtube.com/watch?v=Tu_bRgrymTk,
тцк,2026-02-24T06:46:00Z,0.57,"ТЦК, поліція - ви давали присягу народові України, а сами пакуєте цивільних.",Україна б'ється,https://www.youtube.com/watch?v=rA3mol7BjWY,"The TCC, the police - you swore an oath to the people of Ukraine, but you are packing civilians. ТЦК, полиция - вы давали ..."
тцк,2026-02-24T06:33:00Z,5.82,"РАЗБОРКИ МЕЖДУ ЦЫГАНАМИ И ТЦК!!! АДВОКАТ ДЕНИС, СТАЛ СВИДЕТЕЛЕМ БЕСПРЕДЕЛА ",POLITYK UA,https://www.youtube.com/watch?v=UrTpTz9HePA,автор видео: https://www.tiktok.com/@denisdrangoi79.
тцк,2026-02-24T06:00:42Z,0.13,Тцк і собака #тцк #україна #зеля #собака,Ukraine Online ,https://www.youtube.com/watch?v=pKHH3anqiwA,
тцк,2026-02-24T05:00:06Z,7.18,"Кто против ТЦК, тот враг Украины - Киевский ОТЦК ",YEVSIUTIN from KYIV CITY,https://www.youtube.com/watch?v=5motKSl0fEU,
тцк,2026-02-24T05:00:00Z,3.02,"Все, кто против ТЦК, готовьтесь",ЄВСЮТІН Shorts,https://www.youtube.com/watch?v=VBB25igymH0,"щоб знати більше, підпишись на Телеграм канал: https://t.me/yevsiutin 🛡️ Ваш захист під час мобілізації – гарантована ..."
тцк,2026-02-24T00:46:25Z,0.18,Пасажир не розгубився і вогнегасником задув ТЦКашників 💪🏻💪🏻 #yarchik #ярчік #тцк #свавілля #українці,Yarchik,https://www.youtube.com/watch?v=xPl_Fa0SG7g,
тцк,2026-02-24T00:26:40Z,0.72,УхилянтМен на стражі ТЦК.#тцк #україна #життя_як_воно_є #тіктокукраїна #україна,Чесна Позиція,https://www.youtube.com/watch?v=bUktcuu7nc0,
тцк,2026-02-23T21:48:04Z,1.78,"ТЦК в школе взорвал  гранату, пострадали дети",Слово за Тарасом,https://www.youtube.com/watch?v=gkrdJL5LvxU,"ТЦК в школе взорвал гранату, пострадали дети."
тцк,2026-02-23T21:45:26Z,1.7,Депутат Дмитро Разумков про роботу ТЦК і Мобілізацію | 2026,ВИШНЕВЕ ,https://www.youtube.com/watch?v=7LLLodXGXTo,"Депутат Дмитро Разумков про роботу ТЦК і Мобілізацію Міський Медіаархів Вишневе Підписуйтесь на наш канал, щоб ..."
тцк,2026-02-23T21:31:27Z,0.8,Як працює ТЦК у Харкові?,АКТУАЛЬНА ПРАВДА,https://www.youtube.com/watch?v=f5tXW3XfW8E,Підтримай: patreon.com/aPravda Телеграм: t.me/aPravdaCom ✓ Твітер: https://twitter.com/apravda.
тцк,2026-02-23T21:08:12Z,0.8,#тцк #корупція #корупціявукраїні #новини,КОРУПЦІЯ,https://www.youtube.com/watch?v=W1OU5m71p_Y,
тцк беспредел,2026-02-28T17:31:58Z,0.67,🔴КИЕВ ! ТЦК и мусорА опять похищают людей с дорог! #тцк,ПОВОРОТ НЕ ТУДА ⚖🚷,https://www.youtube.com/watch?v=Jtx1C2jSE1U,ТЦК. Беспредел ТЦК и Полиции #тцк #полиция #мобилизациявукраине.
тцк беспредел,2026-02-27T12:00:00Z,8.27,"УКРАИНА НА ГРАНИ! Беспредел ТЦК, аресты в СБУ и угрозы Орбана. Что происходит?",Денис Лукьянов Новости Мира,https://www.youtube.com/watch?v=8DraFELIZSI,Лучший сервис денежных переводов из Европы в Украину! Мой промокод на 3 перевода с лучшими тарифами: Lukianov26 ...
тцк беспредел,2026-02-26T15:02:23Z,4.73,Системный БЕСПРЕДЕЛ ТЦК: Кто Дал Карт-Бланш на Охоту?,Менеджер Новостей,https://www.youtube.com/watch?v=nmglktu-xN4,"В Харькове ТЦК вышли на новый уровень беспредела, теперь под прицелом девушки, а мэр Терехов оказался под ..."
тцк беспредел,2026-02-25T17:41:47Z,1.67,ТЦК УСТРАИВАЮТ БЕСПРЕДЕЛ В УКРАИНЕ!,Avenger Prime,https://www.youtube.com/watch?v=qP6jv-ms43M,
тцк беспредел,2026-02-25T09:00:29Z,4.78,"«ОН УЛЫБАЕТСЯ!» Денис ЕЛИСЕВИЧ об интервью Зеленского, где он покрывает беспредел ТЦК",Yelisevych TV,https://www.youtube.com/watch?v=OP6DDIAtg5k,"Новое обращение Зеленского — это чистый фейк и телевизионный пафос, за которым скрывается реальная ..."
хватают людей,2026-02-25T22:49:51Z,0.92,"В Одессе вновь фиксируются случаи, когда людей фактически хватают на улице или на рабочем месте и на",The Nation State,https://www.youtube.com/watch?v=PEzJIxQszBA,"В Одессе вновь фиксируются случаи, когда людей фактически хватают на улице или на рабочем месте и называют это ..."
хватают людей,2026-02-23T08:12:00Z,0.33,Не хватает людей и техники,Коля Рассеянный ,https://www.youtube.com/watch?v=pVtEN69PnmQ,
